id,timestamp,longitude,latitude,altitude,site_count
0,1.31738833052511e+18,8.4761469953335,48.972104544468,201.86813354492,5
1,1.3173883306351e+18,8.4761506974488,48.972103212661,201.88606262207,5
2,1.31738833073511e+18,8.4761540984525,48.972101969074,201.89958190918,5
3,1.31738833083509e+18,8.4761575461539,48.972100683204,201.91000366211,5
4,1.31738833094512e+18,8.4761614245053,48.972099230471,201.92018127441,5
5,1.31738833104508e+18,8.4761650363632,48.972097888491,201.93000793457,5
6,1.31738833114507e+18,8.4761687215859,48.972096516454,201.94007873535,5
7,1.31738833125523e+18,8.4761729769417,48.972094987606,201.95683288574,5
8,1.31738833135512e+18,8.4761770390486,48.972093574453,201.97337341309,5
9,1.31738833145532e+18,8.4761812295978,48.972092201935,201.98735046387,5
10,1.31738833156505e+18,8.4761860216697,48.972090677762,202.00360107422,5
11,1.31738833166508e+18,8.4761905475582,48.972089295595,202.01951599121,5
12,1.31738833176508e+18,8.4761952383409,48.972087969042,202.03733825684,5
13,1.31738833187529e+18,8.4762006199991,48.972086643819,202.05844116211,5
14,1.3173883319751e+18,8.4762057149235,48.972085468416,202.07861328125,5
15,1.31738833208507e+18,8.4762115400307,48.972084195041,202.09976196289,5
16,1.3173883321851e+18,8.4762170193456,48.972083017273,202.11943054199,5
17,1.31738833228507e+18,8.4762226833907,48.972081830807,202.13777160645,5
18,1.31738833239517e+18,8.4762291496399,48.972080531247,202.15699768066,5
19,1.31738833249503e+18,8.4762352182394,48.972079381005,202.17658996582,7
20,1.31738833260504e+18,8.4762420990631,48.972078068355,202.19905090332,7
21,1.31738833270503e+18,8.4762485353183,48.972076855178,202.22389221191,7
22,1.31738833280504e+18,8.4762551551125,48.972075619041,202.25122070312,7
23,1.31738833291514e+18,8.4762626216945,48.972074301995,202.28096008301,5
24,1.31738833301504e+18,8.4762696236484,48.972073136088,202.3056640625,5
25,1.31738833312501e+18,8.4762774676789,48.972071848348,202.3422088623,5
26,1.31738833322506e+18,8.4762846854341,48.97207064747,202.38531494141,5
27,1.31738833332501e+18,8.4762920641547,48.972069447143,202.42617797852,5
28,1.31738833343509e+18,8.4763003544095,48.972068182815,202.46810913086,7
29,1.31738833353504e+18,8.4763081283511,48.972067073293,202.50805664062,7
30,1.31738833364505e+18,8.4763168579092,48.972065857662,202.55178833008,7
31,1.31738833374511e+18,8.4763249985712,48.972064794187,202.58871459961,7
32,1.31738833384502e+18,8.4763333355038,48.972063739068,202.62300109863,7
33,1.3173883339551e+18,8.4763427457091,48.972062594217,202.67094421387,7
34,1.31738833405509e+18,8.4763514387971,48.972061556946,202.7181854248,7
35,1.31738833416506e+18,8.4763612089941,48.972060431235,202.78477478027,4
36,1.31738833426501e+18,8.4763702258955,48.972059482547,202.8533782959,4
37,1.3173883343652e+18,8.4763794143181,48.972058575196,202.93124389648,4
38,1.31738833447504e+18,8.4763896912299,48.972057611327,203.0230255127,4
39,1.31738833457502e+18,8.476399219769,48.972056738889,203.1117401123,4
40,1.317388334685e+18,8.47640985198,48.972055795781,203.21710205078,4
41,1.31738833478502e+18,8.4764196600672,48.972054916907,203.32015991211,4
42,1.31738833488519e+18,8.4764295970596,48.972054065978,203.42448425293,5
43,1.31738833499501e+18,8.4764406769826,48.972053172647,203.53950500488,5
44,1.31738833512502e+18,8.4764540663619,48.972052181739,203.68238830566,5
45,1.31738833520504e+18,8.476462440048,48.972051678655,203.7767791748,5
46,1.31738833530504e+18,8.4764729968141,48.972051071483,203.88966369629,5
47,1.31738833540501e+18,8.4764836889056,48.972050551749,204.00186157227,5
48,1.31738833551501e+18,8.4764955646318,48.972049993298,204.11582946777,6
49,1.31738833561497e+18,8.4765065127202,48.972049551469,204.21759033203,6
50,1.31738833572499e+18,8.4765186941166,48.972049116688,204.32739257812,6
51,1.31738833582497e+18,8.4765299215275,48.972048804044,204.42988586426,6
52,1.31738833592525e+18,8.4765412807623,48.97204852117,204.53218078613,6
53,1.31738833603499e+18,8.4765539492348,48.972048280242,204.64492797852,5
54,1.31738833613501e+18,8.4765656244523,48.972048129416,204.74540710449,5
55,1.31738833624498e+18,8.4765786281645,48.972048025545,204.85499572754,5
56,1.31738833634499e+18,8.4765906117155,48.972047982478,204.94952392578,5
57,1.31738833644502e+18,8.4766027502721,48.97204800559,205.03887939453,5
58,1.31738833655512e+18,8.4766162974211,48.972048107476,205.13781738281,4
59,1.31738833665513e+18,8.4766287821715,48.972048238673,205.22898864746,4
60,1.31738833675508e+18,8.4766414335729,48.972048422597,205.31997680664,4
61,1.31738833686525e+18,8.4766555168649,48.97204867809,205.41828918457,4
62,1.317388336965e+18,8.4766686393159,48.972048894421,205.51138305664,4
63,1.31738833707494e+18,8.4766833187895,48.97204913334,205.61860656738,6
64,1.31738833717494e+18,8.4766968911232,48.972049338274,205.71969604492,6
65,1.3173883372751e+18,8.4767105682227,48.972049572579,205.81875610352,6
66,1.3173883373851e+18,8.4767257758402,48.972049915528,205.92565917969,6
67,1.31738833748496e+18,8.4767396940424,48.972050260235,206.02362060547,4
68,1.31738833759494e+18,8.4767550724483,48.972050661252,206.13430786133,4
69,1.31738833769495e+18,8.4767690528855,48.972051057583,206.23719787598,4
70,1.31738833779496e+18,8.4767830199175,48.972051475527,206.33885192871,4
71,1.31738833790512e+18,8.4767983678531,48.972051994637,206.4467010498,5
72,1.31738833800496e+18,8.4768122940923,48.972052532116,206.5386505127,5
73,1.31738833811496e+18,8.4768277058428,48.972053261475,206.63890075684,5
74,1.31738833821495e+18,8.4768418144103,48.972054122202,206.72991943359,5
75,1.31738833831492e+18,8.4768558129119,48.972055136782,206.8212890625,5
76,1.31738833842518e+18,8.4768711680292,48.972056291997,206.92253112793,4
77,1.31738833852492e+18,8.4768849807228,48.972057533627,207.00514221191,4
78,1.31738833862494e+18,8.4768988122611,48.972058765743,207.08930969238,4
79,1.31738833873493e+18,8.4769140062686,48.972060202635,207.18208312988,4
80,1.31738833883492e+18,8.476927847903,48.972061502681,207.27548217773,4
81,1.31738833894496e+18,8.4769430804929,48.972063012328,207.38563537598,4
82,1.31738833904498e+18,8.4769569532158,48.972064419788,207.48554992676,4
83,1.31738833914497e+18,8.4769708505516,48.972065866981,207.57522583008,4
84,1.31738833925507e+18,8.4769861659256,48.972067511927,207.66143798828,6
85,1.31738833935511e+18,8.4770001012516,48.972069035752,207.74285888672,6
86,1.31738833945498e+18,8.4770139917924,48.972070666542,207.82141113281,6
87,1.31738833956492e+18,8.4770292826157,48.972072529493,207.9137878418,6
88,1.3173883396649e+18,8.4770431631995,48.972074339945,208.00419616699,6
89,1.31738833977506e+18,8.4770584704109,48.972076364203,208.10903930664,3
90,1.31738833987514e+18,8.4770723773012,48.972078303781,208.2022857666,3
91,1.31738833997493e+18,8.4770863251886,48.972080290912,208.29498291016,3
92,1.31738834008491e+18,8.4771016852661,48.972082581732,208.39831542969,3
93,1.31738834018494e+18,8.4771156829786,48.972084737397,208.49401855469,5
94,1.31738834029489e+18,8.4771311010958,48.9720872071,208.59941101074,5
95,1.31738834039507e+18,8.4771451497792,48.972089534742,208.69720458984,5
96,1.31738834049489e+18,8.4771592169767,48.972091948907,208.7975769043,5
97,1.31738834060492e+18,8.4771746305541,48.972094834869,208.91270446777,7
98,1.31738834070493e+18,8.4771886676801,48.972097542831,209.01564025879,7
99,1.31738834080487e+18,8.4772027517686,48.972100406972,209.12420654297,7
100,1.31738834091509e+18,8.4772183087206,48.972103614937,209.24098205566,7
101,1.31738834101488e+18,8.4772324685797,48.972106667285,209.35232543945,7
102,1.31738834112487e+18,8.4772480790411,48.972110004725,209.47497558594,5
103,1.31738834122486e+18,8.4772622786824,48.972113131488,209.58863830566,5
104,1.31738834132488e+18,8.4772765245141,48.97211631178,209.69812011719,4
105,1.3173883414349e+18,8.4772922093835,48.972119900259,209.82026672363,4
106,1.31738834153488e+18,8.4773064939728,48.972123266937,209.93202209473,6
107,1.31738834163487e+18,8.4773207727288,48.972126759368,210.04425048828,6
108,1.31738834174487e+18,8.4773365521899,48.972130598592,210.17657470703,6
109,1.31738834184488e+18,8.4773508941982,48.972134147975,210.28828430176,6
110,1.31738834195512e+18,8.4773666806345,48.972138143617,210.41105651855,4
111,1.31738834205491e+18,8.4773810915559,48.972141845398,210.52253723145,4
112,1.31738834215486e+18,8.4773955822911,48.972145619887,210.63327026367,4
113,1.31738834226489e+18,8.4774115406464,48.972149831503,210.75581359863,4
114,1.31738834236511e+18,8.4774260433067,48.972153752459,210.87089538574,6
115,1.31738834246491e+18,8.4774405703233,48.972157719477,210.99214172363,6
116,1.31738834257483e+18,8.4774565744351,48.972162143634,211.13243103027,6
117,1.31738834267488e+18,8.4774711231291,48.97216625312,211.25834655762,6
118,1.31738834278483e+18,8.4774871154346,48.972170910324,211.3968963623,4
119,1.31738834288499e+18,8.4775016316865,48.972175295226,211.52307128906,4
120,1.31738834298489e+18,8.4775160961755,48.972179803222,211.64552307129,4
121,1.31738834309484e+18,8.4775319702481,48.972184912745,211.77409362793,4
122,1.31738834319485e+18,8.4775463663378,48.972189669908,211.89395141602,4
123,1.31738834329484e+18,8.4775607232027,48.972194543793,212.01728820801,4
124,1.31738834340487e+18,8.4775764732991,48.972200010797,212.15991210938,4
125,1.31738834350482e+18,8.4775907298404,48.972205101173,212.29078674316,4
126,1.31738834360482e+18,8.4776049343351,48.972210345974,212.41619873047,4
127,1.31738834371484e+18,8.4776204927965,48.972216260204,212.55317687988,5
128,1.31738834381484e+18,8.4776345774942,48.972221789291,212.67910766602,5
129,1.31738834392504e+18,8.4776499937593,48.972228004289,212.81993103027,3
130,1.31738834402483e+18,8.4776639584214,48.972233789979,212.94848632812,3
131,1.31738834412482e+18,8.4776778775289,48.972239692216,213.0795135498,6
132,1.31738834423484e+18,8.4776931283458,48.972246306566,213.22355651855,6
133,1.31738834433481e+18,8.4777069442622,48.972252421273,213.35061645508,6
134,1.31738834443484e+18,8.4777207048304,48.972258610464,213.47494506836,6
135,1.31738834454487e+18,8.4777357947441,48.972265518754,213.61337280273,5
136,1.31738834464481e+18,8.4777494281673,48.972271867542,213.74345397949,5
137,1.317388344755e+18,8.4777643452222,48.972278913726,213.88998413086,5
138,1.317388344855e+18,8.4777778214515,48.972285359187,214.02786254883,5
139,1.31738834495497e+18,8.4777912177285,48.972291832876,214.16940307617,5
140,1.31738834506477e+18,8.4778058515782,48.972298968581,214.32110595703,6
141,1.31738834516481e+18,8.4778190616581,48.972305467882,214.45283508301,5
142,1.31738834526484e+18,8.477832178304,48.972311980397,214.58151245117,5
143,1.31738834537494e+18,8.4778465179554,48.972319143435,214.72235107422,5
144,1.31738834547479e+18,8.4778594496108,48.972325648935,214.84883117676,5
145,1.31738834558479e+18,8.4778736054404,48.972332759688,214.97846984863,7
146,1.31738834568479e+18,8.4778861727803,48.97233915515,215.1025390625,7
147,1.31738834578481e+18,8.4778985972266,48.972345503517,215.22857666016,5
148,1.317388345895e+18,8.4779121741927,48.972352540122,215.36033630371,5
149,1.31738834599479e+18,8.4779243073238,48.972358921791,215.47271728516,8
150,1.31738834609478e+18,8.4779363787538,48.972365247897,215.58399963379,8
151,1.3173883462048e+18,8.477949467855,48.972372153545,215.70655822754,8
152,1.31738834630481e+18,8.4779611523438,48.972378457833,215.81753540039,5
153,1.3173883464148e+18,8.4779738658829,48.972385334169,215.93858337402,5
154,1.31738834651479e+18,8.4779854095382,48.972391501263,216.04931640625,5
155,1.31738834661477e+18,8.47799693931,48.972397597274,216.1591796875,7
156,1.31738834672478e+18,8.47800976472,48.972404194261,216.27168273926,7
157,1.31738834682481e+18,8.4780214309385,48.972410109364,216.37705993652,7
158,1.31738834692493e+18,8.4780331049583,48.972415955964,216.48028564453,5
159,1.31738834703478e+18,8.4780459940328,48.972422269068,216.59408569336,5
160,1.31738834713467e+18,8.4780577546636,48.972427923465,216.69560241699,7
161,1.31738834724475e+18,8.4780707389061,48.972434021104,216.80921936035,7
162,1.31738834734475e+18,8.4780826224879,48.9724394362,216.90795898438,7
163,1.31738834744483e+18,8.4780946219752,48.972444681767,217.00621032715,7
164,1.31738834755489e+18,8.4781079758885,48.972450343214,217.11155700684,7
165,1.31738834765493e+18,8.4781201978663,48.97245538703,217.20863342285,4
166,1.31738834776473e+18,8.4781337276182,48.972460773453,217.31343078613,4
167,1.31738834786484e+18,8.4781460453287,48.972465588071,217.39782714844,4
168,1.31738834796478e+18,8.4781583545695,48.97247025905,217.48292541504,4
169,1.31738834807474e+18,8.4781719085828,48.972475234636,217.57487487793,4
170,1.31738834817474e+18,8.4781841870866,48.972479609927,217.66482543945,7
171,1.3173883482749e+18,8.4781964810569,48.972483842819,217.75325012207,7
172,1.31738834838499e+18,8.4782099279496,48.972488350761,217.85801696777,7
173,1.31738834848471e+18,8.4782221418954,48.97249230484,217.95037841797,6
174,1.31738834859473e+18,8.4782355191096,48.972496509767,218.05126953125,6
175,1.3173883486947e+18,8.4782476473179,48.972500217417,218.13710021973,6
176,1.31738834879471e+18,8.4782597252935,48.972503794655,218.22462463379,6
177,1.31738834890483e+18,8.4782729760911,48.97250757743,218.32188415527,6
178,1.31738834900473e+18,8.4782849106022,48.972510968232,218.41175842285,6
179,1.31738834910477e+18,8.4782968087057,48.97251424243,218.50128173828,6
180,1.31738834921471e+18,8.4783098492722,48.972517716053,218.59579467773,4
181,1.3173883493147e+18,8.4783216738015,48.972520750252,218.67916870117,4
182,1.3173883494249e+18,8.4783346088678,48.972523980483,218.7692565918,4
183,1.3173883495247e+18,8.4783462508141,48.972526783626,218.84945678711,4
184,1.31738834962469e+18,8.478357645457,48.972529477569,218.92060852051,5
185,1.31738834973471e+18,8.4783701699598,48.972532316308,219.00038146973,8
186,1.31738834983471e+18,8.4783812898813,48.972534788111,219.06958007812,8
187,1.31738834993474e+18,8.4783924147745,48.972537155969,219.13989257812,8
188,1.31738835004484e+18,8.4784045842565,48.97253960055,219.21578979492,8
189,1.3173883501447e+18,8.478415656132,48.972541668248,219.28335571289,8
190,1.31738835025483e+18,8.4784277149258,48.972543821221,219.35174560547,3
191,1.31738835035476e+18,8.4784386411817,48.972545657547,219.4112701416,3
192,1.31738835045472e+18,8.4784495428881,48.972547369719,219.46881103516,3
193,1.31738835056471e+18,8.4784615209235,48.97254911172,219.53326416016,3
194,1.31738835066475e+18,8.47847244,48.972550596619,219.5947265625,3
195,1.31738835077485e+18,8.478484445518,48.972552092081,219.66186523438,3
196,1.31738835087488e+18,8.4784953812796,48.972553326451,219.72122192383,6
197,1.3173883509747e+18,8.4785063122266,48.972554404011,219.78315734863,6
198,1.31738835108469e+18,8.4785183980822,48.972555470076,219.85061645508,6
199,1.31738835118466e+18,8.4785293436186,48.972556287319,219.92034912109,6
200,1.31738835128467e+18,8.4785403448213,48.972556997221,219.97720336914,6
201,1.31738835139491e+18,8.4785524922951,48.972557683,220.03768920898,5
202,1.31738835149466e+18,8.4785636026831,48.972558248384,220.09150695801,5
203,1.31738835160471e+18,8.4785758555878,48.97255875039,220.15138244629,5
204,1.31738835170467e+18,8.4785870616645,48.972559108843,220.20193481445,5
205,1.31738835180467e+18,8.4785983332001,48.97255934792,220.24783325195,5
206,1.31738835191473e+18,8.4786108785706,48.97255955689,220.28997802734,5
207,1.31738835201467e+18,8.478622379294,48.97255970615,220.3317565918,6
208,1.31738835211465e+18,8.4786340034709,48.972559783549,220.37362670898,6
209,1.31738835222471e+18,8.4786469346378,48.972559858424,220.42291259766,6
210,1.31738835232465e+18,8.4786588398094,48.972559865062,220.46305847168,6
211,1.3173883524347e+18,8.4786720944409,48.972559816741,220.5043182373,6
212,1.31738835253467e+18,8.4786843082679,48.972559688132,220.53953552246,7
213,1.31738835263467e+18,8.4786966800867,48.972559513325,220.57572937012,7
214,1.31738835274466e+18,8.4787104616419,48.972559235744,220.61318969727,7
215,1.31738835284464e+18,8.4787231548492,48.972558922685,220.64541625977,7
216,1.31738835294475e+18,8.4787359868465,48.972558524223,220.67652893066,7
217,1.31738835305467e+18,8.4787502770456,48.97255797309,220.7100982666,5
218,1.31738835315468e+18,8.4787634147926,48.972557398067,220.7409362793,5
219,1.31738835326467e+18,8.4787780400925,48.972556655227,220.77616882324,5
220,1.31738835336472e+18,8.4787914791553,48.972555871923,220.8123626709,5
221,1.31738835346474e+18,8.4788050383941,48.972554859232,220.85629272461,7
222,1.31738835357465e+18,8.4788201097224,48.972553592161,220.90324401855,7
223,1.31738835367462e+18,8.4788339251107,48.972552202695,220.94374084473,7
224,1.31738835378467e+18,8.4788492439672,48.972550513889,220.98329162598,7
225,1.31738835388471e+18,8.4788632065979,48.972548670192,221.02436828613,5
226,1.31738835398466e+18,8.4788772711748,48.972546628723,221.06391906738,5
227,1.31738835409464e+18,8.4788928296152,48.972544124873,221.10668945312,5
228,1.31738835419464e+18,8.4789070673726,48.97254164181,221.1393737793,5
229,1.31738835430463e+18,8.4789228672894,48.972538585658,221.17237854004,5
230,1.31738835440483e+18,8.4789372620388,48.972535589334,221.19471740723,5
231,1.31738835450472e+18,8.4789516830658,48.97253235972,221.21321105957,5
232,1.31738835461467e+18,8.4789676318617,48.972528497689,221.22760009766,5
233,1.31738835471464e+18,8.4789821557065,48.972524773997,221.24502563477,5
234,1.31738835481462e+18,8.4789967580371,48.972520768192,221.26107788086,6
235,1.31738835492488e+18,8.479012894943,48.972516108106,221.27265930176,6
236,1.31738835502462e+18,8.4790275813312,48.972511614195,221.2834777832,6
237,1.3173883551346e+18,8.479043662625,48.972506494385,221.298828125,6
238,1.31738835523461e+18,8.4790582693288,48.972501571143,221.31170654297,4
239,1.31738835533461e+18,8.4790728225144,48.972496453263,221.32548522949,4
240,1.31738835544469e+18,8.4790888060502,48.972490523894,221.3408203125,6
241,1.31738835554461e+18,8.4791033248192,48.972484879467,221.35366821289,6
242,1.31738835564462e+18,8.479117804222,48.972479019042,221.37196350098,5
243,1.31738835575471e+18,8.4791336196133,48.972472293109,221.40100097656,5
244,1.31738835585483e+18,8.4791479503845,48.972465962049,221.4261932373,5
245,1.31738835596466e+18,8.4791636396287,48.972458706617,221.45932006836,5
246,1.31738835606465e+18,8.479177851783,48.972451905725,221.49449157715,7
247,1.31738835616457e+18,8.4791919772142,48.972444879207,221.53927612305,7
248,1.31738835627476e+18,8.4792074723313,48.972436921645,221.5923614502,7
249,1.31738835637472e+18,8.4792214904498,48.972429415803,221.65286254883,7
250,1.31738835647465e+18,8.4792353826794,48.972421704317,221.71365356445,7
251,1.31738835658458e+18,8.4792505028043,48.972412988219,221.77801513672,7
252,1.31738835668458e+18,8.4792641179383,48.972404880098,221.83767700195,7
253,1.31738835679458e+18,8.4792790243095,48.972395751685,221.91273498535,7
254,1.31738835689483e+18,8.4792924794427,48.972387253363,221.9776763916,7
255,1.31738835699458e+18,8.4793057891012,48.972378554325,222.03779602051,7
256,1.31738835710459e+18,8.479320223564,48.972368725469,222.10781860352,6
257,1.31738835720456e+18,8.4793331676184,48.972359561545,222.17727661133,6
258,1.31738835730459e+18,8.4793459697548,48.972350193295,222.25277709961,6
259,1.31738835741471e+18,8.4793597875701,48.972339676431,222.33937072754,6
260,1.3173883575146e+18,8.4793722146284,48.972329870877,222.42819213867,6
261,1.31738835762464e+18,8.4793855181859,48.972318858941,222.5340423584,6
262,1.3173883577245e+18,8.47939736791,48.972308576407,222.63212585449,6
263,1.31738835782458e+18,8.4794087968498,48.97229807096,222.73324584961,8
264,1.31738835793468e+18,8.4794209563989,48.972286225552,222.84979248047,8
265,1.31738835803454e+18,8.4794315218414,48.972275215015,222.95664978027,6
266,1.31738835814456e+18,8.4794426831831,48.97226284021,223.0806427002,6
267,1.31738835824454e+18,8.4794523090215,48.972251384868,223.19618225098,6
268,1.31738835834457e+18,8.4794614922716,48.972239738491,223.31462097168,6
269,1.31738835845456e+18,8.4794710762392,48.972226690449,223.45442199707,6
270,1.31738835855452e+18,8.4794793223154,48.972214677363,223.58731079102,7
271,1.31738835865455e+18,8.4794871724665,48.972202492543,223.72473144531,7
272,1.31738835876452e+18,8.4794952536313,48.972188947289,223.8758392334,5
273,1.31738835886458e+18,8.4795022014756,48.972176483489,224.01422119141,8
274,1.31738835897455e+18,8.4795093572196,48.972162647916,224.16703796387,8
275,1.3173883590745e+18,8.4795154939574,48.972149940364,224.31076049805,6
276,1.31738835917451e+18,8.4795212178123,48.972137152066,224.45959472656,6
277,1.3173883592845e+18,8.4795270990609,48.972122974472,224.63346862793,6
278,1.31738835938457e+18,8.4795320376574,48.972110020685,224.79000854492,6
279,1.3173883594845e+18,8.4795365995035,48.97209706067,224.94520568848,6
280,1.31738835959447e+18,8.4795411400979,48.972082827477,225.1155090332,6
281,1.31738835969456e+18,8.4795448023881,48.972069941568,225.26657104492,6
282,1.31738835980451e+18,8.4795483154183,48.972055839573,225.42692565918,6
283,1.31738835990472e+18,8.4795510359404,48.972043086975,225.57211303711,7
284,1.31738836000449e+18,8.4795533412645,48.972030369972,225.72059631348,4
285,1.3173883601145e+18,8.4795553681801,48.972016476775,225.88290405273,4
286,1.31738836021446e+18,8.4795567485011,48.972003916144,226.02590942383,4
287,1.31738836031447e+18,8.4795576536743,48.971991457974,226.16479492188,6
288,1.3173883604247e+18,8.4795581473232,48.971977861209,226.31202697754,6
289,1.31738836052449e+18,8.4795580999388,48.971965620533,226.44032287598,6
290,1.31738836062462e+18,8.4795576361819,48.97195348988,226.5666809082,4
291,1.3173883607345e+18,8.4795566253333,48.971940289673,226.70259094238,4
292,1.31738836083449e+18,8.4795552835597,48.971928422466,226.8254699707,4
293,1.31738836094461e+18,8.4795533836241,48.971915525644,226.95837402344,7
294,1.31738836104449e+18,8.47955128296,48.971903932722,227.07769775391,7
295,1.31738836114448e+18,8.4795488436378,48.971892490911,227.1921081543,6
296,1.31738836125465e+18,8.4795457794188,48.971880103525,227.31771850586,3
297,1.31738836135471e+18,8.4795426818295,48.971868999378,227.4376373291,3
298,1.31738836145456e+18,8.479539302528,48.97185805077,227.56785583496,3
299,1.31738836156451e+18,8.4795352950215,48.971846180865,227.71765136719,6
300,1.31738836166446e+18,8.4795313328063,48.971835551977,227.85110473633,6
301,1.31738836177462e+18,8.4795266670533,48.971824000614,227.99783325195,6
302,1.31738836187453e+18,8.4795221110061,48.97181365136,228.12977600098,6
303,1.31738836197449e+18,8.4795173085481,48.971803423197,228.25846862793,4
304,1.31738836208445e+18,8.4795117094169,48.971792349397,228.39747619629,4
305,1.3173883621845e+18,8.4795064087797,48.971782413837,228.52146911621,4
306,1.31738836228445e+18,8.4795008993749,48.971772629807,228.64302062988,3
307,1.31738836239473e+18,8.4794945718444,48.971762050202,228.78454589844,3
308,1.31738836249443e+18,8.4794885867493,48.971752619237,228.91485595703,3
309,1.31738836260445e+18,8.4794818195026,48.971742409322,229.05062866211,5
310,1.31738836270443e+18,8.479475545204,48.971733307886,229.17008972168,3
311,1.31738836280445e+18,8.4794691712834,48.971724359677,229.28164672852,3
312,1.31738836291471e+18,8.4794620908143,48.971714687384,229.39916992188,3
313,1.31738836301444e+18,8.4794556221528,48.971706034868,229.50468444824,3
314,1.31738836311443e+18,8.4794491557335,48.971697512533,229.61346435547,4
315,1.31738836322442e+18,8.4794420316952,48.971688287949,229.73248291016,4
316,1.31738836332443e+18,8.4794355321093,48.971679980812,229.83990478516,4
317,1.31738836343448e+18,8.4794283581274,48.97167094682,229.97486877441,4
318,1.31738836353443e+18,8.4794218247478,48.971662816423,230.09185791016,5
319,1.31738836363442e+18,8.4794153367827,48.971654773606,230.19309997559,4
320,1.31738836374453e+18,8.4794082645424,48.971646014664,230.2951965332,4
321,1.3173883638444e+18,8.4794019009107,48.971638110073,230.38710021973,4
322,1.31738836394445e+18,8.4793955833717,48.971630253791,230.48262023926,4
323,1.31738836405442e+18,8.4793887179681,48.971621660852,230.59039306641,5
324,1.31738836415443e+18,8.4793825296655,48.97161388861,230.685546875,5
325,1.31738836426443e+18,8.4793758531985,48.971605376381,230.79214477539,5
326,1.31738836436456e+18,8.4793698472168,48.971597660357,230.88874816895,5
327,1.31738836446451e+18,8.4793638914371,48.971589962316,230.98849487305,5
328,1.31738836457438e+18,8.4793574498568,48.971581506898,231.10160827637,6
329,1.31738836467441e+18,8.4793516687316,48.971573834124,231.20211791992,6
330,1.31738836477454e+18,8.4793460090865,48.971566159134,231.29817199707,6
331,1.31738836488457e+18,8.4793398859874,48.971557698601,231.40632629395,6
332,1.31738836498444e+18,8.479334430491,48.971550007676,231.50639343262,6
333,1.31738836509441e+18,8.4793285384418,48.971541540414,231.61434936523,5
334,1.31738836519439e+18,8.4793232778584,48.971533842374,231.71226501465,5
335,1.31738836529444e+18,8.4793181189948,48.971526141483,231.80824279785,5
336,1.31738836540452e+18,8.4793125603087,48.971517675186,231.90783691406,5
337,1.3173883655044e+18,8.4793075705885,48.971509975525,231.9987487793,5
338,1.31738836560438e+18,8.4793026850164,48.971502267315,232.09321594238,3
339,1.31738836571439e+18,8.4792974434748,48.97149377731,232.19773864746,4
340,1.31738836581438e+18,8.4792927435149,48.971486057061,232.29498291016,4
341,1.31738836591457e+18,8.4792881531687,48.971478326532,232.39582824707,4
342,1.31738836602444e+18,8.479283207289,48.971469810258,232.50189208984,3
343,1.31738836612437e+18,8.4792788061463,48.97146206749,232.59524536133,3
344,1.31738836623437e+18,8.479274037835,48.971453546789,232.693359375,3
345,1.31738836633435e+18,8.4792697952307,48.971445798804,232.7840423584,3
346,1.3173883664344e+18,8.4792656239473,48.971438058347,232.87538146973,3
347,1.31738836654438e+18,8.4792611862985,48.97142955187,232.97340393066,3
348,1.31738836664434e+18,8.479257277926,48.971421846664,233.0609588623,3
349,1.31738836675449e+18,8.4792531417655,48.971413365715,233.16096496582,3
350,1.3173883668545e+18,8.4792494947628,48.971405601826,233.25282287598,3
351,1.31738836695464e+18,8.4792458815522,48.971397795108,233.34248352051,3
352,1.31738836706436e+18,8.4792419397631,48.971389157141,233.43536376953,2
353,1.31738836716435e+18,8.4792383433795,48.971381242742,233.52233886719,2
354,1.31738836726433e+18,8.4792347597419,48.971373288101,233.61148071289,1
355,1.31738836737457e+18,8.4792308019805,48.971364471941,233.7141418457,1
356,1.31738836747434e+18,8.4792272281416,48.971356435737,233.80688476562,0
357,1.31738836758438e+18,8.4792232955085,48.971347534359,233.91363525391,0
358,1.31738836768433e+18,8.4792198179824,48.971339412257,234.01609802246,0
359,1.31738836778433e+18,8.4792163609907,48.971331254884,234.1197052002,0
360,1.31738836789448e+18,8.4792125429928,48.971322258705,234.2353515625,0
361,1.31738836799433e+18,8.4792091099301,48.971314055243,234.33190917969,0
362,1.31738836809434e+18,8.4792056820243,48.971305831555,234.42495727539,0
363,1.31738836820436e+18,8.4792019969155,48.971296762164,234.53343200684,0
364,1.31738836830437e+18,8.4791987526775,48.971288487028,234.63269042969,0
365,1.31738836841438e+18,8.4791952900484,48.971279388417,234.7393951416,1
366,1.31738836851434e+18,8.4791922731993,48.971271117723,234.837890625,1
367,1.31738836861431e+18,8.4791893895017,48.971262828101,234.93399047852,1
368,1.31738836872434e+18,8.4791863563155,48.971253679022,235.04081726074,1
369,1.31738836882431e+18,8.4791837914205,48.97124534664,235.14224243164,1
370,1.31738836892469e+18,8.4791813562845,48.971236995665,235.24147033691,3
371,1.31738836903432e+18,8.4791788474884,48.971227802419,235.34591674805,3
372,1.31738836913431e+18,8.47917673749,48.971219425719,235.44012451172,3
373,1.3173883692443e+18,8.4791745476181,48.971210207093,235.54811096191,0
374,1.3173883693443e+18,8.4791727004065,48.971201814278,235.65034484863,2
375,1.31738836944436e+18,8.4791709746837,48.971193419053,235.75178527832,2
376,1.31738836955436e+18,8.4791692529488,48.97118416663,235.86219787598,2
377,1.31738836965433e+18,8.4791678054846,48.971175748829,235.96192932129,2
378,1.3173883697544e+18,8.4791664733245,48.971167329538,236.06137084961,5
379,1.31738836986455e+18,8.4791651235892,48.971158090347,236.16697692871,5
380,1.31738836996434e+18,8.4791640109014,48.971149711412,236.26268005371,5
381,1.31738837007431e+18,8.4791628949572,48.97114051237,236.36457824707,5
382,1.31738837017429e+18,8.479162021435,48.971132194922,236.46185302734,5
383,1.31738837027444e+18,8.4791612618712,48.971123901634,236.55841064453,5
384,1.31738837038452e+18,8.4791605356281,48.971114837863,236.6609954834,5
385,1.3173883704843e+18,8.479159981357,48.971106616243,236.75564575195,5
386,1.31738837059429e+18,8.479159562635,48.971097596932,236.85456848145,5
387,1.31738837069429e+18,8.4791593003549,48.971089425784,236.93943786621,5
388,1.31738837079429e+18,8.479159143269,48.971081273193,237.02119445801,5
389,1.31738837090448e+18,8.4791591411414,48.971072342826,237.11212158203,5
390,1.31738837100429e+18,8.4791592370263,48.971064236582,237.1951751709,5
391,1.31738837110427e+18,8.4791594464277,48.971056155122,237.27401733398,4
392,1.31738837121429e+18,8.4791597908951,48.971047267462,237.35780334473,4
393,1.31738837131426e+18,8.4791602355038,48.971039249189,237.43322753906,4
394,1.31738837141435e+18,8.4791607778452,48.97103120358,237.50985717773,4
395,1.31738837152425e+18,8.4791615139638,48.971022359293,237.59451293945,4
396,1.31738837162428e+18,8.479162316012,48.971014301295,237.67176818848,5
397,1.31738837173432e+18,8.4791633091702,48.97100543069,237.75341796875,5
398,1.31738837183425e+18,8.4791642848788,48.970997334659,237.82586669922,5
399,1.31738837193446e+18,8.4791656260483,48.970989205452,237.90742492676,5
400,1.31738837204429e+18,8.4791673424465,48.970980231846,237.9997253418,3
401,1.31738837214432e+18,8.4791687817634,48.970972065299,238.07670593262,3
402,1.31738837225444e+18,8.4791704253941,48.970963070769,238.15808105469,3
403,1.31738837235431e+18,8.4791718246746,48.970954888776,238.22625732422,3
404,1.31738837245442e+18,8.4791732692528,48.970946676872,238.29852294922,3
405,1.31738837256426e+18,8.479174733787,48.970937624811,238.37861633301,3
406,1.31738837266441e+18,8.4791761030426,48.970929379807,238.45463562012,3
407,1.31738837276426e+18,8.4791774356623,48.970921126894,238.52577209473,3
408,1.31738837287442e+18,8.479178948801,48.970912040364,238.60018920898,3
409,1.31738837297428e+18,8.4791803298728,48.970903759037,238.66413879395,2
410,1.31738837308422e+18,8.4791818858837,48.970894628167,238.72998046875,2
411,1.31738837318424e+18,8.479183269162,48.970886295716,238.78518676758,2
412,1.31738837328424e+18,8.4791846601756,48.970877945017,238.84170532227,2
413,1.3173883733943e+18,8.4791861748566,48.970868698024,238.90776062012,2
414,1.31738837349424e+18,8.4791875223669,48.970860244233,238.96429443359,4
415,1.31738837359422e+18,8.4791888860787,48.970851776592,239.01960754395,4
416,1.3173883737043e+18,8.4791903681876,48.97084247514,239.0758972168,4
417,1.31738837380422e+18,8.4791917223055,48.970834003297,239.12637329102,4
418,1.31738837391429e+18,8.4791932210469,48.970824704638,239.17938232422,3
419,1.31738837401421e+18,8.4791945761426,48.97081625683,239.22956848145,3
420,1.3173883741142e+18,8.4791959684505,48.970807826264,239.27635192871,3
421,1.31738837422421e+18,8.4791975262497,48.970798563352,239.3246307373,3
422,1.31738837432422e+18,8.4791989800369,48.970790155945,239.3675994873,7
423,1.31738837442447e+18,8.479200440735,48.970781750271,239.40864562988,7
424,1.31738837453422e+18,8.4792020759084,48.970772497936,239.45365905762,7
425,1.31738837466425e+18,8.4792041014479,48.970761608672,239.50163269043,7
426,1.31738837474421e+18,8.4792054185953,48.970754920227,239.52793884277,7
427,1.3173883748442e+18,8.4792071619283,48.970746595867,239.55917358398,4
428,1.3173883749442e+18,8.4792090163142,48.970738264819,239.58990478516,4
429,1.31738837505435e+18,8.4792111245221,48.970729122886,239.62103271484,4
430,1.31738837515418e+18,8.4792131245926,48.970720814065,239.65267944336,4
431,1.3173883752543e+18,8.4792152312233,48.970712525258,239.67922973633,6
432,1.31738837536431e+18,8.4792176524265,48.970703406411,239.70051574707,6
433,1.31738837546422e+18,8.4792200167113,48.970695124442,239.7202911377,6
434,1.31738837557419e+18,8.4792227900962,48.970686005743,239.74249267578,6
435,1.31738837567418e+18,8.4792254878012,48.970677710774,239.76263427734,5
436,1.31738837577434e+18,8.4792283327182,48.970669402405,239.7848815918,5
437,1.31738837588427e+18,8.4792316638624,48.970660245868,239.80563354492,5
438,1.31738837598428e+18,8.4792348503955,48.970651910193,239.82232666016,5
439,1.31738837608417e+18,8.4792381924431,48.970643540037,239.83668518066,3
440,1.31738837619417e+18,8.47924209342,48.970634320876,239.85406494141,5
441,1.31738837629417e+18,8.479245807718,48.970625916498,239.86779785156,5
442,1.31738837640439e+18,8.4792500648837,48.970616670445,239.87602233887,5
443,1.31738837650414e+18,8.4792541132534,48.970608242706,239.87559509277,5
444,1.31738837660416e+18,8.4792583274201,48.970599815821,239.87533569336,3
445,1.31738837671419e+18,8.4792632150776,48.970590547167,239.87518310547,3
446,1.31738837681416e+18,8.479267881228,48.970582128079,239.8761138916,3
447,1.31738837691432e+18,8.4792727416225,48.970573720449,239.87120056152,3
448,1.31738837702416e+18,8.479278336128,48.970564482126,239.86058044434,3
449,1.31738837712417e+18,8.4792835912221,48.970556095093,239.85244750977,3
450,1.31738837722414e+18,8.4792890602901,48.970547716138,239.84199523926,3
451,1.31738837733415e+18,8.4792953124725,48.970538529576,239.83056640625,3
452,1.31738837743417e+18,8.4793012208365,48.97053018756,239.81591796875,3
453,1.3173883775442e+18,8.479307927531,48.970521033533,239.80206298828,4
454,1.31738837764414e+18,8.4793141872073,48.970512725289,239.78617858887,4
455,1.31738837774416e+18,8.4793205425127,48.970504413898,239.77178955078,4
456,1.31738837785422e+18,8.4793277212467,48.970495272297,239.75799560547,4
457,1.31738837795421e+18,8.4793344210732,48.97048697053,239.74696350098,3
458,1.31738837806412e+18,8.4793419719451,48.970477865972,239.72743225098,3
459,1.31738837816414e+18,8.4793489518989,48.970469586428,239.70635986328,3
460,1.31738837826418e+18,8.4793560644372,48.970461307726,239.68476867676,3
461,1.31738837837425e+18,8.4793640109743,48.970452194682,239.66264343262,2
462,1.31738837847413e+18,8.4793713066341,48.970443903811,239.63662719727,2
463,1.31738837857413e+18,8.479378676947,48.970435608374,239.61087036133,2
464,1.31738837868413e+18,8.4793868324612,48.970426440841,239.59034729004,2
465,1.31738837878407e+18,8.479394317637,48.970418095696,239.57841491699,2
466,1.31738837889439e+18,8.4794025706747,48.970408858412,239.56860351562,2
467,1.31738837899411e+18,8.4794101151381,48.970400441101,239.55804443359,2
468,1.31738837909411e+18,8.4794176686675,48.970392000792,239.54797363281,2
469,1.3173883792041e+18,8.4794260206258,48.970382696411,239.53440856934,2
470,1.31738837930412e+18,8.4794336402149,48.970374213066,239.52513122559,3
471,1.31738837940413e+18,8.4794412692408,48.970365700748,239.51794433594,3
472,1.31738837951413e+18,8.4794497118387,48.970356335891,239.51257324219,3
473,1.31738837961409e+18,8.4794574282484,48.970347836029,239.50868225098,3
474,1.3173883797241e+18,8.4794659849872,48.970338530375,239.50199890137,2
475,1.31738837982415e+18,8.4794738088441,48.970330105879,239.49742126465,2
476,1.31738837992442e+18,8.4794817275574,48.97032170786,239.49374389648,2
477,1.31738838003409e+18,8.4794905986636,48.970312570873,239.48977661133,3
478,1.31738838013407e+18,8.4794987878311,48.970304351724,239.48391723633,3
479,1.31738838023407e+18,8.4795071294894,48.970296213781,239.47700500488,2
480,1.31738838034413e+18,8.479516482879,48.970287365469,239.47265625,2
481,1.31738838044414e+18,8.4795251351566,48.970279426669,239.46803283691,2
482,1.31738838055409e+18,8.4795347736846,48.970270791087,239.45764160156,2
483,1.31738838065424e+18,8.4795436764932,48.97026303942,239.44786071777,2
484,1.31738838075423e+18,8.4795527240079,48.970255384513,239.43884277344,2
485,1.31738838086418e+18,8.4795628543475,48.970247097922,239.42765808105,2
486,1.31738838096415e+18,8.4795722063015,48.970239680388,239.4156036377,2
487,1.31738838106405e+18,8.4795817035516,48.970232370147,239.40315246582,2
488,1.31738838117406e+18,8.4795922925978,48.970224417758,239.39128112793,3
489,1.31738838127423e+18,8.4796020181752,48.970217251313,239.38081359863,3
490,1.31738838138418e+18,8.4796127429555,48.970209408387,239.36715698242,3
491,1.3173883814841e+18,8.47962253576,48.970202298434,239.35717773438,3
492,1.31738838158409e+18,8.4796323460318,48.970195214623,239.34696960449,3
493,1.3173883816941e+18,8.4796431776135,48.970187466382,239.33746337891,3
494,1.3173883817941e+18,8.4796530735762,48.970180469125,239.32887268066,3
495,1.31738838189429e+18,8.4796630208415,48.970173511103,239.3210144043,3
496,1.31738838200408e+18,8.4796740262798,48.970165905994,239.31452941895,3
497,1.31738838210411e+18,8.4796840964252,48.9701590579,239.30867004395,1
498,1.3173883822141e+18,8.4796952109436,48.970151548223,239.30812072754,1
499,1.31738838231409e+18,8.4797053888853,48.970144799374,239.30738830566,2
500,1.3173883824141e+18,8.4797156483348,48.970138121155,239.30520629883,2
501,1.3173883825241e+18,8.4797269404149,48.970130853064,239.29557800293,2
502,1.31738838262408e+18,8.4797372283361,48.970124290609,239.29026794434,2
503,1.31738838272409e+18,8.4797475138141,48.97011775955,239.28524780273,1
504,1.31738838283404e+18,8.4797588021925,48.970110638337,239.28282165527,1
505,1.31738838293413e+18,8.4797690532851,48.970104262428,239.28092956543,1
506,1.31738838304405e+18,8.4797802579149,48.970097348298,239.28103637695,1
507,1.31738838314405e+18,8.4797902557385,48.970091103403,239.28036499023,1
508,1.31738838324401e+18,8.4798000487259,48.970084872274,239.27880859375,1
509,1.31738838335437e+18,8.4798105240241,48.970078023435,239.27827453613,2
510,1.31738838345426e+18,8.4798197906122,48.97007181302,239.2777557373,1
511,1.31738838356407e+18,8.4798296775933,48.970065033101,239.27735900879,1
512,1.3173883836641e+18,8.4798384533589,48.970058914544,239.27490234375,1
513,1.31738838376406e+18,8.4798470881127,48.970052848799,239.27018737793,1
514,1.31738838387423e+18,8.4798564527465,48.970046180553,239.26644897461,1
515,1.31738838397404e+18,8.4798649668202,48.970040163943,239.2640838623,0
516,1.31738838407403e+18,8.4798734527376,48.970034178513,239.26356506348,0
517,1.31738838418404e+18,8.4798828421835,48.970027678953,239.25964355469,0
518,1.317388384284e+18,8.4798914347832,48.970021842074,239.25489807129,0
519,1.31738838438425e+18,8.4799001015512,48.970016094438,239.25199890137,0
520,1.31738838449401e+18,8.4799097231441,48.970009904319,239.24989318848,0
521,1.31738838459402e+18,8.4799185337767,48.970004387648,239.24909973145,0
522,1.31738838470402e+18,8.4799283884419,48.969998476217,239.24642944336,1
523,1.31738838480402e+18,8.4799374974995,48.969993251453,239.24351501465,1
524,1.31738838490416e+18,8.4799467713454,48.969988213868,239.24084472656,1
525,1.31738838501406e+18,8.4799571234188,48.969982842192,239.2407989502,1
526,1.31738838511398e+18,8.4799667659904,48.969978162203,239.23670959473,1
527,1.31738838521398e+18,8.4799766117728,48.969973644076,239.23414611816,1
528,1.31738838532399e+18,8.4799876710576,48.969968880972,239.23574829102,1
529,1.31738838542416e+18,8.4799979001927,48.969964736316,239.23965454102,1
530,1.31738838553395e+18,8.4800093327334,48.96996042503,239.2424621582,2
531,1.31738838563399e+18,8.480019941326,48.969956723397,239.24922180176,2
532,1.31738838573398e+18,8.4800307381628,48.969953199658,239.25564575195,2
533,1.31738838584403e+18,8.4800428466367,48.969949582664,239.2650604248,2
534,1.31738838594408e+18,8.480054043251,48.969946450465,239.27481079102,3
535,1.31738838604398e+18,8.4800654388736,48.969943456911,239.28207397461,3
536,1.31738838615397e+18,8.4800781723672,48.969940302839,239.29766845703,3
537,1.31738838625404e+18,8.4800898744065,48.969937479701,239.30322265625,3
538,1.31738838636408e+18,8.4801028760708,48.969934406511,239.29670715332,3
539,1.31738838646398e+18,8.4801148158006,48.969931594003,239.29537963867,0
540,1.317388386564e+18,8.4801268973909,48.969928748327,239.30387878418,0
541,1.31738838667394e+18,8.4801402922129,48.969925563667,239.3211517334,0
542,1.31738838677415e+18,8.4801525390284,48.969922593144,239.3376159668,1
543,1.31738838688402e+18,8.4801660840262,48.969919258314,239.35464477539,1
544,1.31738838698395e+18,8.4801785324839,48.969916162952,239.36836242676,1
545,1.31738838708395e+18,8.4801911109219,48.96991301468,239.38325500488,1
546,1.31738838719394e+18,8.480205112962,48.969909488316,239.40577697754,1
547,1.31738838729397e+18,8.4802179970777,48.969906240799,239.43218994141,1
548,1.31738838740401e+18,8.4802323372268,48.969902633777,239.46307373047,1
549,1.317388387504e+18,8.4802455027028,48.969899319176,239.48902893066,1
550,1.3173883876039e+18,8.4802587908404,48.969895967711,239.51223754883,1
551,1.31738838771393e+18,8.4802735508115,48.96989226026,239.5375213623,1
552,1.31738838781397e+18,8.4802870657907,48.969888875031,239.56103515625,1
553,1.3173883879243e+18,8.4803020684461,48.969885116038,239.58857727051,1
554,1.31738838802396e+18,8.4803157280779,48.969881678165,239.61956787109,1
555,1.31738838812396e+18,8.4803294795111,48.96987821623,239.65382385254,1
556,1.31738838823394e+18,8.4803446634806,48.969874410825,239.69799804688,1
557,1.31738838833393e+18,8.4803585081747,48.969870990724,239.74026489258,1
558,1.31738838843402e+18,8.4803723643448,48.969867641577,239.7813873291,2
559,1.31738838854392e+18,8.4803876584469,48.969864026716,239.82643127441,2
560,1.31738838864391e+18,8.4804016145805,48.969860849329,239.86727905273,2
561,1.31738838875407e+18,8.4804170298018,48.969857464235,239.91409301758,2
562,1.31738838885416e+18,8.4804310815604,48.969854481746,239.95866394043,1
563,1.31738838895412e+18,8.4804451583861,48.969851583525,240.00421142578,1
564,1.31738838906395e+18,8.4804606499775,48.969848503939,240.05291748047,1
565,1.31738838916393e+18,8.4804747230758,48.969845803129,240.09672546387,1
566,1.31738838926389e+18,8.4804887966621,48.96984321002,240.13941955566,1
567,1.31738838937401e+18,8.4805042662185,48.969840448911,240.19003295898,3
568,1.3173883894739e+18,8.4805183082746,48.969838002261,240.24102783203,3
569,1.31738838958385e+18,8.480533726623,48.96983537041,240.30003356934,3
570,1.3173883896839e+18,8.4805477300079,48.969833053858,240.35244750977,3
571,1.31738838978396e+18,8.4805617419482,48.969830784692,240.40397644043,2
572,1.31738838989396e+18,8.480577152056,48.969828342791,240.4627532959,2
573,1.31738838999388e+18,8.4805912043634,48.969826207979,240.51371765137,2
574,1.31738839009386e+18,8.4806052869802,48.969824119596,240.56741333008,2
575,1.31738839020386e+18,8.4806208242878,48.969821898434,240.63664245605,2
576,1.31738839032392e+18,8.4806378441661,48.969819542811,240.70231628418,2
577,1.31738839041404e+18,8.4806506491169,48.969817811928,240.75177001953,2
578,1.3173883905139e+18,8.4806648737143,48.969815900847,240.80975341797,2
579,1.31738839061388e+18,8.480679140018,48.969814013715,240.86807250977,2
580,1.31738839072388e+18,8.4806948543874,48.969811978456,240.93081665039,2
581,1.31738839082388e+18,8.4807091738907,48.969810123636,240.98008728027,2
582,1.31738839092412e+18,8.4807235108435,48.969808274331,241.02801513672,2
583,1.31738839103388e+18,8.4807393240559,48.969806223465,241.07919311523,3
584,1.31738839113386e+18,8.4807537360432,48.969804368025,241.12504577637,3
585,1.31738839124387e+18,8.4807696345373,48.969802345452,241.17481994629,3
586,1.31738839134392e+18,8.4807841152063,48.969800518701,241.22148132324,3
587,1.31738839144388e+18,8.4807986252951,48.969798705966,241.26840209961,3
588,1.3173883915539e+18,8.4808145992661,48.969796739425,241.3211517334,2
589,1.31738839165385e+18,8.4808291068906,48.969794957849,241.36714172363,2
590,1.31738839176386e+18,8.4808450609793,48.969793020256,241.41607666016,2
591,1.31738839186395e+18,8.4808595456957,48.969791272556,241.45809936523,2
592,1.3173883919639e+18,8.4808739823647,48.969789539409,241.49810791016,2
593,1.31738839207382e+18,8.4808898355632,48.9697876032,241.53784179688,2
594,1.31738839217384e+18,8.4809042512507,48.969785829204,241.57345581055,2
595,1.317388392274e+18,8.4809186165323,48.969784023018,241.61192321777,2
596,1.31738839238399e+18,8.4809343866927,48.96978202196,241.65266418457,2
597,1.31738839248382e+18,8.4809487061731,48.969780217891,241.68682861328,2
598,1.31738839259383e+18,8.480964426146,48.969778207027,241.7227935791,2
599,1.31738839269383e+18,8.4809786384277,48.969776361962,241.75480651855,2
600,1.31738839279386e+18,8.4809927750074,48.969774487937,241.78694152832,2
601,1.3173883929041e+18,8.4810082780467,48.969772438886,241.82122802734,1
602,1.31738839300382e+18,8.4810223081057,48.969770545288,241.85520935059,1
603,1.31738839310383e+18,8.4810362768896,48.969768663536,241.88500976562,1
604,1.31738839321375e+18,8.4810515822388,48.969766593167,241.91217041016,1
605,1.31738839331376e+18,8.4810654244706,48.969764726886,241.93389892578,2
606,1.317388393424e+18,8.4810805656686,48.969762648675,241.9561920166,2
607,1.31738839352377e+18,8.481094271902,48.969760774849,241.97640991211,2
608,1.31738839362381e+18,8.4811078960288,48.96975888391,241.99639892578,2
609,1.31738839373376e+18,8.4811228008998,48.969756801362,242.01696777344,2
610,1.31738839383381e+18,8.4811362875618,48.969754922864,242.0380859375,2
611,1.31738839393386e+18,8.4811497034869,48.969753031554,242.0601348877,2
612,1.31738839404382e+18,8.481164375451,48.969751000017,242.08265686035,2
613,1.31738839414377e+18,8.4811776336104,48.969749155494,242.10108947754,1
614,1.31738839425386e+18,8.4811921323783,48.969747161042,242.11734008789,1
615,1.31738839435403e+18,8.4812052304781,48.969745352894,242.13241577148,1
616,1.31738839445383e+18,8.4812182720067,48.969743565195,242.14625549316,1
617,1.31738839456379e+18,8.4812325462168,48.9697415966,242.15927124023,1
618,1.3173883946638e+18,8.4812454374642,48.969739826786,242.17102050781,2
619,1.31738839476383e+18,8.4812582584744,48.969738092113,242.17922973633,2
620,1.31738839487385e+18,8.4812723158872,48.9697362286,242.17922973633,2
621,1.3173883949738e+18,8.4812850487774,48.9697345397,242.18031311035,1
622,1.31738839508377e+18,8.4812989845369,48.96973268599,242.18067932129,1
623,1.31738839518385e+18,8.4813115715228,48.969731006747,242.18310546875,2
624,1.31738839528378e+18,8.4813241327054,48.969729417586,242.18264770508,2
625,1.31738839539392e+18,8.4813378505938,48.969727641495,242.18278503418,2
626,1.31738839549376e+18,8.4813502873095,48.969726044093,242.1813659668,2
627,1.31738839559377e+18,8.4813626640649,48.969724456551,242.17654418945,2
628,1.31738839570376e+18,8.4813763019739,48.969722696423,242.16932678223,2
629,1.3173883958038e+18,8.4813885978472,48.969721136469,242.15774536133,2
630,1.31738839590404e+18,8.4814008401955,48.96971958697,242.14479064941,2
631,1.31738839601378e+18,8.4814142608572,48.969717890576,242.13423156738,2
632,1.31738839611375e+18,8.4814264160375,48.969716375418,242.12275695801,2
633,1.31738839622376e+18,8.4814397129721,48.969714727106,242.11036682129,2
634,1.31738839632378e+18,8.4814517103533,48.969713261919,242.09660339355,2
635,1.31738839642398e+18,8.481463614636,48.969711832471,242.08470153809,2
636,1.31738839653376e+18,8.4814765505059,48.969710262678,242.07119750977,2
637,1.31738839663375e+18,8.4814881880791,48.969708808414,242.05793762207,2
638,1.31738839673376e+18,8.4814996818824,48.969707370426,242.04467773438,2
639,1.31738839684374e+18,8.4815121756305,48.969705819008,242.03140258789,2
640,1.3173883969438e+18,8.481523337675,48.969704435128,242.01698303223,2
641,1.31738839705378e+18,8.4815354321847,48.969702946878,241.9991607666,2
642,1.31738839715376e+18,8.4815462264224,48.969701612345,241.98336791992,2
643,1.31738839725389e+18,8.4815568757306,48.969700299973,241.96923828125,2
644,1.31738839736393e+18,8.4815684596191,48.969698875021,241.95407104492,2
645,1.31738839746384e+18,8.4815789104792,48.969697573958,241.94219970703,1
646,1.31738839756373e+18,8.4815893029211,48.969696274454,241.92921447754,1
647,1.31738839767375e+18,8.4816006821087,48.969694834252,241.916015625,1
648,1.31738839777389e+18,8.4816110273289,48.969693523869,241.90521240234,1
649,1.31738839788389e+18,8.4816223544328,48.9696920381,241.89335632324,1
650,1.31738839798372e+18,8.4816326499655,48.969690647496,241.88423156738,1
651,1.31738839808373e+18,8.4816429112072,48.969689224791,241.87440490723,1
652,1.31738839819372e+18,8.4816541799644,48.969687596709,241.86457824707,1
653,1.31738839829373e+18,8.4816643844693,48.969686029062,241.85592651367,1
654,1.31738839840389e+18,8.4816755597658,48.969684203382,241.84321594238,1
655,1.31738839850372e+18,8.4816856450456,48.96968242862,241.82466125488,2
656,1.31738839860372e+18,8.4816956855083,48.969680557693,241.80187988281,2
657,1.31738839871372e+18,8.4817066545542,48.969678333942,241.77320861816,2
658,1.31738839881372e+18,8.4817165357545,48.969676138005,241.74992370605,2
659,1.31738839892401e+18,8.4817273280358,48.969673505611,241.71949768066,2
660,1.31738839902376e+18,8.4817370357308,48.969670950387,241.68772888184,2
661,1.31738839912367e+18,8.4817466509223,48.969668229934,241.65672302246,1
662,1.31738839923371e+18,8.4817571137548,48.969665067071,241.62333679199,1
663,1.31738839933368e+18,8.4817665469301,48.969662026404,241.59526062012,1
664,1.31738839943375e+18,8.4817758548934,48.969658797841,241.56707763672,1
665,1.3173883995437e+18,8.4817859836522,48.969655050882,241.53494262695,1
666,1.31738839964369e+18,8.4817950697608,48.96965145799,241.50192260742,1
667,1.3173883997538e+18,8.481804964299,48.96964732932,241.46382141113,1
668,1.31738839985388e+18,8.481813848833,48.969643401419,241.42767333984,1
669,1.31738839995385e+18,8.4818226101763,48.969639303408,241.39085388184,1
670,1.31738840006369e+18,8.4818321207852,48.969634609922,241.34928894043,1
671,1.31738840016368e+18,8.4818406507518,48.969630192718,241.30979919434,1
672,1.31738840027382e+18,8.4818498854476,48.969625151768,241.26406860352,1
673,1.31738840037378e+18,8.4818581953429,48.969620453178,241.22215270996,1
674,1.31738840047368e+18,8.4818664051935,48.969615615079,241.18215942383,0
675,1.31738840058373e+18,8.4818753221423,48.969610168203,241.13591003418,0
676,1.31738840068367e+18,8.4818833422047,48.969605084312,241.09327697754,0
677,1.31738840078372e+18,8.4818912466615,48.96959988044,241.05049133301,0
678,1.31738840089384e+18,8.4818998216763,48.969594014691,241.00527954102,0
679,1.31738840099368e+18,8.4819074844309,48.96958856093,240.96388244629,0
680,1.31738840110366e+18,8.4819157604894,48.969582407356,240.91821289062,1
681,1.31738840120366e+18,8.4819231326765,48.969576676619,240.87791442871,1
682,1.31738840130369e+18,8.4819304068088,48.969570876282,240.83604431152,0
683,1.31738840141372e+18,8.4819382214338,48.969564370704,240.78533935547,0
684,1.31738840151366e+18,8.4819451781471,48.969558359726,240.7349395752,0
685,1.31738840161362e+18,8.4819520379919,48.969552261132,240.68992614746,0
686,1.31738840172365e+18,8.4819594410968,48.969545468319,240.6374206543,0
687,1.31738840182364e+18,8.4819659958783,48.969539177082,240.59210205078,0
688,1.31738840192403e+18,8.4819723382063,48.969532762706,240.55186462402,0
689,1.31738840203364e+18,8.4819790717867,48.969525572484,240.50932312012,0
690,1.31738840213363e+18,8.4819849804781,48.969518947951,240.46484375,0
691,1.31738840224363e+18,8.4819912041752,48.969511555152,240.41461181641,0
692,1.31738840234364e+18,8.4819965617299,48.969504752612,240.36700439453,0
693,1.31738840244365e+18,8.4820016373057,48.969497864601,240.31915283203,0
694,1.3173884025537e+18,8.4820068484631,48.969490196866,240.26554870605,0
695,1.31738840265365e+18,8.4820112917739,48.969483191895,240.21621704102,0
696,1.31738840275372e+18,8.4820154119289,48.969476139364,240.1683807373,0
697,1.31738840286377e+18,8.4820196166113,48.969468348839,240.11383056641,1
698,1.31738840296367e+18,8.4820231691544,48.969461187621,240.06448364258,1
699,1.31738840307362e+18,8.4820267933023,48.969453254116,240.00674438477,1
700,1.31738840317361e+18,8.4820298657809,48.969445958787,239.95468139648,1
701,1.31738840327376e+18,8.4820327833982,48.969438619791,239.90202331543,1
702,1.31738840338369e+18,8.4820357822711,48.969430489767,239.84219360352,2
703,1.31738840348362e+18,8.4820383005381,48.969423050523,239.77960205078,2
704,1.31738840358366e+18,8.4820406145344,48.969415546894,239.71469116211,2
705,1.31738840369362e+18,8.4820429207468,48.969407204579,239.64945983887,2
706,1.31738840379361e+18,8.4820448230493,48.969399563018,239.59194946289,2
707,1.31738840390381e+18,8.4820466587087,48.969391102211,239.51927185059,2
708,1.31738840400362e+18,8.4820480634899,48.969383365142,239.44888305664,2
709,1.31738840410359e+18,8.4820492190768,48.969375584309,239.37477111816,2
710,1.3173884042136e+18,8.4820501596836,48.969366972931,239.29086303711,2
711,1.31738840431359e+18,8.482050743067,48.969359101041,239.21527099609,2
712,1.31738840441365e+18,8.4820509934124,48.969351179513,239.14247131348,3
713,1.31738840452362e+18,8.482050950308,48.96934242256,239.05851745605,3
714,1.31738840462359e+18,8.4820506126214,48.969334405052,238.98004150391,3
715,1.31738840473359e+18,8.4820499118948,48.969325536305,238.89270019531,3
716,1.31738840483359e+18,8.482048951797,48.96931743623,238.81048583984,2
717,1.31738840493373e+18,8.4820476960732,48.969309305151,238.7272644043,2
718,1.3173884050436e+18,8.4820459218159,48.969300330878,238.6372833252,2
719,1.31738840514366e+18,8.4820439798077,48.969292146477,238.55590820312,2
720,1.31738840524356e+18,8.4820416902423,48.96928394982,238.47477722168,2
721,1.3173884053538e+18,8.4820387925505,48.96927492484,238.38417053223,0
722,1.31738840545376e+18,8.4820357861895,48.969266732204,238.30094909668,0
723,1.31738840556358e+18,8.4820320434968,48.969257738181,238.20523071289,0
724,1.31738840566357e+18,8.482028280568,48.969249572956,238.11741638184,0
725,1.31738840576358e+18,8.4820241884376,48.969241432093,238.02691650391,1
726,1.31738840587363e+18,8.4820193169604,48.969232512,237.92340087891,1
727,1.3173884059736e+18,8.4820145364047,48.969224425823,237.82946777344,1
728,1.31738840607358e+18,8.4820094364066,48.969216363226,237.7378692627,1
729,1.31738840618358e+18,8.4820034266903,48.96920751893,237.63812255859,1
730,1.31738840628358e+18,8.4819976313387,48.969199519424,237.5467376709,1
731,1.31738840638376e+18,8.4819915069662,48.969191594461,237.44990539551,1
732,1.31738840649352e+18,8.4819844437506,48.969182924663,237.34048461914,1
733,1.31738840659351e+18,8.4819776829351,48.969175096606,237.24002075195,1
734,1.31738840670356e+18,8.4819698955974,48.969166565758,237.12887573242,1
735,1.31738840680351e+18,8.4819624375231,48.96915890072,237.02963256836,1
736,1.3173884069038e+18,8.4819546566137,48.969151328776,236.93110656738,1
737,1.31738840701353e+18,8.4819457478971,48.969143078694,236.82250976562,1
738,1.31738840711355e+18,8.4819373234703,48.969135685995,236.72264099121,1
739,1.31738840721354e+18,8.4819286334011,48.969128386941,236.61938476562,0
740,1.31738840732355e+18,8.481918760826,48.969120441337,236.50694274902,0
741,1.31738840742377e+18,8.4819094820024,48.969113291326,236.4097442627,0
742,1.31738840753353e+18,8.4818989677298,48.969105518206,236.30171203613,0
743,1.31738840763352e+18,8.4818891698045,48.969098565001,236.2017364502,0
744,1.31738840773353e+18,8.4818790918174,48.969091723492,236.10475158691,0
745,1.31738840784354e+18,8.4818677171708,48.969084317522,236.00289916992,0
746,1.31738840794357e+18,8.4818570927584,48.969077692393,235.91345214844,0
747,1.31738840804356e+18,8.481846236266,48.969071187926,235.81887817383,0
748,1.31738840815352e+18,8.4818340272633,48.969064172758,235.71180725098,0
749,1.31738840825352e+18,8.481822698699,48.969057925063,235.61567687988,0
750,1.31738840835371e+18,8.4818111853297,48.96905177157,235.51792907715,2
751,1.31738840846357e+18,8.4817983283286,48.969045080449,235.40679931641,1
752,1.31738840856352e+18,8.4817864829877,48.96903907226,235.3084564209,1
753,1.31738840867352e+18,8.481773302995,48.969032511161,235.20262145996,1
754,1.31738840877366e+18,8.4817612374942,48.969026560773,235.10424804688,1
755,1.31738840887364e+18,8.4817490929224,48.969020601131,235.00233459473,1
756,1.31738840898356e+18,8.4817356682201,48.969014011997,234.8888092041,0
757,1.31738840908349e+18,8.4817233983418,48.969007981267,234.78225708008,0
758,1.31738840918351e+18,8.4817110660815,48.96900192727,234.67362976074,0
759,1.31738840929349e+18,8.4816974234055,48.968995224758,234.55171203613,0
760,1.31738840939362e+18,8.4816849306821,48.968989158717,234.4366607666,0
761,1.31738840950351e+18,8.481671124628,48.968982456288,234.30523681641,0
762,1.31738840960351e+18,8.4816584824161,48.968976350713,234.1875,1
763,1.31738840970354e+18,8.4816457594489,48.968970217166,234.07250976562,1
764,1.31738840981349e+18,8.481631681691,48.968963441723,233.94799804688,1
765,1.31738840991356e+18,8.4816187901966,48.968957243229,233.83540344238,1
766,1.31738841001346e+18,8.4816058295843,48.968951032172,233.72106933594,1
767,1.31738841012349e+18,8.4815915179699,48.968944169684,233.58993530273,1
768,1.31738841022346e+18,8.4815784337626,48.96893791218,233.4666595459,3
769,1.31738841033348e+18,8.4815639374532,48.968931025453,233.32841491699,3
770,1.3173884104335e+18,8.4815506905388,48.968924739788,233.20097351074,3
771,1.31738841053347e+18,8.4815373689873,48.968918440548,233.07263183594,3
772,1.31738841064346e+18,8.4815226324398,48.968911489042,232.93006896973,3
773,1.31738841074347e+18,8.4815091574592,48.968905127536,232.80406188965,3
774,1.31738841084347e+18,8.4814956156066,48.968898715851,232.67910766602,3
775,1.31738841095356e+18,8.4814806800555,48.968891600695,232.53704833984,2
776,1.3173884110535e+18,8.4814670359016,48.968885098569,232.40255737305,2
777,1.31738841116347e+18,8.4814519176298,48.968877920695,232.25923156738,2
778,1.3173884112635e+18,8.4814380876493,48.968871345748,232.13163757324,2
779,1.31738841136361e+18,8.4814241516143,48.968864709999,232.01039123535,1
780,1.31738841147348e+18,8.4814087012211,48.968857368945,231.87617492676,1
781,1.31738841157345e+18,8.4813946074742,48.968850668132,231.74597167969,1
782,1.31738841167345e+18,8.4813804520484,48.968843939617,231.61134338379,1
783,1.31738841178343e+18,8.4813647862073,48.968836495988,231.46641540527,0
784,1.31738841188362e+18,8.4813504542273,48.968829688241,231.33604431152,0
785,1.31738841199342e+18,8.4813346114684,48.968822161725,231.18995666504,0
786,1.31738841209346e+18,8.4813201170553,48.968815300531,231.05543518066,0
787,1.31738841219345e+18,8.4813055530416,48.968808408961,230.92121887207,0
788,1.31738841230343e+18,8.4812894444913,48.968800783419,230.77362060547,0
789,1.31738841240347e+18,8.4812747215368,48.968793827063,230.63890075684,0
790,1.31738841250346e+18,8.481259954635,48.968786824167,230.50132751465,1
791,1.31738841261342e+18,8.4812436454744,48.968779087443,230.34642028809,1
792,1.31738841271342e+18,8.4812287967651,48.968772008733,230.20141601562,0
793,1.31738841281344e+18,8.4812138901727,48.968764899784,230.06130981445,0
794,1.31738841292378e+18,8.4811974846428,48.968757068667,229.90800476074,0
795,1.31738841302344e+18,8.4811825106888,48.968749980883,229.76654052734,3
796,1.31738841313344e+18,8.4811659995896,48.968742198683,229.6135559082,1
797,1.31738841323342e+18,8.4811509456288,48.968735129309,229.47747802734,1
798,1.31738841333342e+18,8.4811358775512,48.96872804953,229.34265136719,1
799,1.31738841344345e+18,8.4811193196803,48.96872025667,229.19277954102,1
800,1.3173884135435e+18,8.481104259811,48.968713174748,229.05590820312,3
801,1.31738841364341e+18,8.4810891997048,48.968706105077,228.91847229004,3
802,1.31738841375347e+18,8.4810726512316,48.968698309012,228.76536560059,3
803,1.31738841385354e+18,8.4810575907249,48.968691236622,228.62727355957,3
804,1.31738841396346e+18,8.4810410278134,48.968683455082,228.47593688965,0
805,1.31738841406339e+18,8.4810259950298,48.968676375812,228.33848571777,2
806,1.3173884141634e+18,8.4810109700034,48.96866929011,228.20204162598,2
807,1.31738841427353e+18,8.4809944885213,48.968661427998,228.05665588379,2
808,1.31738841437347e+18,8.4809795269234,48.968654264593,227.92260742188,0
809,1.31738841447342e+18,8.480964619765,48.968647139035,227.77415466309,0
810,1.31738841458339e+18,8.4809482923779,48.968639318152,227.61117553711,2
811,1.31738841468339e+18,8.4809334256584,48.968632236092,227.47229003906,2
812,1.31738841479339e+18,8.4809171491664,48.968624430068,227.32356262207,0
813,1.31738841489354e+18,8.4809024100141,48.96861731726,227.19093322754,0
814,1.31738841499336e+18,8.4808877042655,48.968610201607,227.06005859375,0
815,1.31738841510337e+18,8.4808715528016,48.968602381667,226.91484069824,2
816,1.31738841520331e+18,8.4808569007025,48.968595286475,226.77679443359,2
817,1.31738841530333e+18,8.48084228183,48.968588171789,226.63627624512,2
818,1.31738841541337e+18,8.4808261995813,48.968580372958,226.48330688477,2
819,1.31738841551333e+18,8.4808115681822,48.968573304187,226.34744262695,2
820,1.31738841562334e+18,8.4807955077666,48.968565560726,226.20393371582,2
821,1.31738841572333e+18,8.4807809301935,48.968558552445,226.07615661621,2
822,1.31738841582342e+18,8.4807663774563,48.968551583844,225.94706726074,2
823,1.31738841593354e+18,8.4807504013831,48.968543961114,225.80250549316,2
824,1.31738841603335e+18,8.4807358756585,48.968537098701,225.66999816895,0
825,1.31738841613335e+18,8.4807213698663,48.968530291323,225.53280639648,0
826,1.31738841624339e+18,8.4807054114729,48.968522875799,225.38493347168,3
827,1.31738841634333e+18,8.4806909270779,48.968516175225,225.2523651123,3
828,1.3173884164534e+18,8.4806750071801,48.96850884276,225.11277770996,1
829,1.31738841655338e+18,8.4806605445192,48.968502261431,224.9857635498,1
830,1.31738841665336e+18,8.4806461549544,48.968495735024,224.85943603516,1
831,1.31738841676336e+18,8.4806304254318,48.968488646988,224.71966552734,2
832,1.31738841686354e+18,8.4806162792621,48.968482316182,224.59455871582,2
833,1.31738841696342e+18,8.4806022838206,48.968476086685,224.47129821777,1
834,1.31738841707335e+18,8.4805870913628,48.968469370138,224.33950805664,1
835,1.31738841717334e+18,8.4805734823149,48.968463373111,224.21871948242,1
836,1.31738841728337e+18,8.4805587469683,48.968456896549,224.08636474609,1
837,1.31738841738353e+18,8.4805455583033,48.968451107805,223.96731567383,1
838,1.31738841748329e+18,8.4805325596799,48.968445429423,223.85195922852,1
839,1.31738841759335e+18,8.4805185156418,48.968439298146,223.73017883301,1
840,1.31738841769331e+18,8.4805059775829,48.968433832306,223.62062072754,1
841,1.31738841779334e+18,8.4804936942729,48.968428455903,223.51284790039,1
842,1.31738841790347e+18,8.4804804684741,48.968422643288,223.39567565918,0
843,1.31738841800332e+18,8.4804687059253,48.968417412217,223.29153442383,0
844,1.31738841810339e+18,8.4804571445328,48.968412195677,223.1890411377,1
845,1.31738841821333e+18,8.4804446549456,48.96840643702,223.07649230957,1
846,1.31738841831336e+18,8.4804335037764,48.968401154304,222.97422790527,1
847,1.31738841842355e+18,8.4804214923492,48.968395293234,222.86140441895,0
848,1.31738841852332e+18,8.4804108561483,48.968389874952,222.7583770752,0
849,1.31738841862329e+18,8.4804004700885,48.968384380802,222.65853881836,0
850,1.31738841873332e+18,8.4803892557288,48.968378254393,222.55155944824,0
851,1.3173884188333e+18,8.4803793028186,48.968372614421,222.45489501953,1
852,1.31738841893335e+18,8.4803694848621,48.968366825812,222.36064147949,1
853,1.31738841904327e+18,8.4803588563834,48.968360341462,222.2582244873,0
854,1.3173884191433e+18,8.4803494230509,48.968354283419,222.1626739502,0
855,1.31738841925328e+18,8.4803392392487,48.968347515383,222.05838012695,0
856,1.31738841935354e+18,8.4803301611944,48.968341229611,221.96162414551,0
857,1.31738841945335e+18,8.4803213255838,48.968334835575,221.85820007324,2
858,1.3173884195633e+18,8.4803119050593,48.968327710158,221.7420501709,2
859,1.31738841966333e+18,8.48030360164,48.968321117983,221.6353302002,2
860,1.3173884197633e+18,8.4802955490383,48.968314366849,221.53009033203,3
861,1.31738841987344e+18,8.4802868220147,48.968306812064,221.41624450684,3
862,1.31738841997332e+18,8.4802791117731,48.968299830113,221.3112487793,2
863,1.31738842008331e+18,8.480270871357,48.968292022168,221.19528198242,2
864,1.31738842018328e+18,8.4802636508767,48.968284779525,221.09178161621,2
865,1.31738842028328e+18,8.4802566959381,48.968277350202,220.99411010742,2
866,1.31738842039338e+18,8.4802493604435,48.968268991304,220.89149475098,2
867,1.31738842049326e+18,8.4802430049812,48.968261252549,220.79792785645,3
868,1.31738842059326e+18,8.4802369074276,48.968253338989,220.70471191406,4
869,1.31738842070326e+18,8.4802305851209,48.968244415734,220.60308837891,4
870,1.31738842080328e+18,8.4802252017817,48.968236172681,220.50773620605,4
871,1.31738842090342e+18,8.4802201643585,48.968227785436,220.41194152832,4
872,1.31738842101324e+18,8.4802150604696,48.968218464841,220.29844665527,3
873,1.31738842111327e+18,8.4802107939716,48.968209829504,220.19226074219,3
874,1.31738842122331e+18,8.4802064648145,48.968200214018,220.08197021484,3
875,1.31738842132323e+18,8.4802029751688,48.968191338497,219.98233032227,3
876,1.31738842142343e+18,8.4801998545366,48.96818234229,219.88577270508,3
877,1.31738842153325e+18,8.4801967578682,48.968172303205,219.78498840332,3
878,1.31738842163325e+18,8.4801943379167,48.968163102274,219.69194030762,3
879,1.31738842173322e+18,8.4801922653432,48.968153818513,219.59815979004,3
880,1.31738842184324e+18,8.480190475131,48.968143511266,219.48942565918,1
881,1.31738842194334e+18,8.480189221447,48.968134096904,219.38871765137,1
882,1.31738842205323e+18,8.480188286652,48.968123633839,219.28579711914,1
883,1.31738842215323e+18,8.4801878187965,48.968114070865,219.19395446777,1
884,1.31738842225323e+18,8.4801877277083,48.968104446668,219.10018920898,3
885,1.31738842236342e+18,8.4801880375522,48.968093836381,218.99183654785,3
886,1.31738842246325e+18,8.4801886614659,48.968084146379,218.88697814941,3
887,1.31738842256325e+18,8.4801896228217,48.968074461528,218.77697753906,2
888,1.31738842267321e+18,8.4801910831805,48.968063777508,218.65536499023,2
889,1.31738842277344e+18,8.4801927905315,48.96805404558,218.54261779785,2
890,1.31738842288337e+18,8.4801950759316,48.968043384244,218.41511535645,2
891,1.31738842298326e+18,8.4801974101875,48.968033623754,218.29901123047,4
892,1.31738842308326e+18,8.4802000088922,48.968023858483,218.18226623535,4
893,1.3173884231932e+18,8.4802031260663,48.968013154478,218.05238342285,4
894,1.31738842329324e+18,8.4802061415637,48.96800336841,217.93531799316,4
895,1.31738842340325e+18,8.4802096948094,48.967992595705,217.8060760498,4
896,1.31738842350327e+18,8.4802131183687,48.967982786888,217.68962097168,4
897,1.31738842360322e+18,8.4802167069907,48.96797296827,217.57707214355,4
898,1.31738842371321e+18,8.4802208487446,48.967962138601,217.46235656738,3
899,1.31738842381323e+18,8.4802247091111,48.967952274543,217.36624145508,3
900,1.3173884239133e+18,8.4802286596124,48.967942503996,217.2664642334,3
901,1.31738842402319e+18,8.4802331003679,48.967931799358,217.15562438965,3
902,1.31738842412319e+18,8.4802371761471,48.967922091268,217.05249023438,4
903,1.31738842423321e+18,8.4802417295771,48.967911416567,216.93598937988,3
904,1.31738842433326e+18,8.480245882034,48.967901738538,216.82832336426,3
905,1.31738842443326e+18,8.480250083684,48.967892094497,216.71731567383,3
906,1.31738842454322e+18,8.4802547010463,48.967881514736,216.59878540039,3
907,1.3173884246432e+18,8.4802589655375,48.967871952513,216.49557495117,3
908,1.31738842475319e+18,8.480263711435,48.967861514162,216.38603210449,3
909,1.31738842485337e+18,8.4802679390219,48.967852115551,216.29084777832,3
910,1.31738842495325e+18,8.4802721255646,48.96784283884,216.19619750977,3
911,1.31738842506325e+18,8.4802766366803,48.967832709953,216.09158325195,3
912,1.31738842516316e+18,8.4802806358607,48.967823583487,215.9967956543,3
913,1.31738842526316e+18,8.4802844991286,48.967814618521,215.89779663086,3
914,1.31738842537328e+18,8.4802885332064,48.967804890917,215.79293823242,3
915,1.31738842547317e+18,8.4802920163586,48.967796143846,215.6978302002,3
916,1.31738842558325e+18,8.4802957110465,48.967786685689,215.59281921387,3
917,1.31738842568315e+18,8.4802988123386,48.967778179339,215.50668334961,3
918,1.31738842578325e+18,8.4803016887585,48.96776979104,215.42349243164,2
919,1.31738842589328e+18,8.4803045874539,48.967760730188,215.33599853516,2
920,1.31738842599315e+18,8.480307004059,48.967752596776,215.26084899902,2
921,1.31738842610315e+18,8.4803094115652,48.967743796257,215.1826171875,2
922,1.31738842620315e+18,8.4803112965464,48.967735994427,215.1121673584,2
923,1.31738842630318e+18,8.4803129699009,48.96772835713,215.04374694824,3
924,1.31738842641322e+18,8.4803145606455,48.967720158269,214.96923828125,3
925,1.31738842651315e+18,8.4803158438437,48.967712851742,214.90893554688,3
926,1.31738842662323e+18,8.4803171041566,48.967704959704,214.84571838379,3
927,1.31738842672315e+18,8.4803179819917,48.967697911296,214.80349731445,1
928,1.31738842682314e+18,8.4803186239699,48.96769093213,214.77732849121,1
929,1.31738842693332e+18,8.480319062716,48.967683392093,214.74667358398,1
930,1.31738842703316e+18,8.480319111129,48.967676643704,214.71832275391,1
931,1.31738842714313e+18,8.4803187844011,48.967669344236,214.69149780273,1
932,1.31738842724316e+18,8.4803181166732,48.967662856972,214.65811157227,1
933,1.3173884273432e+18,8.4803170771882,48.967656360541,214.62617492676,2
934,1.31738842745318e+18,8.480315468622,48.96764926998,214.58892822266,2
935,1.31738842755311e+18,8.4803136774454,48.967642852002,214.55836486816,2
936,1.3173884276631e+18,8.4803112880178,48.967635889645,214.52937316895,2
937,1.3173884277631e+18,8.4803086808105,48.967629571719,214.5124206543,2
938,1.31738842786336e+18,8.480305656818,48.967623329244,214.50103759766,2
939,1.31738842797318e+18,8.4803020210823,48.967616605918,214.48950195312,2
940,1.31738842807312e+18,8.4802983887139,48.967610661519,214.47007751465,0
941,1.3173884281832e+18,8.4802939134732,48.967604252124,214.44178771973,0
942,1.31738842828308e+18,8.4802893552237,48.967598685213,214.40556335449,0
943,1.31738842838338e+18,8.4802845116229,48.967593192328,214.37121582031,0
944,1.31738842849311e+18,8.4802787672937,48.967587296987,214.33801269531,0
945,1.31738842859314e+18,8.480273112954,48.967582082086,214.30923461914,2
946,1.31738842870311e+18,8.4802665938729,48.967576542267,214.27378845215,2
947,1.3173884288031e+18,8.4802604911731,48.967571602093,214.24740600586,2
948,1.31738842890323e+18,8.4802541608491,48.967566755379,214.22184753418,2
949,1.31738842901309e+18,8.4802469114763,48.967561611011,214.18446350098,2
950,1.3173884291131e+18,8.4802401435574,48.96755701652,214.15057373047,2
951,1.31738842921309e+18,8.4802332189504,48.967552506023,214.11175537109,2
952,1.31738842932308e+18,8.4802254430903,48.967547581677,214.06623840332,2
953,1.31738842942325e+18,8.4802181746844,48.967543213638,214.02473449707,2
954,1.31738842953306e+18,8.4802100659187,48.967538404443,213.98432922363,2
955,1.31738842963309e+18,8.4802025369129,48.96753414422,213.94317626953,2
956,1.31738842973309e+18,8.4801948928284,48.967529937374,213.90354919434,2
957,1.31738842984307e+18,8.4801863086288,48.967525424409,213.8638458252,2
958,1.31738842994313e+18,8.4801783415585,48.967521433726,213.83427429199,2
959,1.31738843005312e+18,8.480169423888,48.967517250367,213.79504394531,3
960,1.31738843015307e+18,8.4801611031684,48.967513616297,213.75436401367,3
961,1.31738843025308e+18,8.4801526047719,48.96751013805,213.71955871582,3
962,1.3173884303633e+18,8.4801429809841,48.96750654181,213.68884277344,3
963,1.3173884304632e+18,8.4801340426514,48.96750351309,213.66027832031,3
964,1.31738843057308e+18,8.480124036685,48.967500455665,213.62319946289,3
965,1.31738843067305e+18,8.4801148298132,48.96749790527,213.58741760254,3
966,1.31738843077318e+18,8.480105529158,48.967495679592,213.54861450195,3
967,1.31738843088327e+18,8.4800952205211,48.967493520234,213.50849914551,3
968,1.31738843098302e+18,8.4800858312221,48.967491924941,213.46614074707,3
969,1.31738843109305e+18,8.4800755279236,48.967490424199,213.42654418945,3
970,1.31738843119304e+18,8.4800662210178,48.967489401538,213.3885345459,3
971,1.31738843129306e+18,8.4800569979562,48.967488584681,213.35311889648,3
972,1.31738843140309e+18,8.4800469163172,48.967487885383,213.3175201416,4
973,1.31738843150305e+18,8.4800377071781,48.967487444079,213.2858581543,4
974,1.31738843160306e+18,8.480028469526,48.967487132154,213.25823974609,4
975,1.31738843171303e+18,8.480018308136,48.967486920105,213.23500061035,4
976,1.31738843181309e+18,8.4800090272681,48.967486903369,213.21572875977,4
977,1.3173884319233e+18,8.4799988116352,48.967487089825,213.19485473633,4
978,1.31738843202311e+18,8.4799895321841,48.967487465371,213.16918945312,4
979,1.31738843212309e+18,8.4799802721486,48.967487963179,213.14019775391,3
980,1.31738843223305e+18,8.4799700753982,48.967488755251,213.10847473145,3
981,1.31738843233303e+18,8.4799608200404,48.967489740068,213.08047485352,3
982,1.31738843243312e+18,8.4799515893729,48.967490892712,213.05279541016,3
983,1.31738843254305e+18,8.4799414921882,48.96749233915,213.01705932617,3
984,1.31738843264304e+18,8.479932421617,48.967493859228,212.98164367676,3
985,1.31738843275305e+18,8.4799224036821,48.96749583239,212.95419311523,4
986,1.31738843285326e+18,8.4799133678333,48.967497829597,212.93688964844,4
987,1.31738843295308e+18,8.4799044057643,48.967499968816,212.91062927246,4
988,1.31738843306299e+18,8.4798946296615,48.967502566254,212.87565612793,4
989,1.31738843316301e+18,8.4798858374353,48.967505181027,212.83760070801,4
990,1.31738843326299e+18,8.4798770726719,48.967508037694,212.7964630127,4
991,1.31738843337319e+18,8.4798675102507,48.967511427435,212.75491333008,3
992,1.31738843347304e+18,8.4798589192028,48.96751471254,212.72201538086,3
993,1.31738843358307e+18,8.4798495401985,48.967518512694,212.68397521973,3
994,1.31738843368298e+18,8.4798410684811,48.967522143191,212.64723205566,3
995,1.31738843378307e+18,8.4798327031705,48.967525990795,212.60694885254,3
996,1.31738843389309e+18,8.4798235903583,48.967530417297,212.56336975098,3
997,1.317388433993e+18,8.4798153155444,48.967534616197,212.52459716797,3
998,1.317388434093e+18,8.4798070374417,48.96753895024,212.49145507812,3
999,1.317388434203e+18,8.4797979603672,48.967543840216,212.46087646484,3
1000,1.31738843430307e+18,8.4797897065426,48.967548408479,212.43296813965,1
1001,1.31738843441303e+18,8.4797806174686,48.967553581163,212.41160583496,1
1002,1.31738843451298e+18,8.4797723696051,48.967558446306,212.3871307373,1
1003,1.31738843461294e+18,8.4797641399662,48.967563430973,212.35539245605,1
1004,1.31738843472296e+18,8.4797550650988,48.967569043078,212.32586669922,1
1005,1.31738843482299e+18,8.4797467709501,48.967574211632,212.29228210449,1
1006,1.31738843492341e+18,8.4797384049527,48.96757945878,212.25007629395,1
1007,1.31738843503296e+18,8.4797291363513,48.967585336682,212.20664978027,2
1008,1.31738843513298e+18,8.479720590681,48.967590718585,212.17411804199,2
1009,1.31738843524295e+18,8.4797111043553,48.967596679287,212.13882446289,2
1010,1.31738843534298e+18,8.4797024117765,48.967602148537,212.10583496094,2
1011,1.31738843544303e+18,8.4796936385841,48.967607684198,212.06723022461,2
1012,1.31738843555295e+18,8.4796838963155,48.967613882512,212.01332092285,2
1013,1.31738843565295e+18,8.4796749477484,48.967619586389,211.96383666992,3
1014,1.31738843575293e+18,8.4796659054279,48.967625351874,211.91130065918,3
1015,1.31738843586312e+18,8.479655931229,48.967631736816,211.86656188965,3
1016,1.31738843596301e+18,8.4796467820093,48.967637603252,211.82887268066,3
1017,1.31738843607297e+18,8.4796366209787,48.967644122283,211.79010009766,3
1018,1.31738843617295e+18,8.4796273265814,48.967650098581,211.75401306152,3
1019,1.31738843627308e+18,8.479617998201,48.967656164425,211.71153259277,3
1020,1.31738843638309e+18,8.4796076852096,48.967662851702,211.67384338379,2
1021,1.31738843648298e+18,8.4795982885766,48.967668971798,211.64122009277,2
1022,1.31738843658299e+18,8.479588864629,48.967675107374,211.60833740234,2
1023,1.31738843669293e+18,8.4795784720002,48.967681857832,211.5756072998,2
1024,1.31738843679297e+18,8.4795690213524,48.967688048577,211.53826904297,2
1025,1.31738843690311e+18,8.4795586264065,48.967694886794,211.48974609375,2
1026,1.31738843700293e+18,8.4795492036374,48.967701138393,211.44575500488,3
1027,1.31738843710293e+18,8.4795397799162,48.967707442704,211.40701293945,3
1028,1.31738843721291e+18,8.4795294282456,48.967714390611,211.36973571777,3
1029,1.3173884373129e+18,8.4795200413522,48.967720660387,211.33563232422,3
1030,1.31738843741297e+18,8.4795106094672,48.967726931931,211.29972839355,3
1031,1.31738843752291e+18,8.4795001797813,48.967733805173,211.25993347168,3
1032,1.31738843762292e+18,8.4794906405108,48.967740025287,211.22410583496,2
1033,1.31738843773291e+18,8.4794801148792,48.967746853942,211.18171691895,3
1034,1.31738843783295e+18,8.4794705249751,48.967753038457,211.14665222168,3
1035,1.31738843793296e+18,8.4794608712242,48.96775918383,211.11558532715,3
1036,1.31738843804291e+18,8.4794502148063,48.967765894878,211.08793640137,3
1037,1.31738843814295e+18,8.4794404817261,48.967771931983,211.06777954102,3
1038,1.31738843824291e+18,8.4794306609988,48.967777904098,211.05406188965,3
1039,1.31738843835308e+18,8.4794198009674,48.967784427635,211.04002380371,2
1040,1.31738843845293e+18,8.4794098672442,48.967790272099,211.03337097168,2
1041,1.3173884385629e+18,8.4793988656225,48.967796638195,211.01808166504,2
1042,1.31738843866289e+18,8.4793888270979,48.967802338293,211.00610351562,2
1043,1.31738843876291e+18,8.4793786886021,48.967807958775,210.98452758789,2
1044,1.31738843887314e+18,8.479367396448,48.967814008488,210.95915222168,2
1045,1.31738843897293e+18,8.4793570305222,48.967819428833,210.92411804199,3
1046,1.31738843907292e+18,8.4793465227166,48.967824719788,210.90173339844,3
1047,1.31738843918289e+18,8.4793348678496,48.967830436469,210.88174438477,3
1048,1.3173884392829e+18,8.4793241786429,48.96783554895,210.8636932373,3
1049,1.31738843938312e+18,8.4793133990686,48.967840540814,210.85089111328,3
1050,1.31738843949289e+18,8.4793014493498,48.967845919749,210.82391357422,3
1051,1.31738843959288e+18,8.4792904624109,48.967850687231,210.80065917969,2
1052,1.31738843970297e+18,8.4792782589607,48.967855821574,210.77458190918,2
1053,1.31738843980286e+18,8.4792670790376,48.967860396351,210.75085449219,2
1054,1.31738843990305e+18,8.4792558266433,48.967864886564,210.72085571289,2
1055,1.31738844001286e+18,8.4792433504494,48.967869695259,210.68927001953,2
1056,1.31738844011288e+18,8.4792318989849,48.967873944853,210.65394592285,2
1057,1.31738844022287e+18,8.4792192179737,48.967878555297,210.61222839355,2
1058,1.31738844032287e+18,8.4792075972037,48.967882659413,210.56747436523,2
1059,1.31738844042311e+18,8.4791959136166,48.96788664804,210.52325439453,2
1060,1.31738844053291e+18,8.4791829892729,48.967890904033,210.47834777832,2
1061,1.31738844063288e+18,8.4791711884083,48.967894704731,210.43984985352,2
1062,1.31738844073285e+18,8.4791593117537,48.967898401182,210.39663696289,2
1063,1.31738844084286e+18,8.4791461760693,48.967902407773,210.34378051758,2
1064,1.31738844094286e+18,8.4791341582356,48.967905953884,210.29618835449,2
1065,1.31738844105287e+18,8.4791208552485,48.967909758897,210.24534606934,2
1066,1.31738844115284e+18,8.4791086664609,48.967913144676,210.19857788086,2
1067,1.31738844125288e+18,8.4790964396292,48.967916404891,210.15264892578,2
1068,1.31738844136295e+18,8.4790829492225,48.967919900522,210.10420227051,2
1069,1.31738844146289e+18,8.4790706660092,48.967922999617,210.06416320801,2
1070,1.31738844156285e+18,8.4790583531441,48.967926014603,210.02755737305,3
1071,1.31738844167285e+18,8.4790447907702,48.967929230488,209.98750305176,3
1072,1.31738844177299e+18,8.4790324485759,48.967932074603,209.95234680176,3
1073,1.31738844188306e+18,8.4790188771016,48.967935055568,209.91827392578,3
1074,1.31738844198288e+18,8.4790065561696,48.967937734866,209.88204956055,3
1075,1.31738844208281e+18,8.4789942252092,48.967940375394,209.84521484375,3
1076,1.31738844219283e+18,8.478980651404,48.96794317888,209.80293273926,5
1077,1.31738844229282e+18,8.4789683117901,48.967945620534,209.76879882812,5
1078,1.31738844239301e+18,8.4789559803977,48.967947991881,209.73110961914,5
1079,1.31738844250282e+18,8.4789424221557,48.967950562718,209.68832397461,5
1080,1.31738844260281e+18,8.4789301022056,48.967952849905,209.64945983887,5
1081,1.31738844271282e+18,8.4789166011613,48.96795525472,209.60441589355,3
1082,1.31738844281284e+18,8.478904403857,48.967957417164,209.55485534668,3
1083,1.31738844291288e+18,8.4788922969711,48.967959519292,209.50077819824,3
1084,1.31738844302282e+18,8.4788791011616,48.967961796587,209.43908691406,3
1085,1.31738844312281e+18,8.4788672213565,48.96796377611,209.39056396484,3
1086,1.3173884432228e+18,8.4788554506634,48.967965679228,209.34257507324,3
1087,1.3173884433328e+18,8.4788427220588,48.967967646301,209.29887390137,3
1088,1.31738844343284e+18,8.4788313505187,48.967969344385,209.26272583008,3
1089,1.31738844354285e+18,8.4788191244208,48.967971063249,209.23121643066,3
1090,1.3173884436428e+18,8.4788082918757,48.967972496749,209.20501708984,3
1091,1.31738844374283e+18,8.4787977550525,48.967973888123,209.17337036133,4
1092,1.31738844385293e+18,8.4787864538726,48.967975365247,209.14019775391,4
1093,1.31738844395288e+18,8.4787765329981,48.967976635757,209.11935424805,4
1094,1.31738844405291e+18,8.4787668848757,48.967977785867,209.11366271973,4
1095,1.31738844416286e+18,8.4787565985189,48.967979003054,209.11033630371,4
1096,1.31738844426284e+18,8.4787474513191,48.967980082526,209.1103515625,4
1097,1.31738844437301e+18,8.4787375120001,48.96798134957,209.10966491699,4
1098,1.31738844447278e+18,8.4787285404105,48.967982535888,209.11312866211,3
1099,1.31738844457274e+18,8.4787196214725,48.9679837655,209.12001037598,3
1100,1.31738844468282e+18,8.478709933282,48.96798508158,209.12979125977,3
1101,1.3173884447828e+18,8.4787012228285,48.967986364705,209.12483215332,3
1102,1.31738844489285e+18,8.4786917318537,48.967987761729,209.12026977539,3
1103,1.31738844499274e+18,8.4786832150651,48.967989171476,209.11320495605,3
1104,1.31738844509276e+18,8.4786747799098,48.96799062994,209.12074279785,3
1105,1.31738844520274e+18,8.478665606768,48.967992287277,209.12954711914,3
1106,1.31738844530276e+18,8.4786574003912,48.967993944386,209.13676452637,3
1107,1.31738844541278e+18,8.4786485724137,48.967995969417,209.13969421387,3
1108,1.31738844551276e+18,8.4786406773935,48.967998012491,209.13925170898,3
1109,1.31738844562274e+18,8.4786321601201,48.968000534577,209.13059997559,5
1110,1.31738844572274e+18,8.4786245838131,48.968003034519,209.12147521973,5
1111,1.3173884458228e+18,8.4786171784394,48.968005709169,209.11283874512,5
1112,1.31738844593283e+18,8.4786092475839,48.968008907821,209.09530639648,3
1113,1.31738844603274e+18,8.4786021969792,48.968012002362,209.07182312012,3
1114,1.31738844614275e+18,8.4785946566024,48.968015698735,209.04463195801,3
1115,1.31738844624273e+18,8.4785879953816,48.968019312184,209.02420043945,3
1116,1.31738844634272e+18,8.4785815128685,48.968023208117,208.99769592285,3
1117,1.31738844645277e+18,8.4785746093507,48.968027631361,208.96376037598,3
1118,1.31738844655273e+18,8.4785686040551,48.968031927424,208.92539978027,3
1119,1.31738844666281e+18,8.4785622570488,48.96803684812,208.88545227051,3
1120,1.31738844676272e+18,8.4785568074178,48.968041548685,208.85150146484,3
1121,1.31738844686288e+18,8.4785516023113,48.968046391823,208.81845092773,3
1122,1.31738844697276e+18,8.4785462096715,48.968051900101,208.78395080566,3
1123,1.31738844707272e+18,8.4785415394703,48.968057055294,208.76043701172,3
1124,1.31738844718272e+18,8.4785367201233,48.968062928487,208.72676086426,3
1125,1.31738844728273e+18,8.478532576854,48.968068481537,208.68957519531,3
1126,1.31738844738293e+18,8.4785286590596,48.9680741996,208.65226745605,3
1127,1.31738844749272e+18,8.4785245869164,48.968080701874,208.61779785156,4
1128,1.31738844759274e+18,8.4785210014559,48.968086732379,208.59457397461,4
1129,1.31738844769271e+18,8.4785175226292,48.968092930387,208.56951904297,4
1130,1.31738844780276e+18,8.4785137401439,48.968099853556,208.54629516602,4
1131,1.3173884479029e+18,8.478510414233,48.96810630176,208.52560424805,4
1132,1.31738844801272e+18,8.4785068233715,48.9681136188,208.49517822266,1
1133,1.31738844811273e+18,8.4785036758071,48.968120362593,208.46894836426,1
1134,1.31738844821276e+18,8.47850060175,48.968127285971,208.44892883301,1
1135,1.31738844832272e+18,8.4784972960419,48.968135050845,208.42691040039,1
1136,1.31738844842295e+18,8.4784942864419,48.968142263449,208.40510559082,1
1137,1.31738844852275e+18,8.4784912221377,48.968149558448,208.38055419922,1
1138,1.31738844863272e+18,8.478487703692,48.968157719943,208.34638977051,1
1139,1.31738844873272e+18,8.4784843694499,48.968165275723,208.31146240234,0
1140,1.3173884488327e+18,8.4784809767845,48.968172933331,208.27059936523,0
1141,1.31738844894279e+18,8.4784771508097,48.968181494042,208.23039245605,0
1142,1.31738844904271e+18,8.4784736742691,48.968189305719,208.19647216797,1
1143,1.31738844915271e+18,8.4784697221836,48.968198050121,208.15731811523,1
1144,1.31738844925271e+18,8.4784661283009,48.968206109886,208.11756896973,1
1145,1.31738844935292e+18,8.4784624302389,48.968214230315,208.08555603027,1
1146,1.31738844946273e+18,8.4784582930475,48.968223259373,208.05194091797,1
1147,1.31738844956269e+18,8.4784544460291,48.968231511441,208.02919006348,2
1148,1.31738844966275e+18,8.4784505180383,48.968239844822,208.00706481934,2
1149,1.31738844977283e+18,8.4784461208798,48.968249129231,207.97930908203,2
1150,1.31738844987283e+18,8.4784420334938,48.968257636501,207.95428466797,2
1151,1.31738844998272e+18,8.478437484673,48.968267013582,207.9319152832,1
1152,1.31738845008268e+18,8.4784332614674,48.968275593623,207.91456604004,1
1153,1.31738845018265e+18,8.4784290022473,48.968284136843,207.90884399414,1
1154,1.31738845029265e+18,8.4784242249838,48.968293629634,207.90435791016,1
1155,1.31738845039278e+18,8.478419837551,48.968302229472,207.90211486816,2
1156,1.31738845049266e+18,8.4784154118967,48.968310857892,207.89329528809,2
1157,1.3173884506027e+18,8.4784104422828,48.968320338966,207.88774108887,2
1158,1.31738845070265e+18,8.4784058248565,48.968328977638,207.88299560547,2
1159,1.31738845080267e+18,8.4784011162428,48.968337616137,207.87249755859,2
1160,1.31738845091292e+18,8.4783958425564,48.968347104768,207.85697937012,3
1161,1.31738845101265e+18,8.4783909794593,48.968355744025,207.84367370605,3
1162,1.3173884511227e+18,8.4783855206283,48.968365233844,207.82890319824,3
1163,1.31738845122268e+18,8.4783804001366,48.968373843755,207.81033325195,3
1164,1.3173884513227e+18,8.4783751078583,48.968382369167,207.79679870605,3
1165,1.31738845143267e+18,8.4783690971392,48.968391707494,207.78601074219,3
1166,1.31738845153261e+18,8.4783633783018,48.968400061986,207.78559875488,3
1167,1.31738845163266e+18,8.4783574407847,48.968408416134,207.77934265137,0
1168,1.31738845174267e+18,8.4783506587685,48.968417550344,207.76527404785,2
1169,1.31738845184265e+18,8.4783442563954,48.968425757213,207.76156616211,2
1170,1.31738845195267e+18,8.4783370270916,48.968434691127,207.76364135742,2
1171,1.31738845205265e+18,8.478330259418,48.968442740669,207.76863098145,2
1172,1.31738845215264e+18,8.4783233679458,48.968450744293,207.7631072998,2
1173,1.3173884522626e+18,8.4783155863769,48.968459549379,207.75495910645,2
1174,1.31738845236286e+18,8.4783083253623,48.968467543118,207.75106811523,2
1175,1.31738845246262e+18,8.4783009235026,48.968475472698,207.75082397461,2
1176,1.31738845257267e+18,8.4782925715345,48.968484203735,207.74269104004,0
1177,1.31738845267262e+18,8.4782848131566,48.968492080451,207.73887634277,0
1178,1.31738845278269e+18,8.4782760916782,48.968500763272,207.72901916504,0
1179,1.31738845288286e+18,8.4782679986943,48.968508628169,207.71835327148,0
1180,1.31738845298268e+18,8.4782597494165,48.968516467404,207.71127319336,0
1181,1.31738845309258e+18,8.478250484945,48.968525090121,207.69869995117,0
1182,1.31738845319264e+18,8.4782419323621,48.968532924577,207.68432617188,3
1183,1.31738845329261e+18,8.4782332793779,48.96854072567,207.67451477051,2
1184,1.31738845340262e+18,8.4782236699908,48.968549314402,207.66647338867,2
1185,1.31738845350267e+18,8.47821491493,48.968557168636,207.6466217041,2
1186,1.3173884536126e+18,8.4782052118706,48.968565845582,207.62821960449,2
1187,1.31738845371263e+18,8.4781963480387,48.968573764955,207.61393737793,2
1188,1.31738845381259e+18,8.4781874463348,48.968581724447,207.59867858887,2
1189,1.31738845392305e+18,8.4781775615195,48.968590512892,207.58283996582,2
1190,1.31738845402257e+18,8.478168525967,48.96859852485,207.5700378418,1
1191,1.31738845413258e+18,8.4781584982286,48.968607350818,207.5482635498,3
1192,1.31738845423261e+18,8.4781492892616,48.968615437935,207.52053833008,3
1193,1.3173884543326e+18,8.4781399903153,48.968623498124,207.50323486328,3
1194,1.31738845444257e+18,8.4781297044433,48.968632417793,207.49044799805,3
1195,1.31738845454257e+18,8.4781202924741,48.968640584947,207.47454833984,3
1196,1.31738845464261e+18,8.4781108456743,48.968648827386,207.44897460938,0
1197,1.31738845475258e+18,8.4781004534461,48.968657979208,207.41174316406,0
1198,1.31738845485279e+18,8.4780909685996,48.96866633696,207.37268066406,0
1199,1.3173884549626e+18,8.4780804969942,48.968675595281,207.33157348633,0
1200,1.31738845506262e+18,8.4780708977144,48.968684043759,207.30738830566,1
1201,1.31738845516251e+18,8.4780612113601,48.968692528447,207.28385925293,1
1202,1.31738845527271e+18,8.4780505052353,48.968701895771,207.25137329102,1
1203,1.31738845537276e+18,8.4780407256792,48.968710466457,207.21788024902,0
1204,1.31738845547259e+18,8.4780309180195,48.968719100103,207.1852722168,0
1205,1.31738845558254e+18,8.4780201180082,48.968728723862,207.14001464844,0
1206,1.31738845568252e+18,8.4780103543358,48.968737527117,207.10173034668,0
1207,1.31738845579258e+18,8.4779996785231,48.96874729314,207.06008911133,0
1208,1.31738845589265e+18,8.4779900186658,48.968756235021,207.02807617188,1
1209,1.31738845599257e+18,8.4779804364512,48.9687652527,207.00205993652,0
1210,1.31738845610256e+18,8.477970018918,48.968775274563,206.97300720215,0
1211,1.31738845620256e+18,8.4779606439854,48.968784522958,206.93623352051,0
1212,1.31738845630255e+18,8.4779513457263,48.968793882534,206.90000915527,1
1213,1.31738845641258e+18,8.4779412477379,48.968804224086,206.86428833008,1
1214,1.31738845651252e+18,8.4779320961619,48.968813662882,206.84130859375,1
1215,1.3173884566226e+18,8.4779221135013,48.9688241517,206.81712341309,1
1216,1.31738845672255e+18,8.47791307139,48.968833749459,206.78898620605,0
1217,1.31738845682259e+18,8.4779041843671,48.968843416498,206.75570678711,0
1218,1.31738845693258e+18,8.4778945529617,48.968854100091,206.71865844727,0
1219,1.31738845703255e+18,8.4778858916696,48.968863816722,206.68174743652,0
1220,1.31738845713255e+18,8.4778772405244,48.968873569122,206.64488220215,2
1221,1.31738845724252e+18,8.477867660366,48.968884266869,206.61891174316,2
1222,1.31738845734259e+18,8.4778589367602,48.968894074488,206.58808898926,1
1223,1.31738845745255e+18,8.4778493213591,48.968904942556,206.53768920898,1
1224,1.31738845755251e+18,8.4778406204691,48.968914867414,206.49911499023,1
1225,1.31738845765256e+18,8.4778319336669,48.968924840867,206.46089172363,1
1226,1.31738845776254e+18,8.4778224526641,48.96893586516,206.42304992676,1
1227,1.31738845786262e+18,8.4778137698317,48.968945867825,206.39051818848,1
1228,1.31738845796259e+18,8.4778050622528,48.968955898259,206.35473632812,1
1229,1.31738845807252e+18,8.4777953620232,48.968966998906,206.3062286377,2
1230,1.31738845817254e+18,8.4777865055853,48.968977131548,206.26139831543,2
1231,1.31738845828249e+18,8.4777767646762,48.968988357192,206.21192932129,4
1232,1.31738845838267e+18,8.4777679394142,48.968998633241,206.16098022461,4
1233,1.31738845848253e+18,8.4777591511398,48.969008939912,206.10765075684,4
1234,1.3173884585925e+18,8.4777495116151,48.969020301786,206.04913330078,3
1235,1.31738845869253e+18,8.4777407164913,48.969030632779,206.00065612793,3
1236,1.31738845879248e+18,8.4777318820928,48.96904095487,205.95806884766,2
1237,1.31738845890267e+18,8.4777221559167,48.969052329765,205.91546630859,2
1238,1.31738845900251e+18,8.477713284078,48.96906268038,205.8736114502,3
1239,1.31738845910251e+18,8.4777043891345,48.969073060771,205.83180236816,3
1240,1.31738845921247e+18,8.4776945363461,48.969084504837,205.79428100586,3
1241,1.3173884593125e+18,8.4776855902105,48.969094921466,205.76400756836,4
1242,1.31738845942268e+18,8.4776757006138,48.969106406262,205.73216247559,4
1243,1.31738845952247e+18,8.4776666589763,48.969116920881,205.69554138184,3
1244,1.31738845962257e+18,8.477657658018,48.969127487098,205.6607208252,3
1245,1.31738845973246e+18,8.4776477779193,48.969139151463,205.62481689453,5
1246,1.31738845983247e+18,8.4776387429802,48.969149804598,205.58796691895,5
1247,1.31738845993251e+18,8.4776296720839,48.969160552666,205.54583740234,5
1248,1.31738846004247e+18,8.4776196343974,48.969172397793,205.4987487793,4
1249,1.31738846014247e+18,8.4776105100464,48.969183272553,205.44541931152,3
1250,1.31738846025246e+18,8.4776004297091,48.969195205292,205.39085388184,3
1251,1.31738846035269e+18,8.4775912697133,48.969206134761,205.3271484375,3
1252,1.31738846045267e+18,8.4775821035068,48.969217090202,205.26422119141,3
1253,1.31738846056249e+18,8.477572056669,48.969229170491,205.19879150391,3
1254,1.31738846066246e+18,8.4775628932281,48.969240146529,205.1448059082,3
1255,1.31738846076244e+18,8.4775536857497,48.969251178317,205.09034729004,3
1256,1.31738846087269e+18,8.4775435208512,48.969263385297,205.02375793457,0
1257,1.3173884609725e+18,8.4775342531924,48.969274470475,204.96733093262,0
1258,1.31738846108244e+18,8.4775241045798,48.969286797592,204.90412902832,2
1259,1.31738846118253e+18,8.4775149411935,48.969298024405,204.85194396973,2
1260,1.31738846128243e+18,8.4775058061065,48.969309336623,204.79191589355,2
1261,1.31738846139267e+18,8.4774957396413,48.96932168303,204.72984313965,4
1262,1.31738846149245e+18,8.4774865919083,48.969332957108,204.67366027832,4
1263,1.31738846159246e+18,8.47747746627,48.969344203832,204.62414550781,3
1264,1.31738846170244e+18,8.4774674640447,48.969356636125,204.57263183594,3
1265,1.31738846180244e+18,8.47745838792,48.969367941193,204.53332519531,3
1266,1.31738846190268e+18,8.4774493549199,48.969379253215,204.48977661133,3
1267,1.31738846201244e+18,8.4774394358086,48.969391699753,204.4369354248,3
1268,1.31738846211244e+18,8.4774304073432,48.969403001266,204.39068603516,3
1269,1.31738846222241e+18,8.4774204599146,48.969415460806,204.33996582031,4
1270,1.31738846232241e+18,8.477411437336,48.969426781805,204.29086303711,4
1271,1.31738846242261e+18,8.4774024145096,48.969438124241,204.23957824707,2
1272,1.31738846253237e+18,8.4773924516766,48.969450607729,204.19007873535,2
1273,1.31738846263242e+18,8.4773833856717,48.969461915141,204.15655517578,2
1274,1.31738846273242e+18,8.47737436712,48.969473157467,204.12013244629,2
1275,1.31738846284237e+18,8.4773644168643,48.96948551768,204.08085632324,2
1276,1.31738846294245e+18,8.4773553417969,48.969496749904,204.04216003418,3
1277,1.31738846305243e+18,8.477345366566,48.969509111714,203.99624633789,3
1278,1.3173884631524e+18,8.4773362432143,48.969520325481,203.94886779785,3
1279,1.31738846325251e+18,8.4773270759842,48.969531512475,203.90235900879,3
1280,1.31738846336267e+18,8.4773169486554,48.969543809549,203.85969543457,3
1281,1.31738846346253e+18,8.4773076915288,48.969554934945,203.82020568848,3
1282,1.31738846356239e+18,8.4772983949989,48.969566040397,203.7843170166,3
1283,1.31738846367241e+18,8.477288126933,48.969578297052,203.72988891602,2
1284,1.31738846377253e+18,8.4772787256052,48.969589384654,203.6794128418,1
1285,1.31738846388244e+18,8.4772683404938,48.969601573332,203.62359619141,1
1286,1.31738846398236e+18,8.4772588471715,48.969612581567,203.57366943359,1
1287,1.31738846408237e+18,8.4772493362684,48.9696235545,203.52903747559,3
1288,1.31738846419239e+18,8.4772388249475,48.969635587159,203.47227478027,3
1289,1.31738846429237e+18,8.4772291975243,48.969646523832,203.42468261719,3
1290,1.31738846439258e+18,8.4772195163169,48.969657418028,203.38078308105,3
1291,1.31738846450239e+18,8.4772087685125,48.969669321274,203.32307434082,3
1292,1.31738846460238e+18,8.47719884636,48.969680100057,203.27247619629,3
1293,1.31738846470239e+18,8.4771888517386,48.969690849065,203.23759460449,3
1294,1.3173884648124e+18,8.4771777255096,48.969702643802,203.19367980957,1
1295,1.31738846491253e+18,8.4771675283225,48.969713311727,203.15612792969,0
1296,1.31738846502245e+18,8.477156170175,48.96972501314,203.11325073242,0
1297,1.31738846512238e+18,8.4771457775712,48.969735510203,203.07159423828,0
1298,1.31738846522237e+18,8.4771352831786,48.969746001951,203.02545166016,2
1299,1.31738846533235e+18,8.4771236635253,48.969757545934,202.97914123535,2
1300,1.31738846543244e+18,8.4771129945842,48.969768029385,202.93580627441,2
1301,1.31738846553234e+18,8.4771022839959,48.96977846647,202.89149475098,2
1302,1.31738846564238e+18,8.4770905177797,48.969789784102,202.85227966309,2
1303,1.31738846574242e+18,8.4770797481096,48.96980008221,202.81251525879,2
1304,1.31738846585243e+18,8.4770678130247,48.969811351332,202.7741394043,2
1305,1.3173884659524e+18,8.4770568722665,48.96982160241,202.74163818359,2
1306,1.31738846605233e+18,8.4770458352483,48.969831750844,202.71092224121,3
1307,1.31738846616234e+18,8.4770335987204,48.969842939341,202.67587280273,3
1308,1.31738846626239e+18,8.4770224154063,48.969853022404,202.64915466309,3
1309,1.31738846636242e+18,8.4770112393016,48.969863142422,202.61599731445,3
1310,1.31738846647236e+18,8.4769988915557,48.96987416956,202.58755493164,3
1311,1.31738846657235e+18,8.4769875961795,48.969884237197,202.55923461914,3
1312,1.31738846668234e+18,8.4769751989591,48.969895341504,202.51789855957,3
1313,1.31738846678235e+18,8.4769638429783,48.969905448574,202.47708129883,3
1314,1.31738846688255e+18,8.4769524147036,48.969915535506,202.43634033203,3
1315,1.31738846699234e+18,8.476939798183,48.969926524797,202.40100097656,3
1316,1.31738846709235e+18,8.476928259593,48.969936552507,202.36395263672,3
1317,1.31738846719233e+18,8.4769167108753,48.969946560221,202.31645202637,4
1318,1.31738846730236e+18,8.4769040032515,48.969957607184,202.26342773438,4
1319,1.31738846740233e+18,8.4768924282551,48.969967629091,202.21911621094,1
1320,1.3173884675123e+18,8.4768796957883,48.969978682928,202.16957092285,1
1321,1.31738846761231e+18,8.4768680979844,48.969988699482,202.12522888184,1
1322,1.31738846771234e+18,8.4768565037495,48.969998730637,202.07875061035,3
1323,1.3173884678223e+18,8.4768437151437,48.970009742356,202.03089904785,2
1324,1.31738846792271e+18,8.4768320828922,48.97001975387,201.98976135254,2
1325,1.31738846802237e+18,8.476820463323,48.970029757558,201.9474029541,2
1326,1.31738846813233e+18,8.4768076624666,48.970040712351,201.90274047852,2
1327,1.31738846823231e+18,8.4767960078917,48.970050633223,201.86557006836,1
1328,1.31738846834234e+18,8.4767831320258,48.970061489512,201.83096313477,1
1329,1.31738846844233e+18,8.4767713891023,48.970071377269,201.79563903809,1
1330,1.3173884685423e+18,8.4767595881844,48.970081236431,201.76170349121,1
1331,1.3173884686523e+18,8.4767466062115,48.970092105377,201.72547912598,1
1332,1.3173884687523e+18,8.476734744863,48.970102049303,201.68823242188,1
1333,1.31738846885251e+18,8.4767229078338,48.970112002502,201.65065002441,3
1334,1.31738846896234e+18,8.4767099198718,48.970122969566,201.61328125,0
1335,1.3173884690623e+18,8.4766981991034,48.97013287145,201.58444213867,0
1336,1.31738846917229e+18,8.4766854036011,48.970143715749,201.57090759277,0
1337,1.31738846927245e+18,8.4766737910644,48.970153617759,201.55447387695,2
1338,1.31738846937245e+18,8.4766622440796,48.970163560171,201.53187561035,1
1339,1.31738846948229e+18,8.47664970957,48.970174516674,201.51605224609,1
1340,1.31738846958235e+18,8.4766384361499,48.970184544774,201.49290466309,1
1341,1.31738846968226e+18,8.4766273192958,48.970194591339,201.47019958496,2
1342,1.31738846979228e+18,8.4766152580209,48.970205739738,201.43145751953,2
1343,1.31738846989243e+18,8.4766044402884,48.970215911442,201.40434265137,2
1344,1.3173884700023e+18,8.476592713904,48.970227203783,201.3645324707,3
1345,1.31738847010226e+18,8.4765822615438,48.970237530701,201.31930541992,3
1346,1.31738847020227e+18,8.4765720125788,48.970247933172,201.27323913574,3
1347,1.31738847031225e+18,8.4765609470124,48.97025945207,201.21501159668,3
1348,1.3173884704123e+18,8.4765510712221,48.970270037288,201.16104125977,3
1349,1.31738847051224e+18,8.4765413801026,48.970280682451,201.10667419434,5
1350,1.31738847062224e+18,8.4765309647958,48.970292433546,201.0520324707,5
1351,1.31738847072228e+18,8.4765216373934,48.970303241475,201.0020904541,2
1352,1.31738847083227e+18,8.476511556149,48.970315205942,200.94274902344,2
1353,1.31738847093233e+18,8.4765025923686,48.970326131569,200.88792419434,2
1354,1.31738847103228e+18,8.4764938192977,48.970337162508,200.82223510742,2
1355,1.31738847114228e+18,8.4764844599487,48.970349327267,200.75640869141,3
1356,1.31738847124225e+18,8.4764761432628,48.970360446846,200.70045471191,3
1357,1.31738847134223e+18,8.4764680123706,48.97037154271,200.65463256836,3
1358,1.31738847145226e+18,8.4764592410338,48.9703837866,200.60774230957,4
1359,1.31738847155235e+18,8.476451360573,48.970394957889,200.56948852539,4
1360,1.31738847165222e+18,8.4764435633877,48.970406157962,200.53157043457,4
1361,1.31738847176224e+18,8.4764351210514,48.970418515995,200.48216247559,3
1362,1.31738847186246e+18,8.4764275454138,48.970429792911,200.44187927246,3
1363,1.31738847197221e+18,8.4764193201293,48.970442231874,200.40191650391,2
1364,1.3173884720722e+18,8.4764119572952,48.970453618127,200.36103820801,3
1365,1.31738847217222e+18,8.4764047033619,48.970465092027,200.31922912598,3
1366,1.31738847228228e+18,8.4763968043027,48.970477707009,200.27528381348,3
1367,1.31738847238228e+18,8.4763896861522,48.970489203777,200.23872375488,3
1368,1.31738847248221e+18,8.4763826383332,48.970500706066,200.20138549805,4
1369,1.3173884725922e+18,8.4763750102801,48.970513407532,200.16583251953,4
1370,1.31738847269218e+18,8.4763681122296,48.970525000079,200.13359069824,4
1371,1.31738847280218e+18,8.476360736593,48.970537793271,200.09294128418,2
1372,1.31738847290239e+18,8.476354139389,48.970549463909,200.05249023438,4
1373,1.31738847300221e+18,8.4763476327968,48.970561163931,200.01364135742,4
1374,1.31738847311222e+18,8.4763406160339,48.970574015113,199.98199462891,1
1375,1.31738847321222e+18,8.4763343466247,48.970585768531,199.95182800293,1
1376,1.31738847331221e+18,8.4763282001557,48.970597564817,199.92245483398,1
1377,1.31738847342244e+18,8.4763214406302,48.970610574214,199.88478088379,2
1378,1.31738847352222e+18,8.4763153190086,48.970622402492,199.84707641602,2
1379,1.31738847363219e+18,8.4763086055391,48.970635447793,199.79815673828,2
1380,1.31738847373222e+18,8.4763025162949,48.970647304194,199.7600402832,2
1381,1.31738847383221e+18,8.4762963930634,48.970659187871,199.72123718262,1
1382,1.31738847394231e+18,8.4762896056496,48.970672342653,199.66575622559,1
1383,1.31738847404222e+18,8.4762833503805,48.970684298449,199.61029052734,3
1384,1.31738847414226e+18,8.4762771131871,48.970696265305,199.55458068848,3
1385,1.31738847425231e+18,8.4762702687511,48.970709463739,199.50393676758,3
1386,1.31738847435244e+18,8.4762640468439,48.970721404013,199.46633911133,5
1387,1.31738847445225e+18,8.4762578800425,48.970733407775,199.4320526123,5
1388,1.31738847456218e+18,8.4762510155068,48.970746598871,199.39102172852,5
1389,1.31738847466217e+18,8.4762447968687,48.970758601408,199.3511505127,4
1390,1.31738847477234e+18,8.476237973608,48.970771787363,199.30299377441,4
1391,1.31738847487233e+18,8.4762318080979,48.970783797698,199.26118469238,4
1392,1.31738847497219e+18,8.4762255747363,48.970795819255,199.22186279297,4
1393,1.31738847508219e+18,8.4762187384751,48.970809071055,199.17909240723,4
1394,1.31738847518215e+18,8.4762125105665,48.970821129806,199.13912963867,4
1395,1.31738847528218e+18,8.4762062943876,48.970833198784,199.09773254395,5
1396,1.31738847539239e+18,8.4761994800349,48.970846481915,199.04885864258,5
1397,1.31738847549219e+18,8.4761932768368,48.970858555011,199.00663757324,5
1398,1.31738847560217e+18,8.4761865095297,48.97087187838,198.96376037598,5
1399,1.3173884757022e+18,8.4761804025593,48.970884021952,198.92611694336,5
1400,1.31738847580216e+18,8.4761743426533,48.970896182821,198.88603210449,5
1401,1.31738847591226e+18,8.4761676866253,48.970909567591,198.83973693848,3
1402,1.31738847601217e+18,8.4761616648368,48.970921753996,198.80130004883,3
1403,1.31738847611217e+18,8.4761556587624,48.970934022496,198.75955200195,3
1404,1.31738847622212e+18,8.4761491044097,48.970947593929,198.7064666748,4
1405,1.31738847632215e+18,8.4761432089579,48.970959985599,198.65478515625,4
1406,1.31738847643218e+18,8.4761367162186,48.970973701747,198.59538269043,4
1407,1.31738847653215e+18,8.4761308531474,48.970986071653,198.55484008789,3
1408,1.31738847663217e+18,8.4761249919934,48.970998424247,198.50764465332,3
1409,1.31738847674216e+18,8.4761184733743,48.971012005429,198.46249389648,3
1410,1.31738847684215e+18,8.4761124598365,48.971024428941,198.42077636719,3
1411,1.31738847694215e+18,8.4761063953835,48.971036923267,198.38092041016,1
1412,1.31738847705211e+18,8.4760999670156,48.97105062559,198.32305908203,1
1413,1.31738847715213e+18,8.4760941862092,48.971062977826,198.26861572266,2
1414,1.31738847726218e+18,8.4760878044946,48.971076542034,198.20918273926,2
1415,1.31738847736227e+18,8.4760819174074,48.971088884024,198.17277526855,2
1416,1.3173884774622e+18,8.4760759997786,48.971101241456,198.13784790039,4
1417,1.31738847757214e+18,8.4760695432902,48.971114826043,198.09094238281,4
1418,1.31738847767213e+18,8.4760636932831,48.971127172162,198.04432678223,4
1419,1.31738847777226e+18,8.4760578398375,48.971139517613,197.99949645996,3
1420,1.31738847788228e+18,8.4760514041915,48.971153174628,197.9503326416,3
1421,1.31738847798218e+18,8.4760455524571,48.971165629258,197.9016418457,5
1422,1.3173884780821e+18,8.4760396869115,48.971178101012,197.84466552734,4
1423,1.31738847819211e+18,8.4760332297332,48.971191746546,197.78860473633,4
1424,1.31738847829213e+18,8.4760273297081,48.97120412878,197.74237060547,4
1425,1.31738847840213e+18,8.4760208213498,48.971217635425,197.69934082031,3
1426,1.3173884785021e+18,8.476014904707,48.971229935404,197.64817810059,3
1427,1.31738847860211e+18,8.4760089718923,48.971242229634,197.59642028809,3
1428,1.31738847871211e+18,8.4760024457393,48.971255780006,197.53437805176,3
1429,1.31738847881208e+18,8.4759965167174,48.971268089004,197.47410583496,3
1430,1.31738847891223e+18,8.4759906125879,48.971280389406,197.41070556641,3
1431,1.31738847902209e+18,8.4759841576914,48.971293939206,197.33610534668,3
1432,1.3173884791221e+18,8.4759782372462,48.971306203889,197.27828979492,4
1433,1.31738847923211e+18,8.4759717064026,48.9713196987,197.21701049805,4
1434,1.31738847933208e+18,8.4759657346229,48.971331947433,197.16735839844,4
1435,1.31738847943212e+18,8.4759597713163,48.971344210415,197.11549377441,4
1436,1.31738847954213e+18,8.4759531613997,48.971357668574,197.06042480469,4
1437,1.31738847964205e+18,8.4759471685055,48.971369923184,197.00840759277,3
1438,1.3173884797421e+18,8.4759411176042,48.971382147529,196.95690917969,3
1439,1.31738847985221e+18,8.4759344671556,48.971395574742,196.89686584473,3
1440,1.3173884799521e+18,8.4759283695174,48.971407782807,196.84588623047,4
1441,1.31738848006201e+18,8.4759216509461,48.971421213256,196.79704284668,4
1442,1.31738848016206e+18,8.4759155794284,48.971433425028,196.7518157959,5
1443,1.31738848026209e+18,8.4759095321616,48.971445624915,196.70065307617,6
1444,1.3173884803723e+18,8.4759029913188,48.971459250035,196.63304138184,6
1445,1.31738848047201e+18,8.4758969100527,48.971471483798,196.58612060547,6
1446,1.31738848057201e+18,8.4758908287703,48.971483846383,196.53033447266,3
1447,1.31738848068203e+18,8.4758841457576,48.971497354068,196.47010803223,3
1448,1.31738848078207e+18,8.4758781691243,48.971509810336,196.40866088867,7
1449,1.31738848089223e+18,8.4758715641442,48.971523396114,196.35246276855,7
1450,1.31738848099204e+18,8.4758655694857,48.971535792449,196.30195617676,7
1451,1.31738848109203e+18,8.4758595075402,48.97154810437,196.2546081543,4
1452,1.31738848120202e+18,8.4758528409239,48.971561650895,196.19850158691,3
1453,1.31738848130204e+18,8.4758467127604,48.97157391816,196.1480255127,3
1454,1.31738848140208e+18,8.4758406024393,48.971586161482,196.09971618652,5
1455,1.31738848151207e+18,8.4758338545565,48.971599629175,196.04850769043,5
1456,1.31738848161203e+18,8.4758276394253,48.971611909386,195.9969329834,5
1457,1.31738848171199e+18,8.4758214009188,48.971624237345,195.93870544434,5
1458,1.31738848182212e+18,8.475814567426,48.971637715416,195.88616943359,5
1459,1.3173884819222e+18,8.4758083782683,48.9716499756,195.83544921875,5
1460,1.317388482032e+18,8.4758015104131,48.971663349742,195.79006958008,3
1461,1.31738848213201e+18,8.4757952171354,48.971675483729,195.75389099121,2
1462,1.31738848223201e+18,8.4757889552919,48.971687607427,195.72294616699,2
1463,1.31738848234199e+18,8.4757820638332,48.97170091796,195.68960571289,4
1464,1.31738848244204e+18,8.4757758139894,48.971712979218,195.66014099121,4
1465,1.31738848254203e+18,8.4757695454412,48.971725005911,195.63468933105,4
1466,1.31738848265207e+18,8.4757626061534,48.971738212725,195.61585998535,2
1467,1.317388482752e+18,8.475756257771,48.971750221706,195.60797119141,2
1468,1.31738848286215e+18,8.4757491750714,48.971763588049,195.58700561523,2
1469,1.31738848296205e+18,8.4757430040311,48.971775615408,195.55682373047,2
1470,1.31738848306201e+18,8.4757368570416,48.971787591166,195.52394104004,2
1471,1.317388483172e+18,8.4757302312912,48.971800565988,195.49322509766,3
1472,1.31738848327211e+18,8.4757242456512,48.97181231486,195.47145080566,3
1473,1.31738848337217e+18,8.4757182682445,48.971823941809,195.4681854248,3
1474,1.31738848348197e+18,8.47571171875,48.971836549206,195.46678161621,3
1475,1.31738848358198e+18,8.4757057524361,48.971847844985,195.4655456543,3
1476,1.31738848369198e+18,8.4756990809668,48.97186003645,195.46655273438,3
1477,1.31738848379199e+18,8.4756929468534,48.971870990118,195.46974182129,3
1478,1.31738848389218e+18,8.4756868182649,48.971881829701,195.46617126465,3
1479,1.31738848400198e+18,8.4756801053483,48.971893553776,195.45309448242,3
1480,1.31738848410204e+18,8.4756741359875,48.971904064411,195.44927978516,3
1481,1.317388484202e+18,8.4756681788315,48.971914406931,195.45175170898,5
1482,1.31738848431197e+18,8.475661585931,48.971925670665,195.4533996582,2
1483,1.31738848441199e+18,8.4756554986323,48.971935569537,195.44845581055,2
1484,1.31738848451197e+18,8.4756495034156,48.971945316126,195.44789123535,2
1485,1.31738848462196e+18,8.4756429886633,48.97195593777,195.45082092285,2
1486,1.31738848472193e+18,8.4756372820797,48.97196542258,195.45948791504,4
1487,1.317388484832e+18,8.4756311835697,48.971975576161,195.4725189209,4
1488,1.31738848493204e+18,8.4756257042223,48.971984461272,195.47528076172,4
1489,1.31738848503197e+18,8.47562025935,48.971993111012,195.48040771484,4
1490,1.31738848514198e+18,8.4756143277715,48.972002321448,195.50859069824,5
1491,1.31738848524195e+18,8.475609150971,48.972010485504,195.53280639648,5
1492,1.3173884853522e+18,8.4756037228255,48.972019142215,195.55921936035,5
1493,1.31738848545204e+18,8.4755990626323,48.972026747501,195.58232116699,5
1494,1.31738848555196e+18,8.4755947458098,48.97203413057,195.5919342041,5
1495,1.31738848566199e+18,8.4755903455498,48.972042069147,195.59321594238,4
1496,1.31738848576193e+18,8.475586677988,48.972049034474,195.59623718262,4
1497,1.31738848586204e+18,8.475583320101,48.972055827204,195.60185241699,4
1498,1.31738848597199e+18,8.4755799859382,48.972063066976,195.61067199707,4
1499,1.31738848607196e+18,8.475577255723,48.972069466798,195.6203918457,4
1500,1.31738848618189e+18,8.475574796661,48.972076325673,195.62413024902,4
1501,1.31738848628192e+18,8.4755730095813,48.972082401581,195.63496398926,4
1502,1.31738848639215e+18,8.4755714746319,48.972088848877,195.65043640137,4
1503,1.31738848649195e+18,8.475570434451,48.972094501037,195.67147827148,4
1504,1.31738848659192e+18,8.4755697557806,48.972099947956,195.69680786133,4
1505,1.31738848670192e+18,8.4755695351597,48.972105751452,195.72552490234,4
1506,1.31738848680194e+18,8.4755696916536,48.972110989062,195.75129699707,4
1507,1.31738848691215e+18,8.4755702345976,48.972116634141,195.7858581543,4
1508,1.31738848701192e+18,8.4755710717734,48.972121676281,195.82499694824,4
1509,1.3173884871119e+18,8.475572310859,48.972126588086,195.86476135254,4
1510,1.31738848722195e+18,8.4755740148076,48.972131900975,195.900390625,4
1511,1.3173884873219e+18,8.4755760494868,48.972136506486,195.94250488281,4
1512,1.31738848743193e+18,8.4755787255248,48.972141414518,195.98216247559,4
1513,1.31738848753188e+18,8.4755815252592,48.972145758617,196.00337219238,4
1514,1.3173884876419e+18,8.4755848758053,48.972150368708,196.0203704834,4
1515,1.31738848774191e+18,8.4755882855986,48.972154265812,196.05000305176,3
1516,1.31738848784195e+18,8.4755919614585,48.972158094144,196.0638885498,3
1517,1.31738848795192e+18,8.4755963931507,48.972162102979,196.07791137695,3
1518,1.3173884880519e+18,8.475600723689,48.972165580258,196.10025024414,3
1519,1.31738848816188e+18,8.4756057887589,48.972169270844,196.109375,3
1520,1.31738848826187e+18,8.4756106718133,48.972172471,196.12275695801,5
1521,1.31738848836198e+18,8.4756158192795,48.972175524246,196.13407897949,5
1522,1.31738848847188e+18,8.475621873241,48.972178644182,196.14987182617,5
1523,1.31738848857186e+18,8.4756276541277,48.972181285653,196.17025756836,5
1524,1.31738848867184e+18,8.4756337408854,48.97218376889,196.18804931641,5
1525,1.31738848878192e+18,8.475640680411,48.972186287797,196.21403503418,5
1526,1.31738848888196e+18,8.4756473276062,48.972188347793,196.2310333252,5
1527,1.31738848899187e+18,8.4756548845663,48.972190445087,196.24276733398,2
1528,1.31738848909185e+18,8.4756620394098,48.972192151045,196.24147033691,2
1529,1.31738848919187e+18,8.4756693853695,48.972193607356,196.24639892578,2
1530,1.31738848930183e+18,8.4756777125545,48.97219491122,196.26240539551,7
1531,1.3173884894019e+18,8.4756854851988,48.972195834532,196.28411865234,7
1532,1.31738848950188e+18,8.4756934369654,48.972196531349,196.30928039551,7
1533,1.31738848961186e+18,8.4757023832875,48.972197027727,196.33843994141,7
1534,1.31738848971187e+18,8.4757106493292,48.972197229612,196.36724853516,7
1535,1.31738848982196e+18,8.4757199098707,48.972197145569,196.3975982666,7
1536,1.31738848992221e+18,8.4757284536634,48.972196830235,196.42991638184,7
1537,1.31738849002183e+18,8.4757371537251,48.972196221585,196.46878051758,3
1538,1.31738849013183e+18,8.475746779788,48.972195322016,196.51805114746,3
1539,1.31738849023183e+18,8.475755642226,48.972194285722,196.57582092285,3
1540,1.31738849033182e+18,8.4757645607452,48.972193132119,196.62767028809,3
1541,1.31738849044184e+18,8.475774467538,48.972191635311,196.70211791992,3
1542,1.31738849054184e+18,8.475783506691,48.972190058089,196.775390625,3
1543,1.31738849064182e+18,8.4757926258368,48.972188358918,196.84770202637,5
1544,1.31738849075182e+18,8.475802757332,48.972186367327,196.92353820801,5
1545,1.31738849085209e+18,8.4758120389219,48.972184495073,196.99002075195,5
1546,1.3173884909619e+18,8.4758223589313,48.972182320696,197.06211853027,5
1547,1.31738849106187e+18,8.4758318258567,48.972180320545,197.12753295898,5
1548,1.31738849116178e+18,8.4758413757114,48.972178239444,197.20233154297,5
1549,1.31738849127193e+18,8.4758520099429,48.972175957625,197.27136230469,5
1550,1.31738849137189e+18,8.4758617866396,48.972173797936,197.33195495605,4
1551,1.31738849147183e+18,8.4758716608071,48.972171565347,197.39099121094,4
1552,1.31738849158181e+18,8.475882631183,48.972169044921,197.4673614502,4
1553,1.31738849168181e+18,8.4758927498703,48.972166772198,197.53335571289,4
1554,1.31738849178191e+18,8.4759029855963,48.972164460773,197.59452819824,4
1555,1.31738849189202e+18,8.4759143659456,48.97216183703,197.66122436523,4
1556,1.31738849199184e+18,8.4759248361711,48.972159437641,197.72120666504,5
1557,1.31738849210178e+18,8.4759364771721,48.972156752696,197.78918457031,5
1558,1.3173884922018e+18,8.4759471250914,48.972154302379,197.84782409668,5
1559,1.31738849230184e+18,8.4759577999135,48.972151767107,197.91973876953,5
1560,1.31738849241183e+18,8.4759694620525,48.972149003363,197.99536132812,5
1561,1.31738849251177e+18,8.4759799538713,48.972146440029,198.06954956055,5
1562,1.31738849261178e+18,8.4759903622256,48.972143936076,198.1351776123,6
1563,1.3173884927218e+18,8.4760017118044,48.972141190281,198.20999145508,6
1564,1.31738849282178e+18,8.4760119273442,48.972138735543,198.27265930176,6
1565,1.31738849293186e+18,8.4760230477875,48.97213603731,198.33868408203,6
1566,1.31738849303179e+18,8.4760330836394,48.97213365497,198.38552856445,6
1567,1.3173884931318e+18,8.4760429889319,48.972131281292,198.42771911621,6
1568,1.31738849324176e+18,8.4760537906917,48.972128765184,198.46551513672,4
1569,1.31738849334182e+18,8.4760635449095,48.972126612626,198.49597167969,4
1570,1.3173884934418e+18,8.4760732395235,48.972124607087,198.51791381836,4
1571,1.31738849355176e+18,8.4760837464124,48.972122353281,198.55432128906,4
1572,1.31738849365177e+18,8.4760932312431,48.972120331377,198.59403991699,4
1573,1.31738849376178e+18,8.4761035349179,48.972118164982,198.63940429688,4
1574,1.31738849386192e+18,8.4761128091808,48.972116261017,198.67790222168,6
1575,1.31738849396182e+18,8.4761219765482,48.9721144186,198.70188903809,6
1576,1.31738849407177e+18,8.4761320172729,48.972112443662,198.72720336914,5
1577,1.31738849417178e+18,8.4761410468406,48.972110624739,198.75863647461,5
1578,1.31738849427189e+18,8.4761499779429,48.972108830625,198.79643249512,5
1579,1.3173884943818e+18,8.476159791224,48.972106962198,198.83134460449,5
1580,1.31738849448176e+18,8.4761687196084,48.972105360529,198.84092712402,5
1581,1.31738849459177e+18,8.4761785782242,48.972103712242,198.8423614502,5
1582,1.31738849469176e+18,8.4761875893588,48.972102242671,198.85856628418,5
1583,1.31738849479176e+18,8.4761966795329,48.972100835028,198.88096618652,5
1584,1.31738849490189e+18,8.47620674184,48.972099292998,198.91374206543,5
1585,1.31738849500176e+18,8.4762159624664,48.972098035803,198.94694519043,5
1586,1.31738849510179e+18,8.4762252127484,48.972096809281,198.97346496582,5
1587,1.31738849521176e+18,8.476235456746,48.972095560192,198.99069213867,7
1588,1.31738849531179e+18,8.4762447927491,48.972094424009,199.0083770752,7
1589,1.31738849542195e+18,8.4762551236553,48.972093194676,199.0387878418,7
1590,1.31738849552176e+18,8.476264588201,48.972092119081,199.06854248047,7
1591,1.31738849562179e+18,8.4762741141568,48.972091145262,199.09120178223,7
1592,1.31738849573173e+18,8.4762846724471,48.972090179947,199.11787414551,7
1593,1.31738849583175e+18,8.4762943441982,48.972089314457,199.14680480957,7
