0.9999325555772108 -0.002785486267260434 0.011274988385042917 0.016950317054216346 0.002772936084200321 0.9999955185570129 0.0011285793564745504 -0.005387338740387688 -0.011278081499124262 -0.0010972384179494682 0.9999357984118548 0.2927489117922825
0.9998289115139429 -0.004824820300915839 0.017856898104317346 0.030230052088424973 0.00480302483789434 0.9999876675015287 0.001263248692396058 -0.010727663104919037 -0.017862772832084952 -0.0011772654399670116 0.9998397548571636 0.5867481209907148
0.9997792527265482 -0.007561715272614182 0.01960271102885395 0.04274448856794208 0.007564858351634633 0.9999713823352246 -8.618990483366275e-05 -0.013956882877386438 -0.019601498301521296 0.00023446261088846674 0.999807844683977 0.8833199203443036
0.9998110854765767 -0.00911754949175012 0.017165769700617686 0.05122213664316422 0.009147197469810998 0.9999568031414282 -0.0016494331218411295 -0.017063840868593243 -0.01714998940516993 0.0018061402051418511 0.9998512968041606 1.1885424038756494
0.9998828614771601 -0.011625547721593252 0.009955398757390403 0.056130014886525414 0.01165623820592584 0.9999274719373581 -0.003030342530301512 -0.019962502636707652 -0.00991944731990691 0.0031460300598049684 0.9999458520638654 1.4986415792461931
0.9999062728150354 -0.01341494404539376 -0.0027358474742692177 0.05453450083846819 0.013400845898223088 0.999897157842982 -0.005107941536369623 -0.022138215010620195 0.002804088863711232 0.00507080011298476 0.9999832118950088 1.8249181247908224
0.9997248287440824 -0.012774551459833219 -0.0196742884906892 0.03853084025121286 0.012672034729739743 0.9999055190539103 -0.005326584397038015 -0.02772443718478617 0.01974047437178406 0.005075805407082825 0.999792253356189 2.160144827468026
0.9991896861166784 -0.008385354970635698 -0.039365682771542274 0.006085987793122728 0.008182921764797263 0.9999524700947985 -0.0053006926625600624 -0.03306633839908843 0.039408259913937746 0.0049742711353670255 0.9992108114293135 2.5039992451928983
0.9982190542337284 -0.004969668783019013 -0.05944764214758383 -0.0341892989156011 0.00458470920348833 0.9999676419821611 -0.006610251898124897 -0.03761705193941069 0.059478569302224726 0.006325929245913253 0.9982095383299718 2.8546467646932037
0.9967900739836785 -0.004811208798951928 -0.07991495903462105 -0.07628159776687171 0.0042491523204403435 0.9999650391231443 -0.0072017522872611355 -0.03952622623410846 0.07994681427155165 0.006839064361611315 0.9967756688876825 3.225029511932964
0.9948471727083323 -0.006179722828214523 -0.10119740105359981 -0.12507714060644248 0.005508422688938141 0.9999609423075185 -0.00691166687134293 -0.03804965577901214 0.10123616070217534 0.0063186141856321505 0.9948423567988326 3.607083846189272
0.9926218981543752 -0.0075089006991130225 -0.12101811316780377 -0.18783736983908003 0.006802606010962533 0.9999573403673764 -0.006248359533761129 -0.041613204201309824 0.12105986889082657 0.005379019956682329 0.9926306333618968 3.992561349436287
0.9902586485582953 -0.006460966618493712 -0.13909013216563132 -0.2577360590628546 0.005716792953881617 0.9999671322128886 -0.005749154046871971 -0.04662330001093252 0.13912270567315935 0.004898000029289965 0.9902630369562886 4.392810330530167
0.9879250464180392 -0.005312615194862835 -0.1548414633736898 -0.3376938680689648 0.004567153363950092 0.9999762073836179 -0.005169697943482913 -0.05173911995151565 0.15486524390599898 0.0044000893704565225 0.9879258046247535 4.804878471553687
0.9856999501759864 -0.004700486090716068 -0.16844439335747688 -0.42484387608210883 0.0038386042495941884 0.9999778247778305 -0.005441972989133757 -0.05724635787461978 0.16846623798397228 0.00471756114008591 0.9856961353664813 5.228589403093853
0.9835306958530985 -0.006219877479752715 -0.18063411482567826 -0.5135782865305546 0.005133273639951393 0.9999658137681916 -0.006482344996700414 -0.06290173084701364 0.18066825901761713 0.005448340945254028 0.9835290009778496 5.66540450054988
0.9816486408667201 -0.009915190442521708 -0.19044063348720788 -0.6066706711789548 0.008354009160717178 0.9999246130315287 -0.00899882129451874 -0.0686490247808069 0.19051550177206872 0.0072427378964419545 0.981657468943368 6.112763630312275
0.9800983869703449 -0.008926685767381537 -0.19831153808928392 -0.708270756258069 0.00685498000703858 0.9999145535019478 -0.011130810577129707 -0.07303640544140096 0.1983939543111889 0.009549867863550221 0.9800758332478962 6.572315143174556
0.9785566683490148 -0.008691786995846726 -0.2057943139848468 -0.8175604356882271 0.006162806014263012 0.9998974549034974 -0.012926697162817994 -0.07907688380033785 0.2058855668853583 0.01138123527247695 0.9785098879581987 7.047010080283204
0.976831196140846 -0.009306650587635443 -0.21380879425524635 -0.9327502910975664 0.00606649176419338 0.9998566799196015 -0.01580560969487106 -0.0887049910381974 0.21392524844841826 0.014142343334514746 0.9767476553344219 7.534829519781075
0.9750797273023621 -0.012813323941377361 -0.22148441058802137 -1.0512128953456508 0.00912467713239708 0.9998022462754886 -0.0176694258457052 -0.09776253530699545 0.22166701529812535 0.015208125198744602 0.9750038190985505 8.028142550074922
0.973162035292895 -0.019312519216107445 -0.22930913559236166 -1.1690915805559001 0.015346598677906286 0.9997004400102997 -0.01906599465625961 -0.11060822168219142 0.22960865613823842 0.015035186887455481 0.9731668963654952 8.540497605571602
0.9710699054092141 -0.01999295465256232 -0.23795697210378053 -1.3062700502684343 0.015289350344619215 0.9996498622868228 -0.021596031949766496 -0.12641023485924513 0.23830542288118042 0.017333049189234628 0.9710355765013061 9.057312274848602
0.969039073739232 -0.015619086306974709 -0.24641290085859008 -1.454607520250922 0.009535128323677582 0.9996199935585391 -0.025864063986100003 -0.1429691583214103 0.2467232354166526 0.022713709977926298 0.9688197626414194 9.569446067350649
0.9668084620758333 -0.012779194394717055 -0.25518246383555193 -1.6149577607442527 0.005588895373925483 0.9995671930648757 -0.02888236134572213 -0.16181295744070798 0.25544111240569706 0.026497523262138712 0.9664614422489449 10.112896346248062
0.9645065769738784 -0.015437635741553246 -0.26360717436527004 -1.7712968170066987 0.007629281854356991 0.9995020036362995 -0.030619255141329044 -0.18240490448375077 0.26394858785854014 0.027521339533789838 0.9641440342800168 10.6642018306096
0.9621116286598439 -0.01804506919251711 -0.27205806269129174 -1.9352318569963316 0.009361750700729659 0.9994054964268089 -0.03318149086013535 -0.20093928884491905 0.27249508549938817 0.029377358453767207 0.9617085832979542 11.234544399236702
0.9598985450640414 -0.017475943630273917 -0.2798023848686195 -2.1152204608276226 0.007751479211416626 0.9993280614417013 -0.0358237377336138 -0.22363037414680997 0.28024042847878056 0.032218271359637805 0.9593890166333072 11.809535626860743
0.9575488199618616 -0.016476250990027492 -0.2877999140774006 -2.3012371268620764 0.005347382575908794 0.9992087280980385 -0.03941222135692786 -0.25308886018755755 0.28822155174315534 0.036200149806516424 0.956879243303329 12.39059098810482
0.9552362470157736 -0.017465429593240357 -0.2953280737693978 -2.4920966437788468 0.004466221579592275 0.9989934410666741 -0.04463359240043317 -0.2819644240521362 0.2958103535240463 0.04131662467929324 0.9543527499164485 12.99009262898654
0.9534209524641886 -0.01919782075641381 -0.3010314453350066 -2.6913065682126582 0.0036454870620458613 0.9986331110996125 -0.05214038587879492 -0.31814678108811045 0.3016209505759818 0.04861433012717325 0.9521877173540547 13.59827363583518
0.9521692238873606 -0.019466762782047595 -0.3049505111137349 -2.8944363210900446 0.0011046006571136734 0.9981814549543215 -0.06027074615982742 -0.35781499960080954 0.3055692211907622 0.05705110105915159 0.9504591642615728 14.204473766294404
0.9508929127597823 -0.019443720901008814 -0.3089087408616659 -3.109304372072429 -0.002009321890453447 0.9976161325456215 -0.06897836407351203 -0.4024603894373289 0.30951353942720616 0.06621173462643232 0.9485870413984159 14.82890042716506
0.9495591463404613 -0.018727514917966405 -0.31302828592025184 -3.3288112199247832 -0.006015268481659969 0.9969437226135611 -0.07789114510975498 -0.45381199344924267 0.31353029223069834 0.07584519844006403 0.9465443791641881 15.460579685775143
0.9482356028527689 -0.017866201954957316 -0.3170647257424731 -3.548617806791212 -0.009599377156119516 0.9963473674223681 -0.08485149019747397 -0.5107067880547328 0.3174225786560551 0.0835028278456611 0.9446005421876045 16.093752452693106
0.9466183277057763 -0.015666837957628087 -0.3219756075231913 -3.772775964089581 -0.014624174923367553 0.9957027491571647 -0.09144489503890259 -0.5775372452957176 0.32202464992501645 0.09127204122443283 0.94232135672041 16.73591104935482
0.9449750802914091 -0.014594464973468555 -0.326816614051952 -4.019535991565292 -0.01826964599739272 0.995091010356456 -0.09726305127281448 -0.6461710963948775 0.32663177687324646 0.0978819835307109 0.9400695717002638 17.41301680455791
0.9433543831417148 -0.012217697955962262 -0.3315618127347766 -4.276313952039754 -0.02320948591946117 0.9944436893785216 -0.10267944496630622 -0.7200926007180022 0.3309740587578858 0.10455848369162214 0.9378292466741687 18.091902544105505
0.9416827701101801 -0.009252274547157404 -0.33637472540802066 -4.539485844947254 -0.028057849924883922 0.993982091907743 -0.10588842252248314 -0.7950462382792278 0.33533016198250043 0.10915125460759127 0.9357562108168862 18.771255722099077
0.9398746432856101 -0.008168845369113553 -0.34142191621816315 -4.807062262676011 -0.030300299513699745 0.9937768983183191 -0.10718847054698383 -0.8791119924519237 0.34017281895843327 0.11108891184162809 0.9337781893510438 19.474991423799693
0.9377079653714793 -0.007434766234396567 -0.34734492357010244 -5.083263173212062 -0.03152087639170739 0.9938271308217063 -0.10636760970424168 -0.9628354860286196 0.34599162711022236 0.11069037127833221 0.9316852664263204 20.174246035625874
0.9354532710157677 -0.006701908776901867 -0.3533868449230196 -5.366309143974597 -0.03252386195775136 0.9939461350782414 -0.10494417071176214 -1.044771403559599 0.35195081495750696 0.1096638727283165 0.9295721913165066 20.890301087239326
0.932901071623503 -0.006606680334936726 -0.36007213491003637 -5.658770710792521 -0.03279852981179998 0.9941179436251012 -0.10321710422592158 -1.1277048913239782 0.3586360927261838 0.10810118379348224 0.9271970055260865 21.613983360128238
0.9297506792003086 -0.005368075427068833 -0.36815059186802096 -5.9644315641189785 -0.03391746725122292 0.9943933983802923 -0.10015675051116592 -1.2144253946562529 0.3666241671546314 0.10560754245745421 0.9243558660138786 22.345755580011538
0.9264659226074561 -0.003310369406402922 -0.3763640999105891 -6.2823568496939615 -0.03486954276929065 0.99490578253495 -0.09458646238008664 -1.293721269850884 0.3747599354709297 0.10075477821380022 0.9216308726561356 23.090274873058682
0.9229413651398181 -1.5661341564170242e-05 -0.3849405619944085 -6.605904010105536 -0.03724309650353896 0.9953050563599435 -0.08933530403573824 -1.375490166192065 0.3831346868617834 0.09678762596040914 0.9186076241705534 23.8316665839371
0.9193477399608228 0.0035981779628253665 -0.3934295186488613 -6.946148642064165 -0.04033586065427248 0.9955513553279401 -0.08514996917193095 -1.454914549212347 0.3913729057742833 0.09415174995744637 0.9154030241405924 24.58201997239101
0.9155559875408842 0.004639033656713991 -0.4021637888283424 -7.293301168623263 -0.04167166639052661 0.9956458351055183 -0.08338371098285205 -1.5300411491187735 0.4000258815355232 0.0931012910961336 0.911762822063917 25.332845181777294
0.9115727713571519 0.004700087493617974 -0.4111118968088781 -7.651849672247389 -0.04248210135413565 0.9956591303861342 -0.0828140516051716 -1.6051964650164456 0.40893808037987656 0.09295593179716613 0.9078154224064161 26.092006286115442
0.9077532398309063 0.004914960067236944 -0.4194757427361325 -8.015628185961488 -0.043056032021553226 0.9957423278121444 -0.08150702245703159 -1.678910023993521 0.41728914877222906 0.09204922471585254 0.9040999427862811 26.854781578272213
0.9038322832807344 0.005698381234781352 -0.42784895950654905 -8.400174804556487 -0.04402334966615808 0.9958434068160464 -0.07973615105572406 -1.7493934699049924 0.42561619845079285 0.09090345181737125 0.9003262820022417 27.632012933388914
0.9000707358364273 0.004851068493165757 -0.43571680897728304 -8.793887759280416 -0.04285179375458276 0.9960764520280967 -0.07743013294017607 -1.8201762376966568 0.43363163429676826 0.08836384356507605 0.8967471421128247 28.41127452743035
0.8962327665065378 0.005870158749521494 -0.44354522821950393 -9.196370482359741 -0.042860485237155056 0.9963798585437522 -0.07341768379326383 -1.8919170803929701 0.4415085582922169 0.08480989756265161 0.8932398749664833 29.197755051590693
0.892652275974108 0.00913193527310315 -0.45065343886007525 -9.628634083011828 -0.0445296254433684 0.9966905785305562 -0.06800737552867213 -1.9610318905161572 0.44854099774281153 0.0807743673859 0.8901047550245358 29.999971418016234
0.8889102240605261 0.009480921525198556 -0.45798332468300307 -10.095691184773388 -0.043684477646648186 0.9969837256573784 -0.0641491791613298 -2.02529623859613 0.4559937279978786 0.07702962353124868 0.8866431960632354 30.837790227330583
0.8853222435309812 0.00796699648975254 -0.4649097246522178 -10.576451350651983 -0.04183115147536087 0.9971635185876765 -0.06257053591020167 -2.0797898183831207 0.4630925176198746 0.0748427963452507 0.8831443120802555 31.681600358546607
0.8820751828198643 0.0073748987320574 -0.4710509343181409 -11.026724972331927 -0.04130627323155422 0.9972374245367117 -0.06173581533523479 -2.13879064377354 0.469294325178796 0.07391298919728452 0.8799430131451118 32.50397017863557
0.8793480712586421 0.009661148824984736 -0.47608153900050165 -11.55141606056852 -0.043645973436666013 0.997220792893713 -0.06037979151338724 -2.20585685489513 0.4741750716523068 0.07387389541519883 0.877325851095083 33.361250551771
0.8767209899479246 0.010585489414557033 -0.4808827853007262 -12.063685098176906 -0.04480539233279173 0.9972081616072548 -0.059735745092731544 -2.272496303586201 0.4789079061809633 0.07391772343446099 0.874747613634716 34.21785245960925
0.8744314902076676 0.010146944383270929 -0.485042893415499 -12.613141851348027 -0.044845945876514554 0.9971912565814074 -0.059986989723057334 -2.341447602620069 0.4830718477324432 0.07420672016250437 0.8724304858331607 35.09955904081492
0.872465139998198 0.007597042280078319 -0.4886172985440837 -13.178412998651751 -0.042847956915615985 0.9972174314100231 -0.06100366448134957 -2.375241323830545 0.48679423997833093 0.07415982362836512 0.8703629636440919 36.02349854354713
0.8711868137751151 0.00810934727284571 -0.49088468502405935 -13.680588104184737 -0.04394998261363937 0.9971373349779039 -0.061526695193418565 -2.436917299543806 0.4889805052684842 0.07517561891977606 0.8690493034272593 36.883492985793644
0.8708334702359669 0.00866971463890737 -0.4915016817518141 -14.192258555955576 -0.04420575253374518 0.9971746539621671 -0.060733524007398704 -2.5024790358945417 0.4895864771005288 0.07461598718446255 0.8687563156010892 37.75396093729903
0.8708692662097288 0.009783327048267076 -0.49141734572885526 -14.733943271879351 -0.04469592098949844 0.9972358158108596 -0.05935488447423127 -2.5645115247049053 0.4894782894247987 0.07365469554560282 0.8688992979660275 38.659408575951254
0.8704937969902098 0.008490377102856635 -0.4921061500308816 -15.225656837098423 -0.04293751355719553 0.9973491609454164 -0.058745392083117645 -2.6352211007364423 0.4903028852975379 0.07226731389864181 0.8685508137183353 39.54259033083694
0.8698087879327431 0.0061977526403310945 -0.4933500383066569 -15.745426698693056 -0.040881312116802224 0.9973880440551908 -0.059546686686741325 -2.7023963436329907 0.49169237410659405 0.07196302827125586 0.8677902579583673 40.45133751922555
0.8687279046521397 0.003995389026906286 -0.4952735249791015 -16.279159068648596 -0.03875905699972611 0.9974493120327265 -0.05993834687353194 -2.773380632196157 0.49377075974503865 0.07126644927287658 0.8666669083499391 41.37214069662273
0.8671441301010129 0.003474958745520145 -0.49804516089715445 -16.809822912905034 -0.03726996829741291 0.9976247143914854 -0.057929946473445765 -2.8418797771183253 0.4966608572199596 0.06879574039883103 0.8652139267305567 42.290502543063525
0.8651755764078357 0.0047080018021407625 -0.501446963004462 -17.365068312207306 -0.03682480991059851 0.9978526121897301 -0.054167312294220386 -2.9123573635033546 0.5001151421047111 0.0653299247295014 0.8634910801927372 43.220509515455376
0.8623519443321287 0.004398544333990197 -0.5062902101703496 -17.921697763713535 -0.03462973614868689 0.9981329777545391 -0.050312424838487885 -2.977298231956829 0.5051236536540996 0.060919713776396364 0.8608942344983691 44.154861953660244
0.858402769881016 0.0042955030232435625 -0.5129583153769656 -18.484123211004945 -0.033932485577498804 0.9982502961432794 -0.048424504874984176 -3.0379610398630255 0.5118527826271239 0.05897367975318996 0.8570465763383204 45.07475193258159
0.8531753883691575 0.0007087168407262407 -0.5216236712435266 -19.026048580916818 -0.031861643479252195 0.9982026588622387 -0.05075714250386595 -3.0972551433869895 0.5206501631190908 0.05992453221174419 0.8516645220292233 45.95339318408661
0.8470061378458309 -0.003313498065039262 -0.5315727825820844 -19.581840944676618 -0.029905747756654447 0.9980998542719626 -0.05387325081524396 -3.161414179755118 0.5307412257424537 0.06152805565642208 0.8452976101140566 46.83893067153848
0.8408190957335134 -0.003728208969809768 -0.541303379545844 -20.160169448522645 -0.02979212736147987 0.9981419489153476 -0.05315147187753748 -3.2255955383391486 0.5404957700085653 0.060817351745605396 0.8391457396242307 47.72716547973009
0.8349922809358951 -0.000538040955426774 -0.5502613936025311 -20.7617542991538 -0.030876047944283964 0.9983782150412019 -0.04782895978886792 -3.2912879333906293 0.5493947218902013 0.05692670939965806 0.8336214904356251 48.625733969665816
0.8297877519987735 0.004030208727517887 -0.5580645518669258 -21.375386645052505 -0.03403553773485425 0.9984779931171343 -0.04339676752798666 -3.3530396908165474 0.5570402757466638 0.055004133284612455 0.8286619796501387 49.524636796859824
0.8257913748283447 0.003873306966098189 -0.5639624125349639 -21.997205251234814 -0.03536003159561921 0.9983646059756762 -0.044919725072489994 -3.4129086771055412 0.5628661238915228 0.05703605025050048 0.8245778408053135 50.41355381635861
0.8224458971992167 0.0018514573560830996 -0.5688403275839646 -22.621526877689615 -0.03617517907002466 0.9981407835160925 -0.049054385136614004 -3.4754315533448703 0.5676919081679999 0.060922478507839585 0.8209837690314191 51.292867875491794
0.8194154458031762 -0.0004021610878035701 -0.5731999349665348 -23.247308498312474 -0.038730353430410494 0.9976755362439453 -0.05606678253217468 -3.5418359798123205 0.5718901003709851 0.06814222367089359 0.8174951684571892 52.16042803053335
0.8162400767493887 -0.0012114539961019216 -0.5777115798453115 -23.88562452994068 -0.039348048139570636 0.9975590410749172 -0.05768613938630607 -3.6060278615441748 0.5763712937124437 0.06981756189459487 0.8141999998988799 53.0501994444583
0.8128937186248855 0.00030307173887046316 -0.5824119764975005 -24.520313156492122 -0.03897064842819047 0.9977870165358101 -0.05387353890038987 -3.6718795433937803 0.5811067808770519 0.06649043374867174 0.811106609169609 53.92768782268147
0.8097948801783177 0.0028724007151514656 -0.586706060434963 -25.167318357005524 -0.03884887789497609 0.9980559686936249 -0.04873446461519401 -3.7379957091707463 0.5854255005748245 0.06225779203569556 0.8083322031241572 54.79774820198135
0.8067374819076272 0.0046202156577517615 -0.5908919434994994 -25.80855919382703 -0.03923915808905005 0.9981811394583072 -0.0457679069018493 -3.7997035778708583 0.5896057358589737 0.06010878835070324 0.8054514323068809 55.657800516064135
0.8036538831518848 0.004910026233547004 -0.5950767410488175 -26.45854143770845 -0.040305432054049656 0.9981188801702273 -0.046197112406149286 -3.862138686966485 0.5937305013571658 0.06111131392889414 0.8023400146247539 56.51268613829284
0.800100160904127 0.003740310941261516 -0.5998547679190783 -27.113500660816683 -0.040576886024164927 0.9980276403231187 -0.04789932642165317 -3.925656084168399 0.5984924801881557 0.06266449732606809 0.7986738457800523 57.372841810241624
0.796068632375896 0.0010056613965144063 -0.6052055197966426 -27.771703914344585 -0.039681601184323595 0.9979335205536707 -0.050537699619228556 -3.9888611246381664 0.603904051215602 0.06424700149042448 0.7944634791636871 58.233531060634135
0.791720350322284 -0.00024441577463370966 -0.6108836445236419 -28.437076426919813 -0.03883930473321427 0.9979565962962773 -0.05073598640598333 -4.056181524504153 0.6096477632972978 0.06389500895748178 0.7900930530873705 59.09328435223489
0.7871932768148636 -0.0003852221354755358 -0.6167062481776732 -29.10594542384128 -0.038505803241267705 0.9980179592560436 -0.04977405066041438 -4.122415414216851 0.6155030853328193 0.06292856748971029 0.7856181943790954 59.93794035781281
0.7822590737229964 7.283506651038658e-05 -0.6229532376295114 -29.77939493127002 -0.03902406499222306 0.9980416804380885 -0.04888687410540392 -4.188688229465553 0.6217297354393787 0.06255236848727562 0.7807300027968114 60.775339399564096
0.7769683029636215 -0.0011519397184123505 -0.6295386638044662 -30.458810254648867 -0.03888187761841596 0.9980014023204538 -0.04981365836066331 -4.256523595030871 0.6283378516233871 0.06318127888300033 0.7753706663370828 61.60446572125949
0.7715546057739734 -0.002573111824923887 -0.6361578965984017 -31.15754151443287 -0.03849077081774978 0.9979709369446766 -0.05071951868480381 -4.321589565283427 0.6349975991063442 0.06361908604577007 0.7698900317706916 62.44043415444161
0.7660584576013594 -0.0034427999069059126 -0.6427616873042646 -31.86742191440691 -0.03884643512287629 0.9979097848139551 -0.051643158799673176 -4.3887204603285275 0.6415959741267613 0.06453067876107506 0.7643234900766588 63.270562341500224
0.760525298886858 -0.00468991006254117 -0.6492913633313312 -32.58457216654973 -0.0387144103623407 0.9978673342468182 -0.052554520961031345 -4.458056241510377 0.6481531178536051 0.06510597504647656 0.7587217855247705 64.09417764962052
0.75462362422135 -0.006305401408615016 -0.6561276001511516 -33.3131500350155 -0.03830307527588982 0.9978253325277502 -0.05364214938173524 -4.526539111498528 0.6550389760857306 0.06561133803664632 0.7527410525071662 64.91702960949567
0.7485900281311209 -0.007394849185744455 -0.6629919200021719 -34.05678429109622 -0.037751147928683046 0.9978403029229287 -0.05375482018147513 -4.594132938546869 0.6619575670786706 0.06526902839935712 0.7466941363899203 65.7423696778691
0.7423758669018089 -0.006940558505999921 -0.6699476851884861 -34.80860906951997 -0.03754017124898535 0.9979445186978904 -0.05193720384686929 -4.666030094198354 0.6689310934501271 0.06370687756011238 0.7405893774333763 66.56320004558762
0.7360902794212376 -0.0064412260083356 -0.6768527248590139 -35.56903447450403 -0.03838685236751335 0.9979481795229412 -0.051243346418445385 -4.745516074822818 0.6757940145539001 0.0637019748073446 0.7343326959211098 67.37863625993641
0.7296982238944699 -0.0079532462768036 -0.6837230783869407 -36.323698604926875 -0.0377556520765492 0.9979381841920537 -0.05190270963774305 -4.820349313703644 0.6827261623678476 0.06368772570225575 0.7278934405621083 68.17752016225545
0.7232335943858705 -0.009712650981390016 -0.6905351782223742 -37.11437250405299 -0.037518131902170564 0.9978718772124052 -0.053330164514659155 -4.89067346575403 0.6895836118486744 0.06447775647076237 0.7213300639722647 68.99269389148596
0.7174571015156876 -0.00844814880205448 -0.6965514598839952 -37.89878530192141 -0.039748373948849 0.9978008243135648 -0.05304320661113805 -4.966506408387854 0.6954677377514565 0.06574301317241033 0.7155434871242149 69.78257222089209
0.7123106662384278 -0.007272189350086978 -0.7018266381557644 -38.70530006802132 -0.04120935383354184 0.997787915376591 -0.05216382927908654 -5.042018009726578 0.7006534834849443 0.06607867424889949 0.7104352925424797 70.58111729155881
0.7074513186454855 -0.006288031442466365 -0.7067341030453681 -39.52918171722595 -0.04327967438859395 0.9976983438427198 -0.05220042603571593 -5.112969613808814 0.7054356820657566 0.06751648209194161 0.7055508650085742 71.3892698699359
0.7028550787396606 -0.007227759807847957 -0.7112963501790406 -40.35787216721172 -0.043705029790617876 0.9976204022278684 -0.05332357292704882 -5.181823998089939 0.7099891609460424 0.06856597222285338 0.700866676902439 72.18111735034245
0.6975301817860955 -0.00911821894496297 -0.7164973856063447 -41.18722192347316 -0.04442029506639797 0.9974456268794034 -0.05593799071621349 -5.254728959996115 0.7151772387902658 0.07084546211596561 0.6953433954629212 72.97893425480036
0.6925257731727386 -0.011747202075364373 -0.721297481442227 -42.04080063212138 -0.04400444726483898 0.9973175679993812 -0.05849168471427786 -5.326547037729666 0.720049763636108 0.07224729616531674 0.6901511907432922 73.78614196337773
0.6873860170967873 -0.01238010561768963 -0.7261867504194143 -42.88182846423846 -0.044370406374019886 0.9972713373427612 -0.0590012436545497 -5.402967004698696 0.7249356733793819 0.07277783109899615 0.6849610622236173 74.57575026200315
0.6827914689348205 -0.012030481740814189 -0.7305142554795989 -43.76998022141103 -0.04401838958691517 0.9973706978500051 -0.05756798110379544 -5.481917655592422 0.7292860833225896 0.07146298747796852 0.6804666414253667 75.37436376425548
0.6777218532037457 -0.011829762781067133 -0.7352231949568941 -44.63645577164307 -0.043912759572239425 0.9974348868284798 -0.05652712697641004 -5.562671235005139 0.7340059667583294 0.07059534864281163 0.6754639424226643 76.16053134743203
0.6726343476302178 -0.012921360572292777 -0.7398621985403979 -45.51836846754106 -0.04344101272929599 0.9974335750899889 -0.05691345795377295 -5.638516767059782 0.7386987970757249 0.07042230984683401 0.6703467650960299 76.95421234617454
0.6680659651179525 -0.01390945117620889 -0.7439720380625836 -46.415931913884066 -0.042750633263878776 0.997456317709073 -0.0570375106205844 -5.715347290837186 0.7428729700336083 0.0699100953384599 0.6657719797071753 77.73947674966146
0.6640379957792281 -0.014347090570446796 -0.747561168837486 -47.32058273393693 -0.04244250354448664 0.997480522034583 -0.05684401511585003 -5.789776121672212 0.7464932511780535 0.06947495342767852 0.6617560402382737 78.51484924186265
0.6600949375552491 -0.015390804681875276 -0.751024497966062 -48.23136842339143 -0.041278611894736694 0.997536229074614 -0.05672343328503592 -5.865830312866139 0.750047164926296 0.06844409992718539 0.6578333037868954 79.30216523218246
0.6563482768488939 -0.01819590339737284 -0.7542385886289833 -49.134835476536665 -0.03876530187408227 0.997575240561767 -0.05780043934731514 -5.946126166326911 0.7534614727032154 0.06717550534000329 0.654051420481766 80.07377991967908
0.6521611692747739 -0.022989244994512714 -0.7577316833185355 -50.052994930788394 -0.03570602823175619 0.9974992182085924 -0.06099499341059428 -6.0260123454607815 0.7572389905690751 0.06683415509922773 0.6497094018667879 80.86029614825247
0.6475669695265863 -0.02714457307300736 -0.7615249123507625 -50.975522937113716 -0.03173567825917714 0.9975375242811434 -0.0625438596224736 -6.106839217045773 0.761347402112585 0.06466884724293301 0.6451109001502662 81.63597113115131
0.6411863415339744 -0.030804140659150842 -0.7667667052947251 -51.89276377044152 -0.02672183386174101 0.9976917616092135 -0.06242669630989787 -6.191853384337318 0.7669198256828036 0.06051655753059572 0.6388831874758507 82.39703878961754
0.6330267673331086 -0.034554024650661964 -0.7733583459304197 -52.834593615460044 -0.0221825575285136 0.9977834310473029 -0.06273881469205969 -6.278634524626368 0.7738120223809447 0.05687041504958281 0.6308571232147572 83.16388785805808
0.6241933846811424 -0.0355340030219202 -0.7804613719778427 -53.79774919376851 -0.019818120869952608 0.9979235409331897 -0.06128497806597281 -6.3620900210683935 0.7810184764814994 0.05372095569329473 0.6221930555011967 83.9276312993508
0.6154656092125529 -0.03402497479662227 -0.7874289713788218 -54.77115440224756 -0.01969507592543471 0.9980918360606608 -0.05852171198238075 -6.4458404122439035 0.7879176275861021 0.051526574494590034 0.6136210754691698 84.68075914364749
0.6064155843830163 -0.03396433084474736 -0.7944221568207122 -55.755586297818404 -0.02037073777705795 0.9980958071365823 -0.058221927302272436 -6.526319990333742 0.7948868926204671 0.05148964950979224 0.6045689736775576 85.42073478168761
0.596923578517397 -0.035231043472203676 -0.8015241824086432 -56.73729558501647 -0.021560774817014048 0.9979701285549536 -0.059922912990756326 -6.6082922286242045 0.8020083381108168 0.05305088206493258 0.5949522917956171 86.14463499604948
0.5870565165839806 -0.03742106757454059 -0.8086805982820802 -57.73811133096805 -0.02149788378842972 0.9978581582891078 -0.06178136392543816 -6.692173919929857 0.8092604570401922 0.05365407381970056 0.5849946606881536 86.8643710795219
0.5769021853079809 -0.03913858512472532 -0.8158750147794144 -58.75823646416483 -0.021050779517694226 0.9978071818857763 -0.0627510355202324 -6.786045382911316 0.8165419360134375 0.05337601457207742 0.5748132460198072 87.59927268432183
0.5666623730242969 -0.03999014420830549 -0.8229790661764556 -59.8052130776556 -0.018338742851998487 0.9979619384710293 -0.06112004477871805 -6.875074766325682 0.8237459836072526 0.049726831080847154 0.5647741112706705 88.32685161553705
0.5563360107753731 -0.04012119392706012 -0.8299882727559531 -60.85003319690801 -0.017350373313350858 0.9980550650065181 -0.05987530175891619 -6.961818799987309 0.8307762681134017 0.047711392902545814 0.55455785570747 89.02487575171601
0.5458560411727814 -0.04086121091689721 -0.8368820369428315 -61.90906653053728 -0.01730876258536639 0.9980471073098531 -0.06001981612931438 -7.049636526349539 0.8377001784964244 0.04724757171366673 0.5440827859013915 89.7117957433074
0.5354980046679516 -0.0419819058015231 -0.843492386795467 -62.97260585329813 -0.01797600271421049 0.9979708219946902 -0.061082745302250885 -7.136426150316311 0.8443451606559136 0.047872309663446876 0.5336567170423563 90.3822820993729
0.5254429454205777 -0.04245290223868951 -0.8497690640399072 -64.04693728734625 -0.019638276421856067 0.9978832095254322 -0.06199546956350781 -7.22379572728421 0.8506021685881869 0.049263081904538535 0.523496990969709 91.03341643315616
0.5153273524257495 -0.04376627125576593 -0.8558751271898455 -65.13571469282297 -0.02060159698639344 0.9977738307413211 -0.06342678369110807 -7.311652100813167 0.8567457581123339 0.05031795095346245 0.5132784914336143 91.68603460772836
0.5056390477912228 -0.043687501107041615 -0.8616382974286877 -66.23699374708774 -0.021750864584343704 0.997754119327735 -0.06335311558533313 -7.400971133990501 0.8624708999372784 0.05077518696723058 0.5035532019060383 92.32218025854196
0.4970660209944527 -0.04146866707099188 -0.8667212472439438 -67.34185650791419 -0.023014416220828067 0.997875910655782 -0.060942625303701876 -7.491083787962598 0.8674074633174175 0.0502395918001739 0.4950558311917906 92.93795761415883
0.48921305287134514 -0.039816536073485786 -0.8712549755125691 -68.44142472406301 -0.022704074610951874 0.9980374532904371 -0.05835894811935886 -7.583086103587373 0.8718687480901922 0.048330997141032 0.487348951798395 93.54102785842012
0.4815608927490323 -0.040095259387231096 -0.8754949895627193 -69.5564228522994 -0.022663356547143455 0.9980491906625523 -0.05817375084899289 -7.67313913201505 0.8761195573920108 0.047855858497097926 0.47971276610356445 94.14263937191487
0.4740260015814872 -0.043341797299794114 -0.879443482226966 -70.68196373035308 -0.020791012653184372 0.9979583617929608 -0.06038908775899949 -7.761922624372267 0.8802653484134905 0.04691051837629304 0.4721570921294564 94.74161085545029
0.4670676282196431 -0.04694707708537746 -0.8829744065500523 -71.81067256889567 -0.018003649951419877 0.9978775665775876 -0.06257979473934067 -7.854668709007146 0.8840382906060715 0.04512575843496538 0.4652310895328951 95.33578613640466
0.46105532145698774 -0.049624957814552166 -0.8859827053154582 -72.94864147566607 -0.01721906874917638 0.9977467371069342 -0.06484560327328764 -7.949997376085007 0.8872043136885698 0.045153207575645705 0.4591619470492141 95.91779075930997
0.4555628708943083 -0.05327596653880186 -0.8886079799618571 -74.088396273989 -0.015178120399045779 0.9975976045280961 -0.06759174580491026 -8.049629510781728 0.8900742077623016 0.04427968867505678 0.4536597996816024 96.49792865504456
0.450717449715749 -0.05434234208900754 -0.8910110495263304 -75.23272288104178 -0.012375386082324788 0.9976690037204096 -0.06710744246980323 -8.152359748588236 0.892580881680224 0.041273101068441405 0.44899432155334545 97.07440693290712
0.446668392044048 -0.05176419394827502 -0.8932008820940954 -76.37418520363394 -0.010798271274304716 0.9979402969897626 -0.06323417573962553 -8.255217827577015 0.8946344196856458 0.03788973302714921 0.4451894240038275 97.63542424513388
0.44310398214152913 -0.049937885475280074 -0.8950782471966221 -77.51866700380384 -0.007757050516603564 0.9981963114762068 -0.05953110046503107 -8.35309309219347 0.8964366621114979 0.03332163485713949 0.4419173898737688 98.19416913972115
0.43978201294846536 -0.04938516301455654 -0.8967457202356873 -78.66725036976497 -0.006311085991332093 0.9982924150178286 -0.05807257796482478 -8.44581729201048 0.8980823744404559 0.031198714587243416 0.4387193737772441 98.74898465478907
0.4369322635107609 -0.049223276424204314 -0.8981465727604986 -79.79626912655979 -0.004793682703252927 0.9983599538772001 -0.05704755122224481 -8.53699533412606 0.8994816383392742 0.029231345374109017 0.4359797136772713 99.29361453938878
0.4346181053562377 -0.04852707152193753 -0.8993065249546782 -80.92941101513625 -0.002939100390593792 0.9984655603547393 -0.05529815977399245 -8.624092664937157 0.900610051123931 0.02667673358941659 0.4338085841699659 99.83343345834206
0.43241986738206994 -0.0476135391305145 -0.9004143541640925 -82.05325422734992 -0.0015060799309339094 0.9985652664021719 -0.053527006813388164 -8.7104493255537 0.9016711096716561 0.02450223717593546 0.43172775027424276 100.36439500567586
0.4304806701921455 -0.048701320529312454 -0.901284957141537 -83.18227267359485 0.0007105141596234035 0.9985612502467444 -0.053618324062645134 -8.793739937193026 0.902599516818257 0.022441276353162145 0.4298959192119532 100.88974118776383
0.4281750882176963 -0.04940612321804194 -0.9023442407520156 -84.30571502778724 0.003473477404059616 0.9985870114947332 -0.0530274969118907 -8.878315693372794 0.9036891217584131 0.01957078083727661 0.42774169279242263 101.41800097313849
0.42578304976155995 -0.0489127922001276 -0.9035022597065998 -85.40246630253638 0.0073268387193161566 0.998691454380836 -0.05061320362386441 -8.960647269285476 0.9047956188941935 0.014930428857763507 0.4255842693568415 101.93625658915683
0.42387843574751144 -0.048601946787225424 -0.9044141321743786 -86.49933800093307 0.009755875857779744 0.9987462762271118 -0.049098865656187575 -9.037130244085091 0.9056665471322715 0.011988598373806806 0.42382116383510227 102.4388072902554
0.4219809106705725 -0.049975987582568576 -0.905226221281057 -87.56706334159232 0.012556907479804825 0.9987059026947583 -0.04928330343219904 -9.123217945930927 0.9065177522278196 0.00942977135425358 0.4220623701634961 102.94056776502474
0.42074916401796914 -0.051602304170944704 -0.9057081997986048 -88.64748656024766 0.01433128957038192 0.9986343914469815 -0.05023909193611581 -9.198154131405165 0.9070638098377813 0.00815808945555911 0.4209141129244832 103.43858304320027
0.4201250617995019 -0.05278605410855821 -0.9059296688703892 -89.68287512732276 0.014519006042450721 0.9985699863503346 -0.051450761158908315 -9.279946500380568 0.9073500597407294 0.008462555875152813 0.42029067826512073 103.92159406236671
0.4208935924714186 -0.053119559266334083 -0.9055533646560282 -90.72259019190777 0.013276955387541802 0.9985377556920637 -0.05240298572689519 -9.365020410402451 0.907012847909081 0.010033089295244534 0.42098340923016475 104.39204655503238
0.42314040251809354 -0.05300992550716992 -0.9045121047031651 -91.7579797330783 0.011459866233648492 0.9985203368126487 -0.053158333659561754 -9.443203371534597 0.9059916507467017 0.012127850975283565 0.42312178389677363 104.86889099757427
0.4274464180301104 -0.05360435624876972 -0.9024500721393854 -92.78718355193733 0.009939131092586954 0.9984588680346664 -0.054599473587725926 -9.519886442811138 0.9039860471192867 0.014368779839894787 0.42732044741570635 105.34435944891831
0.43241847545401696 -0.05359067605099722 -0.9000790529316963 -93.79068217055061 0.008101940219595526 0.9984228285059613 -0.055553704492444025 -9.606849620668543 0.9016366344879196 0.016730061522682485 0.4321706658147272 105.82213986923863
0.437988091179596 -0.05332632479154787 -0.8973977574459828 -94.77405250516158 0.007346289990075147 0.9984180780317453 -0.05574382013081897 -9.689403721511301 0.8989507572766354 0.01782258521151445 0.4376869788423478 106.30814876252751
0.4448353717019974 -0.05184992020081191 -0.8941102157217049 -95.76912874522816 0.006182397503458373 0.9984767650294133 -0.05482634090933761 -9.77256728624139 0.8955910171746119 0.01886095097197076 0.44447833972487 106.79573522687066
0.45272991911891525 -0.05054147565987809 -0.8902141200703912 -96.75355453021216 0.004837196773830599 0.998516738807705 -0.05423028534127793 -9.850132982433886 0.8916345786598637 0.020245531826729137 0.45230288146230097 107.29278207640075
0.4614269213514438 -0.04998631451978083 -0.8857689115186063 -97.73799718926482 0.004657405846530715 0.9985341939458374 -0.053923761846862206 -9.930332841320272 0.8871659962052819 0.020756490109503794 0.46098336553006325 107.79836575815257
0.47033913989295106 -0.049453818386515316 -0.8810989804396275 -98.70887829192216 0.003942916329853215 0.9985363662920028 -0.05394050985278521 -10.007857241744935 0.8824769384497113 0.021896233451353445 0.46984572794170226 108.31905264587976
0.47994097388956186 -0.05004677401742977 -0.8758721265072804 -99.66599989308575 0.0028439333870378582 0.9984550411438323 -0.05549272796824526 -10.087343931991157 0.8772961721248017 0.024142311921517882 0.4793418145230542 108.84132790655242
0.489938771000699 -0.05117619514632395 -0.8702534100597757 -100.61461840099352 0.00115593679574377 0.998312653900978 -0.05805608384407196 -10.172977939692815 0.871756080839388 0.02743796842936819 0.489171231173726 109.37453213851607
0.5012022098147293 -0.051872595224349186 -0.8637740322222711 -101.54893534714921 -0.0006715863386065015 0.998178036858799 -0.060333702890702966 -10.254192131132504 0.865329933521673 0.0308194840548088 0.5002542009358564 109.91423374594184
0.5134124010464319 -0.05008442330137028 -0.8566792030826389 -102.49151641006068 -0.0027344412915470957 0.9981948312560439 -0.05999668061268821 -10.337244583011108 0.8581376517101216 0.03314557883469462 0.5123486521121637 110.46869872335581
0.5262575717143035 -0.04720523951928163 -0.8490139183637042 -103.42130503570998 -0.004291858621257813 0.9982977155957091 -0.058165720024458224 -10.42214294417591 0.8503143819570154 0.03425399828218219 0.5251591334431338 111.02997034546318
0.5384767581178092 -0.044789479716997704 -0.8414491567965433 -104.33961085687176 -0.004861576528366829 0.9984045876146149 -0.05625517312878408 -10.503731408134058 0.8426263383259478 0.034382872724239504 0.5373999181453549 111.60907634370895
0.5500952652281031 -0.04443235689024737 -0.8339190397363518 -105.25240468840887 -0.00450541477953733 0.9984111256868016 -0.0561687221011654 -10.58406805829053 0.8350897559012976 0.034655299248329566 0.5490210467939459 112.20749291307258
0.5613363115866462 -0.044636277952945766 -0.8263831726171618 -106.13806263734365 -0.004423707041931252 0.9983683277213304 -0.056930773918166235 -10.665893920257874 0.8275759639515327 0.035612987707036324 0.5602229368709124 112.80442264786763
0.5722810691205616 -0.04565005732919153 -0.8187859611596106 -107.01116632348067 -0.0040731237420252465 0.9982788500348507 -0.05850424972664994 -10.746098733757096 0.8200474300851205 0.03681589111969935 0.5711101492460556 113.40998135214454
0.5830181708959401 -0.04743309553825728 -0.8110733097894478 -107.86697072671714 -0.00179325556518172 0.9982167487633403 -0.05966662989330066 -10.826782549324157 0.8124571352629207 0.036241191150467075 0.5818934433591458 114.02756601702029
0.5935091335786713 -0.04724276985166019 -0.8034394993124478 -108.70315234432195 -0.0013265945232943197 0.9982169310543483 -0.05967577987265008 -10.909123963535757 0.8048261604257578 0.0364839588474339 0.5923881938738748 114.64568024537809
0.6038260402554647 -0.04495868988813667 -0.7958472399354962 -109.52608549396925 -0.001825293270511751 0.9983275548855999 -0.05778201675795058 -10.991606983361596 0.7971140328797912 0.03634294098833744 0.6027341115503867 115.26778784653685
0.6134786120841108 -0.04225245736867504 -0.7885801939952971 -110.3380542782523 -0.0013829504227272913 0.9985086408855128 -0.05457638248449516 -11.069856383048885 0.789710124009743 0.03457201069179943 0.6125052621106556 115.90121730249
0.6232509138509247 -0.040623583516385224 -0.7809660830319545 -111.13159024093035 -0.0024186364481974193 0.9985449419426414 -0.05387159844016141 -11.144944967812643 0.7820181894187124 0.03546439599166729 0.6222457939072195 116.53108148630565
0.6330308517473552 -0.04024213766692999 -0.7730798866171678 -111.90652671193439 -0.004015282679274733 0.9984638019763034 -0.055262226231220846 -11.218346388995084 0.7741161529389667 0.03808682841903395 0.6318968074456097 117.16221926755753
0.6423899175725232 -0.040053250932568826 -0.7653306023483568 -112.66864312358786 -0.005522384529155222 0.9983655031163969 -0.05688431643481205 -11.289208222207854 0.7663580736641857 0.04076836122382545 0.6411187438008991 117.79650150024395
0.651535398647439 -0.03976220908567579 -0.7575754688728701 -113.42329148709828 -0.005163997318925065 0.9983698454285755 -0.05684175288124509 -11.365383549777048 0.7586006574219505 0.04094653181344374 0.6502679632977748 118.44082162149557
0.6605844430449624 -0.0377513472843745 -0.7498019934523983 -114.16956948137175 -0.0052900944622973544 0.9984760658024217 -0.05493233037381896 -11.43984878679541 0.750733114034248 0.040253966238532744 0.6593780476286034 119.09231907320627
0.6691868620779574 -0.036029587492732225 -0.7422201913498172 -114.89741607613868 -0.005063720993968502 0.9985795764303198 -0.053039497225547294 -11.5119983033005 0.7430769155019917 0.03925173067964153 0.6680538895079495 119.74651677172312
0.677413951275479 -0.03564542353536628 -0.7347378732570727 -115.61286221135377 -0.004421843886838865 0.9986098779503483 -0.05252388938979472 -11.58124668207413 0.73558873422177 0.03882931162118744 0.6763146447069146 120.39808960763163
0.6851884325220408 -0.03485416569531002 -0.7275314419814937 -116.3181069243933 -0.005464159750254203 0.9985803287852192 -0.05298556333028494 -11.648551755032349 0.7283453541392401 0.040280443106894555 0.6840252414983664 121.05254502004378
0.6924927078421855 -0.033894534395510344 -0.7206282051956528 -117.00790277569567 -0.005913329668621523 0.9985954608687186 -0.05265109746835577 -11.716561323406928 0.7214006391164554 0.04072181320255309 0.6913196451800481 121.71195926942733
0.6998156227048822 -0.0312509273663122 -0.7136395965450083 -117.68610261715818 -0.006613708938308008 0.9987162667581085 -0.05022028839847698 -11.779654854064175 0.7142929042572518 0.03986474697639881 0.6987105615891673 122.36931697155741
0.7073523677126253 -0.028305558814118267 -0.7062941478106427 -118.35164819125706 -0.007611789678219862 0.9988349633765898 -0.04765266618334845 -11.845139131899293 0.7068201246068476 0.03908338875670267 0.7063128203381658 123.0281961406529
0.7146074787902119 -0.026802461142971756 -0.6990120022816309 -119.00007287049137 -0.008460850621931162 0.9988614399304564 -0.04694931124957333 -11.907186078889328 0.6994744922181596 0.039464565077236065 0.7135670836294326 123.68743394351803
0.7222250739604545 -0.025902785035849533 -0.6911729076506115 -119.63310566709937 -0.009067977654606058 0.9988580002229924 -0.046909137401800305 -11.965772893549529 0.6915986656465388 0.040146495711480865 0.7211654072111445 124.3391538985197
0.7300228917391554 -0.0230865432065008 -0.6830326412841291 -120.25191889258342 -0.01144326576765875 0.9988762348997953 -0.04599259745851456 -12.022075176755404 0.6833268831279606 0.04139177303745961 0.7289383320414989 124.99582434391365
0.7390817074021148 -0.02029865565370267 -0.6733098798935191 -120.85666734043645 -0.01202823059100735 0.998988826084364 -0.0433202842492435 -12.07800025744575 0.6735083900386288 0.04011595614263821 0.7380902103471748 125.65245913416481
0.748671963155686 -0.016326366809079524 -0.6627395727821184 -121.4452261542582 -0.01383937419214679 0.9990939485264428 -0.040246164286954274 -12.132137517038155 0.6627961702564239 0.03930307576587521 0.7477676811207878 126.3072430632897
0.7587909176794102 -0.01420868238441924 -0.6511792814518406 -122.01370319241072 -0.01534990913917805 0.999094261185565 -0.039686742817854066 -12.185444173327802 0.6511533794250466 0.04010948280606691 0.7578855493096381 126.96423623762904
0.7688905383843206 -0.013320096926697477 -0.6392416718275891 -122.57740750246255 -0.016716871889320247 0.9990223959603461 -0.04092430285156747 -12.234339780069657 0.6391618622675375 0.04215243038680108 0.7679161975340668 127.62892509290893
0.7788615207366577 -0.014522308269054224 -0.6270277777565498 -123.13486419563141 -0.016277683624770587 0.9989271149805842 -0.043354999393151045 -12.281546914174053 0.626984663713231 0.04397410054915026 0.7777895023393542 128.30509859653878
0.7888836380997125 -0.013583473794339315 -0.6143924598969603 -123.67280041125163 -0.016529382896590842 0.9989249836645839 -0.04330885027069997 -12.328896850338342 0.6143202625989316 0.044321171581880384 0.7878110488625998 128.98405086335757
0.798869918513705 -0.012073895954462817 -0.601382635541121 -124.18473160424438 -0.01658427498396305 0.9989763115123098 -0.04208670645843663 -12.379204219779547 0.6012751575752677 0.04359529875735557 0.7978518877643231 129.66487632372653
0.8089299860601854 -0.009906740106408022 -0.5878215155581924 -124.69257550967775 -0.01656587182921009 0.999076898676964 -0.03963486370052775 -12.425371404120082 0.5876715490333074 0.041799605625954 0.8080191479329609 130.36170591933427
0.8185195773762116 -0.008782378487502464 -0.5744114999544909 -125.18789293085798 -0.015806442794042468 0.9991602969410862 -0.03780022993053441 -12.468836784912757 0.5742611407870702 0.04001963074173514 0.8176934458201487 131.06817335106527
0.8275076526358014 -0.007499884012060606 -0.5614043432046009 -125.66873817061943 -0.014963746593466337 0.9992609855928434 -0.035405775798702695 -12.511124376558582 0.5612549965185814 0.03769926274911869 0.8267838861946336 131.77808770306564
0.8355846504510945 -0.006866588125505562 -0.549318798056315 -126.13546598387366 -0.01401155981071182 0.9993302179270684 -0.03380520269885511 -12.55157227208071 0.5491830005764865 0.03594392167466532 0.8349287792215891 132.48649463261387
0.8427130307395734 -0.00740399472006735 -0.5383121108463991 -126.593214418433 -0.01212568681466227 0.9993907324472958 -0.032728147178420174 -12.592040986372863 0.5382264537729409 0.03410784016388017 0.8421098145125494 133.2085662887416
0.8493633642817625 -0.007250945829150434 -0.52775875094644 -127.04168967558606 -0.011753393189937322 0.9993978502797678 -0.03264650983954619 -12.632581951830062 0.5276776792365664 0.03393170553867801 0.8487666971522556 133.92440897224515
0.8560017326966084 -0.006504300158628905 -0.5169320339269452 -127.48230460503665 -0.012291630973305236 0.9993821148999931 -0.03292877504607724 -12.67169465494162 0.5168268079622227 0.034541026294328744 0.8553928735231053 134.65287421250198
0.8624748319653329 -0.00473201878870157 -0.5060778321805373 -127.91525770986762 -0.013529420073078726 0.9993833455902933 -0.03240190348174741 -12.709190972688921 0.5059190834697351 0.03479276584202023 0.8618789615869543 135.39053939766717
0.8686594143756556 -0.003883803467463636 -0.4953945275103136 -128.33953486895854 -0.013922867064667149 0.9993829097329592 -0.03224831013224322 -12.748384173446185 0.49521407046775456 0.03491011034516828 0.8680692994262883 136.13293239433276
0.8744178832006565 -0.004427120514013365 -0.48515334291627366 -128.75345404453066 -0.012986105341385383 0.9993865495354053 -0.03252515450818081 -12.7877246572232 0.484999718151408 0.03474082917365341 0.8738239800906032 136.88170019589887
0.8794328794236281 -0.005971770977377196 -0.47598544992474096 -129.16119718650845 -0.011528590634366263 0.9993608236099016 -0.03383837808946697 -12.825221809283185 0.47588328630731647 0.03524602367834198 0.8788019205874642 137.64256118981544
0.8837090521033407 -0.006521499665685714 -0.4679912192260913 -129.56669709811393 -0.010888807162015615 0.999345814756251 -0.03448733691885993 -12.865496386724137 0.4679099754324577 0.03557263795780339 0.8830599313294207 138.4123864393285
0.8870813112060549 -0.005738150928202493 -0.4615775351258652 -129.97116971272817 -0.011189109015944722 0.9993616630736287 -0.03392742575176982 -12.904358278776835 0.46147757383038146 0.035261026681560045 0.8864508496521329 139.19484339012257
0.8901935819478921 -0.004116252846645504 -0.45556387381055796 -130.37885385759904 -0.011124116896417596 0.9994646570813124 -0.030767730962991912 -12.94032832627995 0.45544663867686636 0.03245698242040797 0.8896712334396941 139.98823016953077
0.8932653392768058 -7.814379473072823e-05 -0.44952978493114126 -130.7881753231631 -0.013306870614591943 0.9995571603647286 -0.026615979374203295 -12.976307912729002 0.44933279519876906 0.02975696653136589 0.8928687261303947 140.79245218914474
0.8965779472955651 0.0025679290045771716 -0.4428785275489166 -131.19465724106138 -0.014732006599090302 0.9996027327898575 -0.024027995767747317 -13.009977596111348 0.44264088424459286 0.02806746051351915 0.8962595970228094 141.607759620522
0.89977505982901 0.00511219354405474 -0.43632408504100195 -131.60195091355754 -0.01635265810180338 0.9996240071029071 -0.022009884064542365 -13.038460138058738 0.43604751149697724 0.02693900333526055 0.8995203487507095 142.44029040045714
0.9029982919227357 0.006694320199689232 -0.4295919818405407 -132.00751712281044 -0.01694415429432551 0.9996556108378819 -0.02003884616422384 -13.065818233672589 0.4293098885652077 0.025374116682307497 0.902800738691946 143.28567594415463
0.9063221526008444 0.008055262565479497 -0.4225106725870611 -132.4190958164448 -0.017007127360492657 0.9997035685077661 -0.017422190786020583 -13.091858483790013 0.42224508679665534 0.022975810276064025 0.9061904870490779 144.15052194523147
0.9097228761023298 0.007855985256088648 -0.4151416290758598 -132.81855530346266 -0.01577380179270151 0.9997531480142461 -0.015647051243346886 -13.11651572939967 0.41491622753648555 0.020782842232559585 0.9096222279581945 145.02309549825188
0.9132631913859562 0.007418443799572862 -0.4073024796771169 -133.23576366130402 -0.014805392517039032 0.9997780638266215 -0.014987442860963086 -13.139894721989608 0.40710090102080776 0.019717752982700544 0.9131703382202911 145.93324218716558
0.9169726660417276 0.006467204587677847 -0.39889761217277864 -133.64419665666904 -0.013679032447547854 0.9997903580931532 -0.015235614042961134 -13.161276206577313 0.3987154546836926 0.019427175007917352 0.9168688952448921 146.847564236778
0.9208171564993103 0.003821631408191046 -0.3899758446749004 -134.03858970207722 -0.010965815657787334 0.9998103352808851 -0.01609485484514674 -13.18476670442671 0.3898403714130732 0.019096821696471703 0.9206844172775009 147.77583871565227
0.9248502946244173 0.0022299009655935465 -0.3803248086501978 -134.4305162887527 -0.009630626197926746 0.9997994780133596 -0.017557186655393613 -13.21042760103814 0.38020939437652385 0.019900535316924404 0.9246863171486522 148.7150854763328
0.9293025646850495 0.0008500933528985808 -0.36931831881329413 -134.81334090913498 -0.008844175980743961 0.9997617999291858 -0.01995304371715994 -13.236459713411747 0.369213385213767 0.021808730904126584 0.929088723123547 149.66790292822614
0.9344439066367074 0.002407142901732886 -0.35610221989279445 -135.1885266981873 -0.010575877017396047 0.9997236587245533 -0.02099421376733487 -13.263123641461057 0.35595327807851357 0.023384008412722125 0.9342111388630061 150.63647091607837
0.9404264841199506 0.005875981418429221 -0.33994632048039 -135.55658529228126 -0.013538197802336928 0.9997048581523837 -0.020172104173579453 -13.289774908330632 0.3397274571859797 0.023572641534100512 0.9402284751086059 151.6249645263873
0.946830411336695 0.009496998423968915 -0.32159287801336267 -135.90731111511448 -0.01595258088118327 0.9997205623183671 -0.017444553335639563 -13.319946699432181 0.32133734194956676 0.021647270007688887 0.9467173328771383 152.633810983026
0.9533026907490829 0.012317697520520044 -0.3017652301680042 -136.24119154118733 -0.01808340231836757 0.9997032743792752 -0.016320347911450525 -13.345134547644971 0.30147465958376773 0.02101517364076947 0.9532425672963312 153.6609743109091
0.9596886177063382 0.013798831782654761 -0.2807264670214212 -136.55174424312145 -0.019046487477999266 0.9996909946851635 -0.015973304609304156 -13.372042138848078 0.2804193081077806 0.02067625175957155 0.9596548880996382 154.69920396649997
0.9656227425287072 0.015051008777661112 -0.25951143760171747 -136.84395794287082 -0.019579938398604557 0.9996976262570978 -0.014875552703484032 -13.396894631686054 0.25920907608269234 0.019445389960143212 0.9656254613905206 155.76275267998264
0.9711349011205211 0.015834361682374138 -0.2380047831782896 -137.1115787225688 -0.019352198492080204 0.9997351959214905 -0.012451122413078523 -13.423552922245525 0.2377446029653601 0.016697635339594983 0.9711841703481942 156.84181171042536
0.9762512115777593 0.0177981914168714 -0.21590923156558847 -137.3622302102937 -0.020289414766405865 0.9997506411005808 -0.009327125356600371 -13.445777749435315 0.21568938671476606 0.013486289381048643 0.9763688895378321 157.9360636101883
0.9808700522599636 0.019784275438050485 -0.1936556816231457 -137.58860923788598 -0.0212436841943891 0.9997594064068711 -0.005462159173144115 -13.465760404383081 0.1935010244453074 0.009471628496465078 0.9810543521091184 159.04964338896448
0.9849984533827069 0.02163790694325295 -0.1712011910495614 -137.79579661379228 -0.022399034596253378 0.9997459462455274 -0.0025151967704226444 -13.484542171632823 0.17110327315054397 0.006312206330058102 0.9852328790536872 160.1867677161088
0.9885421352509934 0.02341613526780143 -0.14911784414524068 -137.98007968275408 -0.02410364414655851 0.9997055306968493 -0.0028046805504725516 -13.502812207907779 0.14900825873843634 0.006366828351239636 0.9888154541290731 161.33944660976547
0.991612265902294 0.02267748753607393 -0.12724325393185745 -138.13666291715367 -0.023524715009560226 0.9997099426340771 -0.005159300562322543 -13.518563968191357 0.12708934611459488 0.008109387006711398 0.9918581228918479 162.5047820372818
0.9940626838972669 0.02269419902970339 -0.1064159471759766 -138.27096144347954 -0.023510792957692463 0.9997029355368984 -0.0064252076551371134 -13.533577524330429 0.10623851983843173 0.0088889824677137 0.9943009418145132 163.68597354702155
0.996030902419164 0.021380125103707688 -0.08640215087955301 -138.37307266565162 -0.021870289125632065 0.9997496258144357 -0.00473034221386036 -13.550300204074341 0.08627938270308112 0.006601207044834824 0.9962491115107338 164.8832732797632
0.9975314731948527 0.02193261722149743 -0.06670772284765748 -138.45667335942474 -0.022191704347857277 0.9997487861052897 -0.0031453043000426255 -13.569833639630234 0.066621980185537 0.004617898095221362 0.9977676015853292 166.09554581710526
0.998668353072681 0.022246742117620757 -0.04654678330721553 -138.52373678486356 -0.02238555219928399 0.9997463782878581 -0.002462956160249566 -13.583249773686216 0.04648018528179565 0.0035016518196788007 0.9989130747020505 167.32421235155553
0.9993697404641009 0.023839535673465445 -0.026302060443750056 -138.56473835215849 -0.02390270594896687 0.999712105043539 -0.0020898989775253118 -13.59694121239313 0.02624466599197639 0.0027172722154042927 0.9996518563673443 168.56608071544863
0.9996910647180557 0.024167187503166203 -0.005807079391950231 -138.57955577894398 -0.024177030525004983 0.9997063627074474 -0.0016308149010792112 -13.613097374625715 0.00576596200738387 0.0017707090205379753 0.9999818089703907 169.8095331987049
0.9995455189505399 0.02634192695046392 0.01465805002138829 -138.57767222874892 -0.02631123712354025 0.999651193268016 -0.002282673621761008 -13.627118303416841 -0.014713067216657985 0.0018959647599760755 0.9998899594308907 171.07514891755093
0.9990173294755915 0.027437508229921446 0.034807449627743035 -138.54733030901488 -0.02732971907719014 0.9996201027970572 -0.0035688288227072457 -13.643583575608842 -0.034892146145180845 0.002614044019696577 0.9993876649785345 172.35342881682885
0.9981437730925343 0.027415951241613886 0.05438174191872049 -138.49262399666392 -0.02713200266811773 0.999614133847615 -0.005952969284549179 -13.662117744904728 -0.05452396416085311 0.004466433655947998 0.9985024728575207 173.66858963525462
0.9968644926527552 0.02950068859516662 0.07342269853780621 -138.41522893696256 -0.02894226811231052 0.9995435866290903 -0.008658149061558111 -13.681890112225215 -0.07364460879573963 0.006505981944951251 0.9972633272081428 174.97143943762381
0.9952458003184965 0.03055977474779511 0.09247646790268825 -138.23981165396864 -0.029806504852195784 0.9995103883765649 -0.009516080906919794 -13.754981019326568 -0.09272199963810493 0.00671443926884728 0.9956693964807881 176.051291081506
0.9932894983004096 0.030851208057902722 0.11146378572202789 -138.10644377199642 -0.02961784122329638 0.9994805546430153 -0.012704502027427947 -13.783088448795429 -0.11179783561138168 0.009317931737317622 0.9936872848641819 177.3739725245973
0.99097697309334 0.03198409251022706 0.13016011918039996 -137.95283497525193 -0.02986317941435758 0.9993880247787247 -0.018214457009419247 -13.813075273120903 -0.1306630372906749 0.014163112482054345 0.9913256664339914 178.73101685873343
0.9883831365754636 0.03382196315516132 0.14817169143117787 -137.77582363147403 -0.030455458310217363 0.99922515051541 -0.02493117800212538 -13.852132956012056 -0.14890010205624304 0.020128919141125006 0.9886473518003532 180.07575367118912
0.9855169012201358 0.03573118520212645 0.1657700811772418 -137.5743198199695 -0.031145388412697633 0.9990590658365148 -0.03018191098150618 -13.897426676772092 -0.16669253789561148 0.02458180981792611 0.9857024563406528 181.42395980673095
0.9823163448783002 0.03807945555770177 0.18331544847437878 -137.3451258028877 -0.03232063658204819 0.9988887639019265 -0.03430180463788027 -13.95420551707346 -0.18441793577595547 0.02777035136459626 0.9824555117404673 182.78483960292388
0.9787393720425341 0.04027701769033741 0.20111440390920665 -137.08834795665575 -0.033466911878046804 0.9987491664377585 -0.03714927118036676 -14.018307638483524 -0.20235910511546046 0.029628776313874415 0.9788630793890499 184.1339312837341
0.9749538100518863 0.03967370292299247 0.21884027408520126 -136.80235108601784 -0.03232003195887378 0.9987894204703182 -0.03708246338562425 -14.082709229983902 -0.22004654916513666 0.029080764311601295 0.9750558062734509 185.54610737330694
0.970856138297079 0.039060366903320924 0.23645855126905105 -136.49252539942134 -0.030974277813819836 0.9988045276461214 -0.03781679081470369 -14.150168293401594 -0.2376530093324981 0.029390530634690482 0.9709053732801257 186.94937772615586
0.9666031520210767 0.03907170822913366 0.253281953796504 -136.15016329293547 -0.02910652164144302 0.998652106059268 -0.042974195295864326 -14.22074855754319 -0.2546196318056657 0.034166835958986626 0.9664375150105157 188.3399363278033
0.9620282092486372 0.04037260048650294 0.2699477314959607 -135.7941116948503 -0.028617850429051173 0.9984687509353117 -0.04734101860439122 -14.290366658688528 -0.2714456543153309 0.03781807154837558 0.9617104814951775 189.72814326595088
0.9569479526753384 0.04265780807379231 0.28710786697827556 -135.40973835153812 -0.03025648109207839 0.9984131178967903 -0.04749517200239291 -14.365420658311717 -0.2886783005741858 0.036763533861037534 0.9567200642589506 191.15221391119258
0.9513504246142082 0.044978242124027255 0.30481031367359585 -134.98738682048233 -0.031710162980812126 0.9983272975258818 -0.04834327852351799 -14.442001020256326 -0.30647485239427635 0.03632581382576933 0.9511853657935472 192.58806028258294
0.9451916269457802 0.048914065147925755 0.32283153901422185 -134.53948490274882 -0.03399072955881647 0.9980836837903747 -0.05170677378735596 -14.517515189099905 -0.32474208020465345 0.037899530104499216 0.9450429656699291 194.08740671449846
0.9391522864532273 0.04948093273397268 0.33991854928121934 -134.05915749203783 -0.032380198264040976 0.9979166963415157 -0.055801343381844844 -14.606593429133387 -0.3419714982422566 0.041399329204869925 0.9387979494712029 195.47450390649183
0.9326574653645594 0.05062333877723546 0.35719368677343466 -133.5560817579904 -0.0318693221358958 0.9977961347470212 -0.05819982637864865 -14.700209209725903 -0.35935274954611307 0.04289698188627676 0.9322153454747991 196.8930649767361
0.9257247470390745 0.05124653394113508 0.3747098684028203 -133.0156857093302 -0.0295370612563038 0.997547429592525 -0.06345618745000442 -14.806561252218959 -0.3770427757321175 0.047675134738863555 0.9249680139312132 198.28063663914568
0.9177383953647484 0.05459127218969347 0.39341584954605546 -132.42175478736667 -0.029479805165177116 0.9971395428647165 -0.06959650237597716 -14.915699776588102 -0.39608986197674473 0.052273559820017586 0.9167225840912766 199.73866184966604
0.9079954386442031 0.058255342615312525 0.4149103499047608 -131.8124459743913 -0.030593675823424187 0.9968616836394942 -0.07301240094015729 -15.035650148505782 -0.4178615923974463 0.05360129427735454 0.9069281067707982 201.14198530561285
0.8964764341047529 0.06178108340654143 0.43876314889463763 -131.1264511831315 -0.03217516270521536 0.9966941922806619 -0.07460191672399426 -15.157874238219563 -0.4419216695294731 0.05276158457736826 0.8955006717993961 202.625171946069
0.8832748704906654 0.06706777364138226 0.46403385318151497 -130.43541335402156 -0.035042977007419616 0.9963912808670098 -0.07730721295363584 -15.284280539193475 -0.46754410799640383 0.05202239086191259 0.8824376340154917 204.0597374154613
0.8693351373525937 0.07142034350650628 0.48903532949834744 -129.70284894873666 -0.03643310297360087 0.9960720121084673 -0.08070424835103952 -15.416773371701755 -0.49287832978521134 0.05234196430784642 0.8685224641887729 205.45505349853318
0.8546900370938494 0.07552843150649659 0.5136150275514535 -128.92313851002422 -0.03757846481835711 0.995765624885715 -0.08389683711475152 -15.554708438244777 -0.5177767853760995 0.05240492658264158 0.853909201376506 206.82901691463783
0.83963639672798 0.0770830588385562 0.5376513027323041 -128.09320552570958 -0.03624023332196976 0.9956230900626167 -0.08614701401057158 -15.701912497164662 -0.5419385267522705 0.0528475597758312 0.8387548918768345 208.21916504268344
0.82380883406782 0.07909876575658946 0.5613220022122786 -127.23834920946209 -0.03535865035666921 0.9954588769513508 -0.08838206913006687 -15.852190202953192 -0.5657638825135201 0.05296234090881215 0.8228646423857866 209.5652276042996
0.8073925985238963 0.08138402521455469 0.5843747361827899 -126.34978457599179 -0.032912917273755636 0.9951114621039507 -0.09311239372860347 -16.01304468376537 -0.5890958595384622 0.05594478017846013 0.8061242148983159 210.8910356987046
0.7909250093219446 0.08367756211385076 0.6061647426465536 -125.43093061048612 -0.030129605114467804 0.9947298659158316 -0.09800357519356165 -16.183148617986447 -0.6111708734263491 0.05924997429329776 0.7892779003757289 212.16097822078194
0.7747221428768493 0.08563578250197645 0.626475948534 -124.4729280700849 -0.028271606057060437 0.9944867652027491 -0.10097915689650366 -16.362008167775155 -0.6316694686521231 0.060519307595580156 0.7728719789078251 213.40607224693517
0.7587072192693896 0.08725599752809206 0.64556157438612 -123.46888580986216 -0.02580525260756924 0.9942366232646752 -0.10405587872445148 -16.544082671606915 -0.6509204593238472 0.06228906689488726 0.7565861667906688 214.62851144824862
0.7428157455813856 0.08768391138182487 0.6637290861497274 -122.45470820678018 -0.02323016867373143 0.9941650062869236 -0.10533897444874463 -16.735338667116068 -0.6690927644054735 0.06282891021900279 0.7405183324273178 215.81083316460968
0.7271596957320974 0.08887808321939557 0.6806904312725776 -121.38436530773652 -0.021375791023346958 0.994033902329577 -0.10695642373210448 -16.923011492053842 -0.6861354476055935 0.06322410412715565 0.7247212292988194 217.00687449083128
0.7119185431181011 0.08987369831995495 0.696487405711612 -120.27006678392685 -0.01827601248292211 0.9938122487249712 -0.10955912400134547 -17.100801964844877 -0.7020241985375735 0.06526815942334961 0.7091559010775891 218.1772540289615
0.6967137211802812 0.09151019754905695 0.7114884921512472 -119.16432196855953 -0.015544009645495191 0.9935229259603148 -0.1125636680079224 -17.296435196881024 -0.7171808520054506 0.0673652680228434 0.6936234902170975 219.29635469945686
0.6818057891195296 0.09391141796309342 0.725480193733264 -118.01338479772316 -0.01243016209928826 0.9930696333492034 -0.1168682779451551 -17.49359768658749 -0.7314276156895356 0.07066363205950929 0.6782479591645528 220.40272257145813
0.6663519011370931 0.09585616520531344 0.7394502954513651 -116.86063656692201 -0.010573746934100247 0.992817311060765 -0.11917207195416081 -17.694368097567526 -0.7455624318102096 0.07159177641465293 0.6625792615401139 221.4745747952805
0.6502171557710523 0.09689327453253542 0.7535445200460047 -115.65696191278936 -0.009422165749776147 0.9927864071313549 -0.11952561486058741 -17.90571660811273 -0.7596899848843509 0.07061758396872823 0.6464396984257976 222.56769089360486
0.6330673876080263 0.09838902649728906 0.767818521665154 -114.43263864977536 -0.009556067388553512 0.9928074162276939 -0.11934033626296718 -18.113393507442748 -0.7740377021329213 0.06821314937904811 0.6294542095566449 223.63796927652237
0.6155463001898241 0.09948528559684562 0.7817962843812516 -113.2247193278877 -0.010992726230624982 0.9929877894973006 -0.11770475725001456 -18.313897384187833 -0.7880240556560669 0.06385865531766473 0.6123235744672793 224.63106693949422
0.5977971018216077 0.10041415325496045 0.7953336550654534 -111.9989101918238 -0.012762148367357309 0.9931903317855512 -0.11580195342375674 -18.51666301362551 -0.8015458518529895 0.0590759060345045 0.5950078022206683 225.57933470736586
0.5798378819344399 0.1023237742980629 0.8082808149938853 -110.7691692933014 -0.015022632592474388 0.9932560843953824 -0.11496378265152095 -18.72172167787554 -0.8145933655412207 0.05451785051663013 0.5774646766610712 226.49290947575156
0.562316432959399 0.1053060993953769 0.8201895236187466 -109.51330891259323 -0.015061189762407848 0.992997950070739 -0.11716753696418038 -18.93081067531738 -0.8267849719163729 0.05353220138797544 0.5599651003659084 227.37309776625597
0.5444942220561617 0.10873734564657138 0.831686378275604 -108.27837826369985 -0.016620973805345135 0.992765219760994 -0.11891577549958951 -19.14017272715489 -0.8385998958843345 0.05092551516327284 0.5423622465918336 228.20141244948493
0.5257486681926024 0.1087832888888348 0.8436554592677221 -107.01974926315205 -0.015962129344383118 0.9928761473684005 -0.11807695123806558 -19.347578806924304 -0.8504901812016985 0.04861226229472933 0.5237397250868919 228.99874196734103
0.5054984458292718 0.10764305717907852 0.8560866156559921 -105.7525848926923 -0.015969868084311292 0.9931847047103056 -0.11545174594987039 -19.55307178501112 -0.8626797114674485 0.04468908782516453 0.5037723700758082 229.7614979259319
0.48469090468785053 0.10566654127958972 0.8682795108528587 -104.46120953327542 -0.015245121743317698 0.993545985136884 -0.11240089715572137 -19.756995121854132 -0.8745526360236439 0.04124266567995228 0.48317360167098317 230.49804969989452
0.4639759542055637 0.1042245822681941 0.8796951462694648 -103.14784304194363 -0.014607149705908226 0.993819639153787 -0.11004161035584065 -19.947352700720234 -0.8857273537023149 0.038206822470048904 0.46263083946083705 231.20338924232857
0.44319035657541805 0.10310777879937658 0.8904780142090037 -101.84853911193622 -0.013066118189524271 0.994000576179788 -0.1085915793683265 -20.138405442083034 -0.8963322957441683 0.03649164980250852 0.4418786882173457 231.86477322123503
0.4219812993917443 0.10271936888087348 0.9007666258362197 -100.54724990753067 -0.011701349545632013 0.9940950146796916 -0.10788039769946658 -20.324496479983598 -0.9065290184999412 0.034983325252169704 0.4206914612537756 232.49899457301416
0.40152110950934294 0.10209474554236377 0.9101414513969928 -99.2416534475462 -0.008989767644307877 0.9941586660602555 -0.10755338569750099 -20.50751258124603 -0.9158056467919862 0.035002994585234586 0.4000934986649752 233.08872902386216
0.38090296986098127 0.10241582841269337 0.9189254189767657 -97.9232023971148 -0.006529668864285279 0.9941196953320828 -0.1080897533412406 -20.699694702385006 -0.9245919591774568 0.03517142936232637 0.37933188579528304 233.65083389851026
0.36047473491077303 0.10183491822188273 0.9271934075055476 -96.61199169154621 -0.0022504042657614316 0.994114615224863 -0.10831005252036292 -20.87975009902633 -0.9327662628824273 0.03695647747101317 0.35858237212848004 234.16911075017072
0.339937615718644 0.09996065564043354 0.9351204653644662 -95.31333881817321 5.083506784974252e-05 0.9943331683713131 -0.10630873761108416 -21.057582061480755 -0.9404479862466186 0.03618587570587517 0.3380061649793998 234.64970949005382
0.31944029569725585 0.09982417790020692 0.9423338214196681 -94.01358705488029 0.0015315680803521393 0.9943802063689776 -0.10585678759912075 -21.23361009513831 -0.9476051666089973 0.03525817193414716 0.3174922196334874 235.10614169606148
0.29985549258068916 0.10449896181451733 0.9482439826062056 -92.69350764915936 0.002068552009730737 0.9939088902621269 -0.11018547522469065 -21.406995318762277 -0.953982392217894 0.03500121194467191 0.2978128783324022 235.5322197121219
0.2808305251586996 0.11371980951697652 0.9529963384307986 -91.36324687998228 0.0016400750109110184 0.9928971629792176 -0.11896442284052858 -21.58879601125054 -0.9597559722622457 0.034971826821657157 0.2786493226902044 235.93016826329452
0.2617287146822227 0.1213735550567488 0.9574792635058347 -90.0541158971128 0.00016116782680940844 0.9920555312118482 -0.12580062407202047 -21.775656151061355 -0.9651414683535903 0.03307995049670558 0.25962985756536816 236.302800359027
0.2423333560268126 0.1252837293257946 0.9620699203919642 -88.77310471133967 -0.0018668942461398978 0.9916856910758639 -0.12867013958669854 -21.96513475577661 -0.9701912488075003 0.029384983947718924 0.24055241311559833 236.6359579779823
0.2223349012738824 0.12633991671965064 0.9667499248093075 -87.49294943359166 -0.004120598674585999 0.9916814439624124 -0.1286504347726362 -22.164443336566055 -0.974961646600571 0.024619893255190626 0.22100599203190835 236.95197994923652
0.20238573368006563 0.12639596375641327 0.9711148619750736 -86.20203712212533 -0.007643387534644725 0.9918095601578286 -0.12749656860688743 -22.359544519841396 -0.9792760557829326 0.018380879348467074 0.2016941988372524 237.24630144990937
0.18286164989380002 0.1266559205199954 0.9749460984051105 -84.92400646419988 -0.008771714132486747 0.9918376498268034 -0.12720508408558948 -22.548362976902958 -0.9830995239696213 0.014708983080977367 0.1824800586021086 237.51613319443183
0.1637637462305564 0.12523627118766914 0.9785179159318136 -83.64449583966174 -0.008606308966154847 0.9920527229288555 -0.12552818956482753 -22.73271459499888 -0.986462045324864 0.012135539067248298 0.16354009240866568 237.7511366074849
0.14520582188826622 0.12517548229454342 0.9814511541192862 -82.40416508255134 -0.008151082775982872 0.9920822030232415 -0.1253254255693218 -22.91373375193221 -0.9893678937277747 0.01019809182547971 0.14507642738841986 237.95049005451745
0.12673004217226824 0.12595478477154495 0.9839079675478627 -81.16888720438759 -0.007176351678266668 0.9919959207568562 -0.12606582874969638 -23.088187699369524 -0.9919112845348649 0.008915458199758749 0.1266195807033173 238.123836546592
0.10742452533115347 0.12932721842212702 0.9857659163982944 -79.92784733404704 -0.010671986838535125 0.9915963801828274 -0.1289291569243843 -23.265750275337634 -0.9941559636466983 0.003330072598268488 0.10790194883409739 238.28202034318895
0.08895173901603788 0.1310075524599002 0.9873827066160753 -78.69365450135784 -0.010240148707046022 0.9913802240159617 -0.13061543088211164 -23.443933697529744 -0.9959832967878934 0.0015075239727785428 0.08952653177126638 238.40744408687544
0.07196200106382972 0.12807688830761296 0.9891500296134687 -77.4643664744039 -0.010573319147785268 0.9917634245733452 -0.12764605203745918 -23.62418992055554 -0.9973513299359906 -0.0012729336156313503 0.07272347842974797 238.5101549618871
0.056907711349353955 0.12371306424182718 0.9906849096079303 -76.24264344764802 -0.007933958540105892 0.9923176819527959 -0.12346121004475044 -23.79973363690537 -0.9983479176573983 -0.0008341580950694367 0.05745206253399565 238.5867143201836
0.0429404118310191 0.11960290456514311 0.9918927695327557 -75.05808634796652 -0.007539113216579299 0.9928190248365595 -0.11938821421937415 -23.967402326055204 -0.9990491893814292 -0.002351412801864159 0.04353375763870276 238.64829801934712
0.030451546160747606 0.11633736753042209 0.9927428268451544 -73.87238497023148 -0.005239524694673835 0.9932083640425007 -0.11623120483327286 -24.131104912211594 -0.999522511360997 -0.001662080657415946 0.03085428285497156 238.68982208537238
0.019909988526097322 0.11653153710357682 0.9929874083880245 -72.71446667163002 -0.004716572812830855 0.9931841766161211 -0.11646005864784507 -24.290342459719387 -0.9997906512354438 -0.0023647789824592794 0.020323915040470236 238.72077709832055
0.01084433552959312 0.11895335168361981 0.9928406219077418 -71.57239868459745 -0.005509608681328374 0.9928910419572549 -0.11889921367787207 -24.4421517443458 -0.9999260195629983 -0.0041807803423108665 0.01142263002242267 238.75541352702533
0.00390857928517069 0.12056576137872324 0.9926976479226378 -70.4379443901412 -0.006741141793302449 0.9926858511272655 -0.1205377865196655 -24.600546491096118 -0.9999696395467693 -0.006220784107053389 0.004692742247271194 238.77445600620956
-0.0022991464882142227 0.12466412537914763 0.9921963363008728 -69.33567306124532 -0.007127320323222248 0.9921717142126828 -0.12467754738234908 -24.760718645398004 -0.9999719572220199 -0.007358353057567337 -0.0013926269580443653 238.7917005611231
-0.007800040074295128 0.13325650572445924 0.9910508882277153 -68.24852724918073 -0.006386706581995085 0.9910541843515119 -0.1333072153275875 -24.921990386987165 -0.9999491833857741 -0.007369352852684103 -0.00687919215153392 238.79560216661204
-0.012793576433582945 0.13578938903101992 0.9906551197205904 -67.16598773173766 -0.008105784057118344 0.9906895653792245 -0.1358987906993423 -25.078249550006547 -0.9998853037558153 -0.009768668041577526 -0.011573783211897046 238.79513922953592
-0.016489673952327307 0.1273813902294908 0.9917167297550975 -66.07902282288885 -0.006859819413372263 0.9918138295028054 -0.12750792322282176 -25.239850186317607 -0.9998405040458023 -0.008905561755622952 -0.015480873336310152 238.78786431564336
-0.019005361700472196 0.11774582487292004 0.9928618821123242 -64.99771672645994 -0.005628486039990712 0.993012907934274 -0.11787147585745904 -25.39198976230354 -0.9998035388872824 -0.00782849927594777 -0.018209838756962513 238.77530343935044
-0.020260916874907112 0.11424573108340592 0.9932458951219497 -63.92200543168494 -0.004945450162614063 0.9934262182382797 -0.11436735303171029 -25.532981440174684 -0.9997824952308771 -0.0072292355065253725 -0.019562729459713074 238.76093890579455
-0.02049976850572879 0.11657330830798536 0.9929705047388567 -62.860088240805354 -0.0063522777180123925 0.9931439804244852 -0.11672481618920644 -25.670852586730277 -0.9997696775052772 -0.008700456122648774 -0.019618715662678515 238.75277825641498
-0.020108517183115005 0.11994826921052071 0.992576475769043 -61.81107110307932 -0.006065371093419736 0.9927443074761343 -0.12009142870009862 -25.810343868013785 -0.9997794050740376 -0.008435205221698877 -0.019235085200546568 238.7414878894551
-0.018557862330992523 0.12240500507168467 0.9923067169374101 -60.77757638047372 -0.008812693522707069 0.99241905415565 -0.12258367502110827 -25.95423598955531 -0.9997889488179893 -0.011019785941961997 -0.01733845838633052 238.73478755539594
-0.016816884709145326 0.12317911686562043 0.9922419551484819 -59.74294606011215 -0.011240028521071702 0.9922962938903099 -0.12337636277019116 -26.096701327011 -0.9997954061444401 -0.013227633944213005 -0.015302795584893862 238.73281617997878
-0.013764874295198662 0.12495983789771006 0.9920663118704375 -58.724568847397784 -0.012072661115021158 0.9920672203144639 -0.1251274599403954 -26.23728637326795 -0.999832375495633 -0.01369924414379783 -0.01214708280408704 238.72871864660095
-0.010362452424036394 0.12603209093317505 0.9919720417606376 -57.71348965742066 -0.014479628408040107 0.991902382335432 -0.12617449931923538 -26.379329769465375 -0.9998414674041708 -0.015670863802181148 -0.008453643402036878 238.73431682283328
-0.005766668322574607 0.127296341114626 0.9918479657060768 -56.71284807053824 -0.01613112789956186 0.9917235550955599 -0.1273741613566589 -26.518863494164865 -0.999853255357578 -0.016734150933135003 -0.0036655072502526447 238.74335993106197
0.0002639758449165175 0.12657494724500287 0.9919570116928833 -55.71197613700429 -0.016964914496237157 0.9918148560686368 -0.1265522933718886 -26.653783028964153 -0.9998560506357348 -0.016795059138743785 0.0024091483220103917 238.75953058737232
0.006797070888793732 0.12524956743253107 0.9921019835104119 -54.710280168969874 -0.016205796372859425 0.9920084046841499 -0.12512672456325807 -26.797315646143865 -0.9998455740719437 -0.015227307508940718 0.0087725204345194 238.77763707575798
0.013965272893754124 0.12468687871354762 0.9920978547651805 -53.72213889885787 -0.014484653018959213 0.9921157300698069 -0.12448523195533696 -26.93658528993071 -0.9997975624994911 -0.012631722951628933 0.01566121308679549 238.79976024001837
0.021276089271559807 0.1257283741592225 0.9918365308641259 -52.74155266313432 -0.013738573271953108 0.9920041910536792 -0.12545491834275055 -27.074983967557085 -0.9996792383708689 -0.010957228810860026 0.022833298207371323 238.82779680145353
0.027595625536817103 0.12576502436931802 0.9916761770339214 -51.761989422177436 -0.014949825750047135 0.991994955225012 -0.1253894394204267 -27.20953257863781 -0.9995073707388434 -0.01136518603061257 0.029254886518574587 238.87400278357157
0.033610446212258185 0.12484264457193704 0.9916071056631728 -50.79008402768913 -0.01663388781369905 0.9921001218234055 -0.12434091062150295 -27.344570173749748 -0.9992965784398619 -0.012315127862440885 0.03542154632589725 238.92773581243594
0.0400803503121369 0.12284471111547236 0.9916162274135136 -49.809531969290624 -0.017595660789936452 0.9923465576336812 -0.12222398403729177 -27.479994415493845 -0.9990415197779433 -0.012549362674605036 0.04193513152762847 238.98160529159907
0.04642288517200611 0.12147499401295307 0.9915083164360531 -48.83520767318925 -0.01802149611468647 0.9925187417988524 -0.12075501172129739 -27.615033292153456 -0.998759301038091 -0.01226266722924967 0.0482647447142299 239.0434511466423
0.05309029396055853 0.12213399406701825 0.9910926839506059 -47.86253024209152 -0.018613080490254306 0.9924409871298019 -0.12130309270371877 -27.748328362172334 -0.9984162328016534 -0.012007271049709547 0.05496227360739555 239.10877640188355
0.05964204728893522 0.12450434689912836 0.9904249056836175 -46.895637672765304 -0.018504689716048683 0.9921585808604922 -0.12360795639199862 -27.881052376280106 -0.9980482967540687 -0.010955273986301963 0.06147828330547384 239.18056449283577
0.06598252014279378 0.1261552045454079 0.9898137054020363 -45.93214194525665 -0.018891296866560256 0.9919555800072669 -0.12516887071131405 -28.012947105469443 -0.9976419327285243 -0.010439907018379912 0.06783496445891697 239.25768966832064
0.07195032206033086 0.1280799992376924 0.9891504763941047 -44.96915308206725 -0.02127326493268895 0.9916922674248999 -0.12686171577258396 -28.149051932978242 -0.9971813272191364 -0.011914718835663769 0.07407725778232521 239.34628337717663
0.07796115259864328 0.12878423918152052 0.9886033979427366 -44.01312654527648 -0.023714124049350093 0.9915804805806336 -0.12730196719631204 -28.282226967035875 -0.996674319427396 -0.013519255523723971 0.08035876258393645 239.43985603327016
0.08446068714991053 0.12846252416202047 0.9881112144956576 -43.0626305147622 -0.024737291492311502 0.991619270816247 -0.12680413303783994 -28.417541311447835 -0.9961197010077599 -0.013733230929976458 0.08693065991026934 239.53789016001573
0.09028172918785232 0.12623766825978688 0.9878832220901311 -42.10713766681313 -0.02605255550559324 0.9918939214109552 -0.12436926075049612 -28.5515006476661 -0.9955754485354079 -0.014508610558177861 0.09283871225513737 239.64415225240185
0.09622893040270997 0.12470328453488963 0.9875166245586738 -41.159624817223595 -0.026850722244274323 0.9920850042162589 -0.122663699292764 -28.686029837085275 -0.9949970008339274 -0.014711738015446044 0.09881565208029552 239.7546446968505
0.10254856213833384 0.12400830277092163 0.9869679494528848 -40.21468716869548 -0.027283703410958534 0.9921761816141597 -0.1218278464298227 -28.81766860338979 -0.9943537559297206 -0.014434870329206446 0.10512964656573454 239.86811045675472
0.1092346834210458 0.1253605554620361 0.986079365503685 -39.28135730056952 -0.02776609469037607 0.9920133180902263 -0.12303910239133059 -28.94593712038854 -0.9936281134929448 -0.013939435636674725 0.11184303380444602 239.985650575472
0.11649839419120389 0.12586045385315295 0.9851838763940189 -38.3427354222739 -0.02567359795805071 0.9919882583270463 -0.1236938224373452 -29.074046472137066 -0.9928589983067881 -0.010883083071971425 0.1187963298426756 240.10498220090795
0.12516297276810703 0.1275464518854653 0.9839035180642842 -37.40834945467256 -0.024996662864194382 0.9917926642897523 -0.12538930539199983 -29.207023369068754 -0.9918212525921711 -0.008900206315757032 0.1273239538894137 240.23443668695936
0.13442541539924968 0.12991081158152024 0.9823711054021116 -36.488096533607404 -0.025305506481605254 0.9914957896628654 -0.12765473129704222 -29.337763109748984 -0.9906005446376699 -0.007699358092810429 0.13656969227654647 240.37297942921518
0.14373058725209184 0.13121538740972383 0.98087921804628 -35.582244916376766 -0.026020390387614587 0.99132909666851 -0.128800471204385 -29.465823329293407 -0.9892747128943733 -0.007010292812110004 0.14589858882951579 240.52164860309034
0.15099048241476673 0.13040164035358828 0.9798965692425126 -34.670807425128174 -0.028056212340429963 0.9914271433613099 -0.12761296311715783 -29.593949454553098 -0.9881369961545132 -0.008223843354889335 0.15335463876652092 240.67897646986268
0.15602728004709776 0.12895691500737688 0.9792985254522144 -33.75755001700811 -0.030232237643905938 0.9915999324472656 -0.1257600325127989 -29.724529040904184 -0.9872899775082025 -0.0099843899341915 0.1586152964549627 240.84067219622048
0.15930097272239918 0.12951169587779393 0.9786980743419045 -32.842202415294516 -0.03287425497932506 0.991503758433171 -0.12585539468950183 -29.857522070619893 -0.9866825646829134 -0.012125083247291174 0.1622051136894122 241.00771548958912
0.1615410451929404 0.13144911331678072 0.9780724008611026 -31.91150798112156 -0.03345837047401913 0.9912491088024756 -0.1276939377712235 -29.98650555775869 -0.9862986505938227 -0.012096896566058514 0.16452549021435875 241.17655678884418
0.16387313928911607 0.1329546453482874 0.9774807703990077 -30.98453091709595 -0.03344997166270064 0.9910551079919611 -0.12919315894739491 -30.114985718986077 -0.9859141410971315 -0.01152541553929438 0.16685464087448315 241.34741956569152
0.16675833379604624 0.13276901795453458 0.9770179353425154 -30.059666003114174 -0.03292429377850744 0.9910898350092514 -0.12906172872126334 -30.24565491650561 -0.9854479433175315 -0.010645506691692704 0.16964381568016212 241.5144912484542
0.16959321056509713 0.13277486863628454 0.9765290457476606 -29.128434924217213 -0.03145995491608892 0.9911072065482439 -0.12929337324400597 -30.37781508902662 -0.985011885292203 -0.008794281480230478 0.17226214455401065 241.69185737823008
0.17279230188976796 0.13367296097973572 0.9758454590305484 -28.18371831219623 -0.031063051419837822 0.9909947485008025 -0.13024782255500342 -30.514303302810912 -0.9844683373497206 -0.00780691659627221 0.17538855381448276 241.86925162116196
0.17636591899857865 0.1341918535551922 0.9751346620109476 -27.235605285667262 -0.031186104366091465 0.9909280734629088 -0.13072482594195883 -30.65189940426213 -0.9838305186922457 -0.007355247277284061 0.17895086148783038 242.05036508408722
0.17985544866590222 0.13235733475624584 0.9747479435840871 -26.2881387610398 -0.03107665442488288 0.9911765165448579 -0.12885400498144253 -30.787476132027024 -0.9832020439029521 -0.007116810115792292 0.1823817202431018 242.2358526732864
0.18344696889164905 0.1285342153617167 0.9745902549717038 -25.333587777975143 -0.02840943897849385 0.9916940530978993 -0.1254424522527692 -30.923243161716915 -0.9826190072359646 -0.004675524741547618 0.18557485305665292 242.4238072272422
0.18751876436311438 0.12753199812697016 0.9739467657246312 -24.381311244639512 -0.028586669708919585 0.9918241556186462 -0.12436899391051032 -31.059169208355353 -0.9818449548307936 -0.00452037444265809 0.189631355234874 242.6200081439575
0.19278219586390005 0.12911218571115737 0.9727101667294206 -23.42700039764872 -0.027566896982029472 0.9916268587797429 -0.12615957806445796 -31.191005044765685 -0.9808542660093161 -0.0024932804710734837 0.19472722563580647 242.82288867544187
0.19872825478489134 0.13157524903097503 0.9711822870051663 -22.481680774140376 -0.02728490732841408 0.9913057600695981 -0.1287183898474347 -31.32356669271366 -0.9796747493848306 -0.0009186377268314244 0.20059048213336658 243.03294184268944
0.2048616640565025 0.13066351721294747 0.9700302798725098 -21.531879500038883 -0.02753883152955973 0.9914266218482115 -0.12772966080214035 -31.459876257291047 -0.9784034501973032 -0.0005465895946818043 0.20670362812933052 243.24934342053422
0.21198453896164754 0.12994295463652275 0.9685955728690616 -20.580706890104107 -0.026979941064562293 0.9915211378213813 -0.12711379167323292 -31.59714845861058 -0.9769005261649573 0.0008135070521137872 0.21369300452964415 243.47061116785878
0.22006735682078357 0.12857803307162652 0.966973654177477 -19.633647484205877 -0.02652230577297339 0.9916972870094337 -0.1258294807849632 -31.732970262770113 -0.9751240565991582 0.002044590315973786 0.22165038662732328 243.70364491509105
0.2298681815662123 0.12949637643816528 0.9645679382981922 -18.687338666307078 -0.024076992401610778 0.9915613938377932 -0.1273824975706839 -31.870968859963515 -0.9729239012072503 0.006057288158692468 0.23104629778429228 243.93775372950788
0.2403437574491368 0.12963572386816247 0.9619924414216596 -17.748123367740007 -0.022179872895075028 0.9915167056105723 -0.12807293130679867 -32.004976723548246 -0.970434403498551 0.009444659461045718 0.2411801544780935 244.18839896326222
0.251358917963999 0.12940209760638668 0.9592047703671163 -16.807539936586487 -0.021247673700221414 0.9915214918840224 -0.12819386683617587 -32.1403244659391 -0.9676607002055504 0.01184180168510571 0.25197726288408473 244.4473221551312
0.2619819130021591 0.1265583428487079 0.9567384507351605 -15.874868425676993 -0.022994779623706947 0.9919011849289683 -0.12491308757118211 -32.27611299271519 -0.9647987963144365 0.010724979808722534 0.2627703511401492 244.71780437737345
0.27247501946700675 0.1261468998120426 0.9538576012352483 -14.949980555175816 -0.02328093672160916 0.991942272720853 -0.12453323080508795 -32.41207600403554 -0.9618811578109939 0.011725496032121707 0.2732163080619147 244.99913506640033
0.2829502788046822 0.12780904524537537 0.9505808685629096 -14.030193427719908 -0.026637487485849338 0.9917467005913324 -0.12541501555494672 -32.546598892983916 -0.9587646134400213 0.010165127626933258 0.28401951727924524 245.2879400275884
0.2929276835733232 0.13025970296835945 0.9472200282822143 -13.112469300657825 -0.028228274407852152 0.9914227971737226 -0.12760878405574838 -32.680158582015224 -0.9557178122857823 0.010641758634094807 0.29409219005756143 245.59347766924392
0.30330993421640184 0.13096853800203231 0.943848677415638 -12.203002290036455 -0.031234628625533 0.9913438568421831 -0.1275215882738688 -32.815154119527485 -0.9523799041245393 0.009197801632740102 0.3047751936507612 245.902593824365
0.3130305575883788 0.1303233578182502 0.9407591043529061 -11.2894873231325 -0.033859371479012135 0.9914423170979972 -0.12607805054965113 -32.95191179382467 -0.9491393011454928 0.007612770476665131 0.31476440832266284 246.22576869204855
0.3216978796635425 0.1294145554916562 0.9379564739618119 -10.372563597628773 -0.035727769210904634 0.9915688848239042 -0.12455791085391356 -33.08867423451015 -0.9461680615658049 0.006558923385442871 0.32360930115933323 246.55683862791003
0.32958550552898636 0.12792473315261005 0.9354189741463624 -9.452853651443037 -0.036506436556826984 0.9917637829033973 -0.12276758127073019 -33.22473870487202 -0.9434196704728626 0.006313601901958005 0.331541043908443 246.89345495985938
0.33729226144897007 0.1270124872764755 0.9327924519647873 -8.53758604750315 -0.03714340157863633 0.9918806196467662 -0.12162731637389466 -33.359616769984115 -0.9406669432300722 0.006376867960871178 0.3392713331084772 247.2394288898072
0.34485867435130724 0.12564196380730425 0.9302078217556012 -7.6327826071723015 -0.03877674120394393 0.9920621178608945 -0.11962072833317414 -33.49240008329436 -0.9378533249214728 0.005181817827814772 0.3469932127545716 247.5910411206966
0.3523758088560846 0.12619881578366168 0.9273107074911938 -6.7339090980134015 -0.0411192023370577 0.991997163670037 -0.11937687577485835 -33.62372952904393 -0.9349548120268615 0.0039352465492273545 0.3547449975720786 247.95342736552882
0.36008170606317 0.1274587006940718 0.924172843453005 -5.841977089884902 -0.041345491632140054 0.9918300133524047 -0.12068046625309796 -33.75353158412431 -0.9320041390897001 0.005244447611276872 0.3624096859755829 248.31792055565472
0.3678874157513666 0.12923363743125238 0.9208460871872484 -4.956767163670963 -0.04281867542079131 0.9915990646997975 -0.12205677335443382 -33.880740985768895 -0.9288839595810608 0.0054737412045362645 0.37033043054849973 248.68926456118191
0.37556999230149263 0.12868689890970245 0.9178163557769372 -4.076192824638605 -0.044415615704868315 0.9916744704565619 -0.12086768685738476 -34.007540657143046 -0.9257291363915333 0.004628897676695917 0.37815888108318435 249.0738014861889
0.3839834706695793 0.12693537215497097 0.9145731821721103 -3.202181977417046 -0.04347258903684441 0.9918922671451255 -0.11941467405698772 -34.13710756358192 -0.9223160132270163 0.006094396900591386 0.3863884445366368 249.45701027542236
0.3923901745217092 0.12540938042353145 0.9112093273450426 -2.336161984407482 -0.044841794983522365 0.9920917632502997 -0.11723116784186315 -34.26093966615826 -0.9187051563812396 0.00514009656497262 0.3949106418492999 249.85176599526383
0.4003412165489074 0.12219467313070757 0.908182455341776 -1.473325878934907 -0.04504598111024741 0.9924954848013295 -0.11368189053138263 -34.38445291787254 -0.9152583077568623 0.004601576626929523 0.4028412287422827 250.25282985938196
0.40880835777316693 0.11945035857468006 0.9047692183375733 -0.615698295978782 -0.04576863436797736 0.9928332010928943 -0.11039686098674646 -34.5047549547524 -0.911471863922796 0.003721107901811192 0.4113455902681929 250.65938878542178
0.41712094071783157 0.11985293059931101 0.9009136450523016 0.23619300377526187 -0.0491662044902997 0.9927908039151399 -0.10931195724873181 -34.62223458481603 -0.907520140355402 0.001301801938555485 0.4200065477597048 251.07646386985618
0.42542137606798797 0.11957252244544442 0.8970613494407447 1.0830660130109524 -0.049870077818617624 0.9928243341041576 -0.108686783690572 -34.738051362412286 -0.9036202897914499 0.0015011617733626437 0.4283317854076993 251.49317373579845
0.4333165251228047 0.11858229791994711 0.8934064179730965 1.9111933949895292 -0.051606886505348705 0.9929442149960074 -0.10676382894588986 -34.85041137466017 -0.8997630345378281 0.00015660775215060982 0.4363788000731612 251.9157875847936
0.4415455832812268 0.11805264885579791 0.889438626316042 2.744891750127481 -0.05295148913773464 0.9930072071106992 -0.10551220983519446 -34.962625562789825 -0.895674962072144 -0.0005086495250835681 0.44470901001972624 252.34602827641737
0.4497373161808346 0.11840989742379217 0.8852770428665503 3.558544220378877 -0.05382630786423551 0.9929647771727176 -0.1054688573752502 -35.06994058945239 -0.8915374781893152 -0.00021791379787088243 0.45294688154066604 252.7778140270361
0.457960116828212 0.11869421681686265 0.8810131748668228 4.373227876858483 -0.05425563227917169 0.9929307045134173 -0.10556960926553356 -35.175258618751954 -0.8873155344975522 0.0005467437440723421 0.46116249122256536 253.2175648562739
0.466398134356746 0.11931078511305251 0.8764917095011512 5.1878577284017435 -0.0548036726591873 0.9928559726490053 -0.10598856088401065 -35.28552731644153 -0.8828756071676296 0.001397902323466201 0.46960484254049667 253.6647171334258
0.47450406311505633 0.11823530601212644 0.8722765080520729 6.00080985302904 -0.05536813716262923 0.9929847819332053 -0.10447771167194754 -35.392981828364555 -0.8785102523445257 0.001278773351735857 0.4777217822794707 254.12567309642375
0.4821833921001864 0.11648601467885959 0.8682915321290372 6.80316971346719 -0.05568102800547233 0.9931918384710453 -0.10232103945308801 -35.501155911247544 -0.8742990332277688 0.000990140769315422 0.48538667072577024 254.58925651120933
0.488463155447842 0.11408259584396503 0.8650947387976857 7.6137278841116185 -0.05627156876608145 0.9934712472180507 -0.09923906236768097 -35.6091214113379 -0.8707681989591379 -0.00020561253562674755 0.4916937068998807 255.06076562001385
0.4934892644387604 0.11227576729974718 0.8624746361261532 8.419270852023082 -0.05692391874171154 0.9936761920696275 -0.09678477560594549 -35.71401220953803 -0.8678870971265661 -0.0013331883809839995 0.4967597097691847 255.53554363430385
0.4972389995065986 0.1100165418201705 0.8606100963244642 9.22326448901457 -0.05816075064153819 0.9939232934064894 -0.09345487632441456 -35.8168915808331 -0.8656620035871327 -0.003584320009352647 0.5006160686549953 256.02006367816995
0.5005011167198175 0.10720697477758559 0.8590723466165407 10.035444809810897 -0.05870428663080591 0.994221784180013 -0.08987130016351932 -35.918789464045375 -0.8637432714026682 -0.005450543179473302 0.5039026222254326 256.5077294380992
0.5029268382081549 0.10441272669971399 0.8579991712776156 10.85100460930595 -0.05880665194777198 0.9945099412278466 -0.08655492178773004 -36.014543985653134 -0.8623261407939813 -0.00692526549074254 0.5063059031862485 256.99801271545016
0.504746422971273 0.10298494942999759 0.8571027643687784 11.665593402518478 -0.05892659264271672 0.994653123265206 -0.08481050087277905 -36.108234426880074 -0.8612541466821645 -0.007698348502968395 0.5081161582287116 257.4911716300364
0.5060457184342855 0.10416634887942341 0.8561933792172501 12.475521866358335 -0.059402854223747074 0.9945323779257653 -0.08588742729524815 -36.20214022520134 -0.8604586171132226 -0.007397365642883629 0.5094666301311084 257.988555556133
0.5074291794466553 0.10609055400318643 0.8551376627171713 13.28307780887884 -0.059617250275949205 0.9943362892675232 -0.08798367641346354 -36.29645457900803 -0.8596286473330375 -0.0063354713314162075 0.5108800744669754 258.4839407036814
0.5089743320052333 0.10650385126724128 0.8541674654451944 14.086098937688508 -0.05853888014853929 0.9943013937984498 -0.08909510537294776 -36.38986946678303 -0.8587888732807265 -0.0046548851443460595 0.5123085039051314 258.977300154964
0.5107008527376762 0.1048806785371902 0.8533373789320287 14.90107941384326 -0.05805365012419394 0.9944729305496837 -0.08748350765249248 -36.485054316645886 -0.857796253617528 -0.0048614476758059855 0.5139668798728474 259.4784388964833
0.5122343616221113 0.10198100291872646 0.8527695080250434 15.716520692417815 -0.05559936484768776 0.994779893120761 -0.08556678602812492 -36.58036533208157 -0.8570441467054773 -0.003583194990495453 0.5152305224960387 259.97670848676347
0.5131905604275898 0.09880568815450266 0.8525684046903961 16.52529647565417 -0.054821334362134856 0.9950966132315556 -0.0823246720846456 -36.672325307762684 -0.8565220779330615 -0.004490692975987533 0.5160908482910996 260.4793395375054
0.5142532076553122 0.09634981014409477 0.8522091013955523 17.335268493764172 -0.054381225840076666 0.9953331554110736 -0.07971569491365986 -36.76232420111057 -0.8559125660325072 -0.005350123796138766 0.5170928886409247 260.9826743112069
0.5153267769851794 0.09307268564476595 0.8519247549572281 18.140269707610585 -0.0545299581022968 0.9956318169849324 -0.07578765517315389 -36.849766723489374 -0.8552571523181944 -0.007400013118481882 0.5181509849594227 261.48229082745854
0.5155961259748214 0.09226115197046066 0.8518500541273886 18.955655517109914 -0.05340615725576072 0.995713251587955 -0.07551756735565711 -36.93606544261876 -0.8551657250187985 -0.006557472777436469 0.5183132086912764 261.9898700762028
0.5163083983778872 0.09188327753646694 0.8514593948472308 19.775713422069423 -0.05449719168506643 0.9957377655303453 -0.07440670934181601 -37.01969828199026 -0.8546670075900322 -0.007985336924198528 0.5191151515139077 262.4991565554818
0.5164775212523455 0.09265648122690257 0.8512730152704694 20.603579081985853 -0.05633927857279398 0.9956514409167776 -0.07418958073909528 -37.103868978079745 -0.8544453497625981 -0.009642856785946946 0.5194517875434426 263.0210747461724
0.5167511020718238 0.09054644547925461 0.8513340353343235 21.430275926729358 -0.056211142971860556 0.9958341694726962 -0.07179564273981974 -37.18787905951574 -0.8542883622719855 -0.010753981667232222 0.5196881237482249 263.5384037994909
0.5171778539620316 0.08823639059097317 0.8513174535663532 22.261395269141904 -0.05606881055932214 0.9960277894193703 -0.06917319702621018 -37.268671124794096 -0.8540394346010546 -0.01195751144014857 0.5200708240869415 264.0586628197024
0.5176273446666315 0.08551853871770282 0.851321626407409 23.097436703736676 -0.05560057811210786 0.9962513665708177 -0.06627058411828858 -37.35025226077026 -0.8537976972134387 -0.013030508100935869 0.5204418296905636 264.5820226944544
0.5182848318347433 0.08427882260060422 0.8510451886657271 23.928798956961675 -0.055234137315553544 0.9963534187222756 -0.06503118540701752 -37.42804755433045 -0.8534225349526677 -0.013302069819814176 0.5210499321307627 265.1061756217498
0.5190133359877116 0.08362019642590811 0.8506661036015216 24.7501765381653 -0.05576585780167311 0.9963956306872115 -0.06392117216602936 -37.50339006140344 -0.8529450897745703 -0.014262184164010342 0.5218057722297861 265.63081739324855
0.5199015051392819 0.08194044678306052 0.8502871209978998 25.582491036765973 -0.05565048964532371 0.9965231044266033 -0.06200584929022642 -37.572599518819544 -0.8524115484647918 -0.015081960249217806 0.5226538878826963 266.1612702840323
0.5212856256364512 0.07985086256010679 0.8496382384598847 26.40086808229195 -0.05576367701209401 0.9966721443649742 -0.059456277826790534 -37.64810858902224 -0.8515584001293769 -0.01638524932164861 0.5240036400386593 266.68530535380876
0.5232521593275308 0.07825688624539269 0.8485770663376706 27.219506195473404 -0.055478528987308554 0.9967903488602325 -0.05771597041116247 -37.72383696673626 -0.8503701021205298 -0.016877801227455295 0.5259142793699823 267.20701544722283
0.5255830935822164 0.07773244136342783 0.8471836160480346 28.041109161402925 -0.05566721193764637 0.9968251800209758 -0.05692733957634638 -37.79497096051885 -0.848919061663499 -0.017240302660706343 0.5282416101638842 267.734473302207
0.527837733038122 0.07604509137861798 0.8459340823364365 28.85333512436463 -0.055469736694086155 0.9969439099033164 -0.05500862493990305 -37.8663945484859 -0.8475319674751298 -0.017888112921933083 0.5304428145651792 268.2611049485189
0.5308384035261946 0.07308778103253168 0.844315560442597 29.668346801821436 -0.054820793740718514 0.9971490241608663 -0.05185078773434059 -37.93156342923054 -0.8456980961994641 -0.018761659808630073 0.5333317262322097 268.7921010022563
0.5354633493221145 0.06929848426400818 0.8417105925503428 30.48496190178461 -0.052928165184153046 0.9974224028699826 -0.048447493054965575 -37.99839166478163 -0.8428983395777819 -0.018608340382284372 0.5377509821518104 269.32761378958514
0.5414529539544893 0.06757828675826288 0.8380106644982331 31.28340707219777 -0.05206291971210523 0.9975463752169708 -0.04680471859263044 -38.06290441057131 -0.8391174834580721 -0.018286728802671338 0.5436427544856005 269.8634277070186
0.5472505982526453 0.06567863699148062 0.8343878590649901 32.07893081947333 -0.04919156031293395 0.9977169520467788 -0.046271740754661624 -38.12431495333322 -0.8355219764351508 -0.015722602883395657 0.5492320335272444 270.40681542751213
0.5532898968150619 0.06729446790381234 0.8302660686020571 32.8666787745449 -0.05159013182314772 0.9975862904021916 -0.046476354203682735 -38.18281807734774 -0.8313896489497861 -0.017118638705771076 0.5554261461508764 270.94964755350804
0.5590872724955059 0.06706817187873827 0.8263917243380254 33.66112062830359 -0.05176775119131219 0.997601921076393 -0.045940254693311804 -38.24146914946547 -0.8274911006591736 -0.01709582947785802 0.5612185055255533 271.5049375484036
0.5659091541449959 0.06468662348897632 0.8219260733158948 34.45719486498321 -0.052630505837398235 0.9977184114633312 -0.04228476418745371 -38.296364247631836 -0.8227860348293444 -0.01932904986501973 0.5680224720212419 272.0657037883232
0.5727818478999587 0.06106352701074863 0.8174302419077184 35.24790556088529 -0.051025404123890096 0.9979435957274875 -0.03879417328012772 -38.35176271194675 -0.8181181839137316 -0.019489110177288077 0.5747197680036743 272.63137184031376
0.5804124704020805 0.05939741860582938 0.8121535020331516 36.02593757941602 -0.05031885307162151 0.9980464127342338 -0.03703202740717169 -38.405516765947375 -0.812766496127461 -0.019372782229015204 0.582267393970673 273.19795975419174
0.588913031230624 0.05945650769452722 0.8060064300857182 36.79579098799778 -0.04871997528329059 0.9980882807136315 -0.03802825147839539 -38.453032743961806 -0.8067265990750233 -0.01687328050140743 0.5906839144161363 273.7730704323084
0.5984108443801195 0.05845152082742509 0.7990543667618796 37.556708028368526 -0.04732000577486446 0.9981726369904197 -0.03757930038013374 -38.50279251118266 -0.7997907716282668 -0.01532339637791308 0.6000832568416724 274.3521971142578
0.6078296088733588 0.057647724801402664 0.7919721626434078 38.318477380751816 -0.04625580411902673 0.9982381766869673 -0.03716104398402265 -38.55464973050454 -0.7927190972609158 -0.01404572639282151 0.609425262364417 274.9505962859568
0.6172219634949988 0.05609993913865714 0.7847864961937178 39.0787229277815 -0.04548425399158444 0.9983307895763693 -0.035592375906268986 -38.60235508748691 -0.7854732525160908 -0.013727032179721486 0.6187433540405358 275.563132590302
0.6264894330107016 0.054091715164511625 0.7775506907440094 39.84513740127479 -0.04547687230021735 0.9984262562196239 -0.03281562093054396 -38.649695491304904 -0.7781020784008476 -0.01480193371924074 0.6279634211850673 276.19346248084133
0.6353812986429724 0.05315682106403046 0.770366768305287 40.57464037888806 -0.047507338116383975 0.9984289333729515 -0.029710567629167753 -38.69757688370189 -0.770735790112192 -0.01772053549186507 0.6369084113607061 276.82719241067343
0.6445893274854829 0.05175229285992608 0.7627753922850086 41.30366681281439 -0.046628561709904634 0.9985101318198452 -0.028342439661796413 -38.74156148993063 -0.7631057437371819 -0.017297885329063244 0.6460421093384445 277.46834657597736
0.6539617110366455 0.05014470850741677 0.7548639537736085 42.049008852036984 -0.04712368217485159 0.9985633009004082 -0.025508678389240584 -38.782013033665514 -0.7550585666531475 -0.018890270077168356 0.6553851681416871 278.12403020802077
0.662751138494034 0.045982182079682445 0.7474266300822096 42.78684845308603 -0.04644520394391359 0.9987153995324796 -0.020258177787969935 -38.81911777814928 -0.7473980007034199 -0.021288251874488927 0.6640354198961533 278.79560041549007
0.6715997567115395 0.04055984361349814 0.7398031264269198 43.52022754449253 -0.044394541368403075 0.998909369198387 -0.014463638006078984 -38.85673772524254 -0.7395829172457199 -0.02312944473458768 0.6726679249857112 279.4784711796063
0.6808409187550037 0.036041721897762634 0.7315440093606689 44.23269457948563 -0.040921396023637986 0.9991002813687422 -0.011138541932314465 -38.89483055541451 -0.7312872778165351 -0.02235222699298005 0.681703231070631 280.1543342047304
0.6906751009327868 0.03299076842280362 0.7224122882055324 44.95209813651941 -0.03643665359708475 0.9992776192528136 -0.010798608015677679 -38.92901166939634 -0.7222466858533376 -0.01886395661846087 0.6913782437382368 280.84598473428184
0.7009110433581349 0.03022637476399762 0.7126079395903702 45.67595137280476 -0.03347857544541165 0.9993946461704213 -0.009461828155560544 -38.956469520992734 -0.7124625564089353 -0.017225198823986543 0.7014986801418235 281.56515545210107
0.7111597667692592 0.02734041799429725 0.7024986033242954 46.39727923484969 -0.03217357693001769 0.9994622663413741 -0.006327646268022997 -38.97863957448591 -0.7022938466740399 -0.018101925413118884 0.7116569912676468 282.29671654816843
0.7210726085024165 0.024199706140979545 0.6924367606433145 47.10853245454688 -0.03049492565126683 0.9995298753245911 -0.0031761365102789527 -39.001764203918896 -0.6921880906061901 -0.018825582495595638 0.7214715827159514 283.043656941874
0.7306480719409427 0.02148488356044803 0.6824161448466564 47.805543600961094 -0.029137664261396648 0.9995753708081564 -0.00027312108551378944 -39.02170396549943 -0.6821322390052912 -0.019684457120561764 0.7309638367645137 283.80087396435766
0.7400058849846933 0.02135212349278982 0.6722613903909439 48.48839814087068 -0.0297173490485834 0.9995578768110858 0.0009644015966143051 -39.03791562441939 -0.6719435760192547 -0.020691489247117233 0.7403132397297741 284.578899950924
0.7491595358275325 0.01758404747143573 0.6621561682512622 49.16516655078234 -0.02670150561764525 0.9996367369932759 0.003663830125358262 -39.04994993023285 -0.6618512064478128 -0.02042535992238421 0.7493569144243729 285.36092205397887
0.7582125844174759 0.01825350237447616 0.6517518595923085 49.83764376964627 -0.028109295926751147 0.9995937809750466 0.0047053712407611956 -39.061824148179184 -0.6514012160822794 -0.02188795758119214 0.7584176771406719 286.16597363482725
0.7659883006612157 0.018303198249383798 0.6425938967839501 50.50214027591291 -0.028842970605745664 0.9995664799655352 0.005910598611467776 -39.07256213371848 -0.6422071365975134 -0.023061766262660148 0.766184147995813 286.9836297635371
0.7728941005476582 0.020593732600114316 0.6342007627843226 51.153937183356696 -0.03188177002346759 0.9994711615275347 0.006399219872133805 -39.082335366457166 -0.6337335891988013 -0.02516536215507742 0.7731419290588304 287.80855386851505
0.7785936876137844 0.022724379526667095 0.627116793096064 51.8020405995502 -0.03536801872060872 0.9993447038468386 0.007698450821667894 -39.09218764806095 -0.6265309033557281 -0.02817384369238584 0.7788871944459305 288.649958335885
0.7844036806251131 0.02507367238111415 0.6197436379464456 52.448226899031056 -0.037266297686444835 0.9992826506208331 0.006738488328106953 -39.103346459131764 -0.6191301065838409 -0.028381245947409345 0.784775392070849 289.4941499119127
0.7900414577316717 0.027921047935438564 0.6124172680022969 53.08492758270893 -0.039809518358779085 0.9991904467545126 0.00580115183049927 -39.112698527485236 -0.6117595093770544 -0.028963186922461543 0.7905134005758794 290.34766080481205
0.7952526415102641 0.029140383924560594 0.6055774716711906 53.720075900702305 -0.04299214154149031 0.9990402310683556 0.008384060625024047 -39.11976652607669 -0.6047519424827181 -0.03270251873505861 0.7957421902423942 291.2176684298552
0.8003159931211739 0.03018001271045166 0.5988184015102251 54.35690926262311 -0.04726730191688257 0.9987998304455308 0.012833583734808276 -39.125502903230235 -0.5977124001758407 -0.03857545248959604 0.8007820060049171 292.1020181178216
0.8048575318420471 0.032516714859742814 0.5925765914140158 54.989592375574816 -0.05135409185758627 0.9985685134710826 0.014955973844465615 -39.12781280889544 -0.5912420068691057 -0.04246866090288193 0.8053752554893333 292.9955038938364
0.8091168626868585 0.0353739528769499 0.586582122105362 55.61649572882471 -0.05514159571725903 0.9983526533180637 0.015855094907878127 -39.12659593223201 -0.5850549606126989 -0.04517369888157084 0.8097345429162763 293.888645224041
0.8126017332801917 0.03781316043156139 0.581591427007139 56.23832641360064 -0.059839587515742206 0.9980324699990389 0.0187193107128614 -39.12621635629882 -0.5797392921270481 -0.050013535425881106 0.8132656389140228 294.78771834666827
0.8152126744014248 0.03994319638804059 0.5777826897351445 56.86256965718358 -0.06295940343924625 0.9978186577707513 0.0198504338278045 -39.12516043310817 -0.5757294581779258 -0.052559178712041216 0.8159492163849832 295.6998236784573
0.8169631498229228 0.044678730044455967 0.5749565400210855 57.4848287020327 -0.0656177087200197 0.9977212207263633 0.015706113925204376 -39.12398084770202 -0.5729446117503331 -0.050558647073586975 0.8180331870238204 296.61731311694757
0.8181007957663219 0.051061316314462604 0.5728034828304908 58.10118436338523 -0.06900503295759484 0.9975698356856536 0.00962955640828504 -39.13329424859463 -0.5709197784216525 -0.04740427097143819 0.8196361642220515 297.50385082056243
0.8186825990221646 0.05564519861615588 0.5715438862670805 58.72246956445507 -0.07176141063442099 0.997405627392359 0.005684574725810792 -39.13898512336309 -0.5697447691748198 -0.04566865792886763 0.8205518092606388 298.42243549230807
0.8193015585260449 0.056806720762858004 0.5705418062446952 59.35228038277115 -0.07301272508545652 0.9973155792770395 0.005547729887040567 -39.15025966889431 -0.568695083654137 -0.04620207579183794 0.8212498219300502 299.3404995943111
0.8196250806765955 0.0558405018460735 0.5701723997875187 59.987369712630986 -0.07263373457774884 0.9973359347105067 0.006736017845135995 -39.159091699934415 -0.5682772806713023 -0.04693475991948369 0.8214974501385445 300.2753718711693
0.8199973041816714 0.05585668979656574 0.5696353670022223 60.62402266220905 -0.07328741670164061 0.9972810755190333 0.007707850854905513 -39.170590592425064 -0.5676560364234559 -0.048067521431541145 0.8218613859377022 301.218921462005
0.8202735540921586 0.05488950288050015 0.5693315720479105 61.250479595996055 -0.07166719320981879 0.9974033619301954 0.0070955639502107435 -39.18251605049614 -0.5674637520357063 -0.04662269923413541 0.8220773771620785 302.15016252357105
0.8208322012807246 0.055095178740017826 0.5685059530209343 61.89314399895932 -0.07121668471225683 0.9974418392680999 0.006161257669188371 -39.1922304869344 -0.5667121678235187 -0.04554446790859098 0.8226560765494241 303.09558663366545
0.8214567273684401 0.055377892617602495 0.5675756637404045 62.532060419026564 -0.07068214142449133 0.9974864838413322 0.004974880652340036 -39.20415265248124 -0.565873554731777 -0.04420411251331899 0.8233062106483425 304.04851490065226
0.8225413093259034 0.05457545541946857 0.5660806604346956 63.17283438340365 -0.06897924180129189 0.997609869937032 0.004051123885793595 -39.21547685238508 -0.5645065620990993 -0.042380031500422376 0.8243399021502471 305.0029587939706
0.8242899088320574 0.052773859803853816 0.5637029944208536 63.815571052016736 -0.06716771574358205 0.9977301030910377 0.0048103375908266225 -39.22844248742636 -0.5621695866546188 -0.041827755227260184 0.8259635553299091 305.9545048008706
0.8270094864606603 0.05118735932301155 0.5598528052529584 64.45707528348046 -0.06602075546711625 0.9977983832575605 0.0062965241324235656 -39.24316233700386 -0.558297921500361 -0.04216919034242779 0.8285681566619858 306.90790988683943
0.8308113425536304 0.050707774387740816 0.5542393298033542 65.08910347536752 -0.0653395012130707 0.9978409229565517 0.006651470096480328 -39.25668624003973 -0.5527054031448021 -0.041739838162830285 0.8323307775426082 307.87006204843567
0.8356985977385916 0.05014651240198693 0.5468941223232007 65.69876950013372 -0.06423871732931921 0.997912335801194 0.006660123999532311 -39.27072175877698 -0.5454184090527493 -0.04069763322016091 0.8371752873303447 308.8231616837744
0.8413661809036924 0.04852346550108684 0.5382828465846696 66.29767747658708 -0.06269419422516397 0.998000480685921 0.008029854365328838 -39.281741405138725 -0.5368169032752129 -0.040503257232423394 0.8427259925453675 309.79149331522837
0.8475413771225729 0.049234494313972414 0.5284407049374747 66.8833095528905 -0.06389139527199413 0.9979116619046632 0.009497612587983496 -39.29102769886273 -0.5268695319292692 -0.041812433609168045 0.8489170847145862 310.7680647491869
0.8540282095687294 0.05046448666546871 0.5177732639354959 67.45771604810147 -0.06440264834247565 0.9978836871517933 0.008969158423034092 -39.29801927895625 -0.5162248697489331 -0.04100588374773607 0.8554708652845896 311.7507817954958
0.8605524943767009 0.05126781183187523 0.5067751137260048 68.02423563854977 -0.06506017068837566 0.9978358109634822 0.009532499611820665 -39.30426290939348 -0.5051896461845141 -0.04117409171823246 0.8620255886916258 312.7414735490856
0.8669366406165041 0.051133123236227124 0.495788528371396 68.57673767716209 -0.0660374763959944 0.997737944957882 0.012571591087470595 -39.309644737048934 -0.49402420271461966 -0.0436393961843074 0.8683522846361684 313.74047352891824
0.8732503036695758 0.049993243499506346 0.4847005082990815 69.11473739443103 -0.06547934629991849 0.9977402727141219 0.015059993774391295 -39.31536987097043 -0.4828523193991364 -0.04488901657141158 0.8745505210347346 314.7384554433251
0.8795925602588821 0.049553873049901595 0.4731398753043059 69.63997932044254 -0.06470199997618105 0.9977798101970661 0.01578295163107177 -39.31894952748483 -0.47130730859631653 -0.04449566303428641 0.8808459325187553 315.73929389734036
0.8859465299527807 0.04945913458692697 0.4611426461199765 70.15023549820394 -0.06423054036594972 0.9978006141418904 0.01638206648638143 -39.31880484675242 -0.45931817267436864 -0.044133076303135774 0.8871747786243139 316.74131072621896
0.8919102088308033 0.0506358282810281 0.44936865965227507 70.64282323632277 -0.06560443147393304 0.9976871013616292 0.017790625273209154 -39.31866615890501 -0.4474284724448941 -0.04534821574134975 0.8931692456498402 317.75576547529715
0.897470929625369 0.054449896282268824 0.4376998278183593 71.10905877975924 -0.06926228756467306 0.9974372358216643 0.01793588909827581 -39.31879675824792 -0.43560149907763285 -0.0464130304040506 0.8989422476499989 318.7668057544522
0.9027979507889639 0.058164984131928214 0.4261134762855726 71.56515967421791 -0.07244920295166923 0.9972207514727889 0.01737486183294271 -39.31971871829419 -0.423918592471375 -0.0465575713818772 0.9045028576539214 319.7783510579781
0.9073545837848295 0.062437066727458045 0.41570334612933396 72.00953780864565 -0.07662308166636253 0.9969063057796793 0.017513447766280554 -39.31780352348234 -0.41332379878323594 -0.047743378548059365 0.9093316266160614 320.80176959207074
0.910670737369014 0.06743218953999476 0.4075925758813738 72.4456016420635 -0.08202598138524264 0.9964600765100148 0.01841342715093892 -39.31739639747296 -0.40490807163794607 -0.05020175032304526 0.9129782241581357 321.83587835389324
0.9132989862341486 0.06960644844347216 0.4012977748240795 72.87335690113075 -0.0842763083661164 0.9962613295449063 0.018996502351602097 -39.3162318324313 -0.39847517562810814 -0.05116938135742373 0.9157506368109429 322.8633635855238
0.9154800456651493 0.07004337689646682 0.39621990275839347 73.30334835712712 -0.08432880668492879 0.9962620002346518 0.0187264318957425 -39.3124204053297 -0.3934271703276581 -0.050556426311493936 0.9179646558591367 323.89710700300594
0.9173791337661129 0.06858770404948791 0.3920602654997716 73.7294125432679 -0.08236501154019543 0.9964322153716603 0.01840774411784351 -39.30972694697311 -0.3893989340053667 -0.04917892864575676 0.919755349629857 324.92631458279794
0.9192803455366138 0.06759494192242574 0.38775581251166746 74.14964534143111 -0.08102139596109856 0.9965432045579746 0.01836232136295603 -39.30794131655394 -0.38517421994026985 -0.04829663834911829 0.9215792179826866 325.9526736480035
0.9213775355561795 0.06596739404783886 0.38302968539651544 74.56326065834958 -0.0789899119763721 0.9967064733291183 0.01835210695792117 -39.31214930731094 -0.3805575262406229 -0.04716470021496148 0.9235537127180268 326.96207224649254
0.923620208179431 0.06475638830010841 0.37779931341507955 74.97326624989746 -0.07694517596264874 0.9968862586355169 0.017240279573046486 -39.31525418463006 -0.3755065258269927 -0.04499330525762034 0.9257269854246111 327.9638495240408
0.925630928012953 0.06473270390889482 0.372849919070017 75.37620845357507 -0.07595899091031862 0.9969907576431508 0.01548098427169873 -39.31499664965186 -0.37072579732972727 -0.04265098145151923 0.9277625110853863 328.99075176073256
0.927599066045706 0.0664457283965374 0.36762064393744676 75.76775592294989 -0.07696541800351453 0.9969353034117732 0.014011611000104297 -39.31609642861792 -0.3655629865053007 -0.04129123380485959 0.9298702796133443 330.0198474111591
0.9298341715573909 0.06778575606349481 0.36168149618010104 76.15709080789061 -0.07785194117293336 0.9968760277391995 0.013313924084179585 -39.316592431443574 -0.35964911880857314 -0.040537348134943196 0.9322066480917227 331.0606243099156
0.9323774124960966 0.06806331727928336 0.3550207677136915 76.54178613420375 -0.07847400099774236 0.9968034619090576 0.0149896462107218 -39.315461387630194 -0.3528656852606762 -0.04183590762796854 0.9347382334100062 332.1009259275027
0.9347919360550646 0.06876666545259114 0.3484755113475702 76.91510802023461 -0.08043612415627427 0.9965765353885987 0.01911122820678448 -39.31546613186875 -0.3459683023300494 -0.04589504151198492 0.9371230329831179 333.1370249060267
0.937099461261429 0.06845200149301224 0.34228485680078696 77.28665567867263 -0.08065577502058763 0.9965094591201648 0.021530068273545373 -39.31691580172114 -0.33961632124997154 -0.04778306578313987 0.939349526515557 334.1486910053224
0.9389837572573839 0.06924561842954625 0.3369192009000244 77.64204308698632 -0.08092110780627376 0.996505181188969 0.020717098613085735 -39.31877236713638 -0.3343071610333941 -0.04671689407322185 0.9413056113133208 335.15489377856386
0.9407362486341561 0.06789079755174678 0.33227420922111567 77.99793504905766 -0.07810633813936606 0.9967919732011101 0.01746888961253391 -39.327296003268884 -0.33002228780521764 -0.04238633942231461 0.9430210431279821 336.1510244378356
0.9422736372877217 0.06536061001630504 0.3284027757660677 78.34141976493666 -0.0749586674013056 0.9970478321365935 0.01663786684458164 -39.333287359189555 -0.32634581451886724 -0.04029405775066732 0.9443912315645481 337.14408765313857
0.943040323996219 0.06353671959928509 0.3265547926147504 78.68048985504062 -0.07301001079248652 0.9971893324586786 0.016821817817782005 -39.34274353956844 -0.32456815253684795 -0.039705421458227974 0.9450285677510721 338.1387647799
0.9427478087120974 0.06528216593399297 0.32705474767919135 79.01965452438293 -0.07523315342027215 0.9970061255209212 0.017853803521991358 -39.34581976758946 -0.3249100518527789 -0.041436994156511024 0.9448367233127101 339.1570259695477
0.9405394124634314 0.06874156108573529 0.33265629617133957 79.35848386406528 -0.07960375465374142 0.9966432420845094 0.019117799358290957 -39.34896127064158 -0.3302254621436172 -0.0444617339604867 0.9428543357090016 340.1740913155121
0.9366579231701126 0.07264296191070126 0.342629442762128 79.69538363542519 -0.0841828483901099 0.9962709133953156 0.018908071276312822 -39.352062409655105 -0.3399782095952246 -0.046553917206856 0.9392803361047883 341.16337876480895
0.9320679811021068 0.07529767788535205 0.3543720337573366 80.04402026212775 -0.08755871600527362 0.9959844290688334 0.018667841437530582 -39.353522663414324 -0.3515433826083857 -0.04842805754418356 0.9349181640051459 342.1397618802697
0.9278472696280099 0.07545557606576205 0.3652477245438027 80.41103107005165 -0.08816517378288456 0.9959392302266448 0.01821954520263583 -39.35658103039662 -0.36238977134526884 -0.04910708437833757 0.9307320494579439 343.103386002178
0.9243750430525058 0.07297734760056752 0.37443969677220146 80.78438913461986 -0.08625661324886608 0.9960954759164499 0.018804242330268606 -39.360684062717944 -0.3716054042294174 -0.04968007242311454 0.9270605772825891 344.0407080031464
0.9214468997447154 0.07068375318780917 0.38202018007708916 81.15416580761185 -0.08403033662658985 0.9962943393301601 0.018343716774432722 -39.36543094002854 -0.3793079401716628 -0.04900404528162473 0.9239719097833919 344.95640940551516
0.9192438555160027 0.0699178620479951 0.3874302861970219 81.52326733204669 -0.08300641152003531 0.9964017681504008 0.017130442881619027 -39.369386806629116 -0.384838498259512 -0.047906252132591476 0.9217398338272974 345.8565389583631
0.9181200149452824 0.06900167183486713 0.39024916071769084 81.89438945909002 -0.08113349138177274 0.9965953312085756 0.014666369335056951 -39.37225800426541 -0.38790848757545077 -0.04512776415092859 0.920592466930762 346.7514110909627
0.9181482762036034 0.06832629353751192 0.39030149950489806 82.2599986833791 -0.07952233393358984 0.9967537401774946 0.012576957021839986 -39.37937559458001 -0.38817514257111047 -0.04258519758789878 0.9206011946745992 347.63321584024516
0.9195593093552846 0.06642164606715234 0.38729683901596285 82.62026076224305 -0.07708510108778273 0.9969517518385158 0.012045401462795077 -39.387029440299145 -0.38531618674578694 -0.040931277036559396 0.9218763836826734 348.5058275026076
0.9223150808804539 0.06452174100580133 0.38101422088690684 82.97279169800923 -0.07469801938722667 0.9971344346637536 0.011963490603549546 -39.394419788795744 -0.37915049450067045 -0.03949511546224478 0.9244917730161379 349.3813940975709
0.9261596083759684 0.06160094428583368 0.3720667997496697 83.31538514782468 -0.07104123380446847 0.997404718953814 0.011703405837663503 -39.402055143517515 -0.37038024098540556 -0.037271306279172245 0.928132170984197 350.2547073929893
0.9307206295805501 0.059242647398670814 0.36090084289507474 83.64674069381772 -0.06806654706091553 0.9976112878287546 0.011775549577678837 -39.40727364885975 -0.3593411399274843 -0.03552502112383608 0.9325298483318206 351.1319629230206
0.9359331067483672 0.05738277008014238 0.3474714914784712 83.96175513641515 -0.06575987213892735 0.9977589977816634 0.012354009956323455 -39.413303528944816 -0.3459838997823694 -0.034412207770768886 0.9376091622033811 352.0108922339072
0.9420089535512747 0.05449776307777336 0.3311330929531892 84.25921709964398 -0.06251209769453456 0.9979516471568111 0.013592188154793216 -39.41967425140299 -0.32971407169099776 -0.03350378719675211 0.943486156322614 352.8829630438831
0.9487041441866484 0.05099180011230664 0.312026093659456 84.54277707236763 -0.058332558587369306 0.9981957635246628 0.014231313715363826 -39.42515043069135 -0.3107374444957108 -0.03170258668816429 0.9499669397329341 353.76148590381604
0.9554838333466041 0.04815342213067488 0.29108743042319385 84.80612807977866 -0.054636237268071916 0.9984056446522798 0.014179220840769363 -39.43002906999112 -0.2899405556152163 -0.029451938197161496 0.9565913743840531 354.64523123487635
0.9621290024030559 0.0484612066430482 0.2682522957694751 85.04502569247116 -0.05418731918632796 0.9984329316944256 0.01397910395813595 -39.433069921955095 -0.2671544818532786 -0.02798557411905588 0.9632472634100417 355.5330540293109
0.9685784615351075 0.04936377376069602 0.24376009043807892 85.259106736936 -0.05444790111470874 0.9984162159670468 0.014159299355732497 -39.434927591968545 -0.24267507064896668 -0.02698661768627553 0.9697321963054414 356.4300548140979
0.9748023549004031 0.04898433414559094 0.21762560485598875 85.44792675532032 -0.0531808073701777 0.9984941214766951 0.013464438493212605 -39.43819134498815 -0.2166383405772817 -0.024698671721260144 0.9759394474080492 357.3249280904907
0.9804724107055092 0.0497478925347374 0.19026034540511275 85.60948096137611 -0.05290133144047953 0.998533198241183 0.011528275762551901 -39.44076421207791 -0.18940776377209417 -0.021368181920443242 0.9816659818004647 358.22566978532694
0.9855192387650525 0.052358488186790196 0.16127745886743933 85.74337530625407 -0.05495707030216839 0.9984202742135294 0.011690870933424906 -39.44213742763705 -0.16041056837922987 -0.02038491486794243 0.9868398577267133 359.13201378193605
0.9899464369582047 0.052577895346896844 0.13130733747448953 85.84962160405651 -0.05470337242283513 0.9984227654224471 0.012630222949766427 -39.44690889383577 -0.13043616446107828 -0.01968619839082702 0.9912612473982831 360.0393275987382
0.9936177566872112 0.05120588642253477 0.10050726735689233 85.93051398938611 -0.05298594110934654 0.99848078253081 0.015120084702705941 -39.44930517016348 -0.09958033762055796 -0.02034905679245705 0.9948214273159951 360.9569160888216
0.9961796883083719 0.05292434210597907 0.06946252669229261 85.97429005323711 -0.05408147682143962 0.9984255971304715 0.01488357683731941 -39.44992541419409 -0.06856546117864513 -0.01858335296198251 0.9974735267294319 361.86337923801733
0.9978570537500304 0.05250900253566928 0.03903978655181667 85.99377546626268 -0.05312087372650228 0.9984783528151446 0.014803774318975605 -39.45091119206523 -0.038203050347260556 -0.016845878198042105 0.9991279914665098 362.77897448493513
0.9985350463193324 0.053192392110543225 0.00991618341904843 85.98582758182263 -0.05333630670771808 0.9984659997945717 0.014862221940376149 -39.448981525721514 -0.009110414854560388 -0.015369342073850132 0.9998403790932808 363.6991026890456
0.998290488701869 0.056304102159590544 -0.01568273724128306 85.95080949546829 -0.05610232887635308 0.9983400996050052 0.013022066476413723 -39.449997920900486 0.0163899012207585 -0.012119967024255442 0.999792217181803 364.61961485773054
0.9975886282544663 0.05869544585013406 -0.03703745960266854 85.89922990834262 -0.0582200435935283 0.9982085650192037 0.013787213143645808 -39.44982443523618 0.037780356024433574 -0.011597644534760707 0.9992187645055076 365.54775115940606
0.9965063206536375 0.0639472047480661 -0.053720646889738 85.83041283436192 -0.0630579934180921 0.9978459136253467 0.0180892821106764 -39.439727423277 0.05476168700311224 -0.014638567761387139 0.9983921423821751 366.4755492101171
0.9954445998461042 0.07073431247529702 -0.06392734685461206 85.74512795442513 -0.06929170042555534 0.9972952689680856 0.024511359529969936 -39.43437574351628 0.06548823473997377 -0.019970065911744647 0.9976534907361994 367.41419121515304
0.9948202775819364 0.07397371123183838 -0.06971732466454297 85.66193966971892 -0.07245179527755698 0.9970803450142351 0.02411478690246695 -39.42365864195568 0.07129763441273249 -0.018938733666247053 0.9972752737806491 368.3631482468939
0.9943927025761523 0.07686916548883405 -0.0726242690864401 85.57860849613505 -0.0757759354135305 0.9969678591971243 0.017694500278493383 -39.412992522523815 0.07376422354701395 -0.01209211002891662 0.9972023968079679 369.30897949835037
0.9942296167338621 0.07852588219944454 -0.07308320623802757 85.4962605368089 -0.07780856307784627 0.9968884993728622 0.012615360870068638 -39.40683159367582 0.07384644013757131 -0.006856066140304912 0.9972460567162394 370.2662818645086
0.9941841360710296 0.08077432816519939 -0.07122788424595256 85.41585115428208 -0.08020361335800891 0.9967195443428123 0.010841140593767678 -39.404418307192344 0.07186991017813463 -0.005065356306868094 0.9974011520829883 371.2383758029416
0.9944354632354206 0.08073611195999236 -0.06767414340301231 85.33649741364151 -0.08018009054173918 0.9967208287518019 0.010896908416520435 -39.404859056455685 0.06833200231565284 -0.005410153223628285 0.9976479678231351 372.23071485870275
0.9947097492613107 0.07987960731759072 -0.0645891868603521 85.26395918864041 -0.07931470654562502 0.9967859454200702 0.011267490341513087 -39.40680793142493 0.0652816363924446 -0.00608501009056134 0.9978483254493756 373.2264091625463
0.995064186070449 0.07763928300011746 -0.06180135382963774 85.1982200432702 -0.07722758525147903 0.9969726307434772 0.009026274129085292 -39.41157991884259 0.06231505176258725 -0.004208952797971786 0.9980476536920324 374.22066146770584
0.9953664453652147 0.07550909496931757 -0.05953163879758114 85.13462645588488 -0.07540174408617445 0.9971450084888279 0.004050806657456563 -39.41718443132619 0.05966754921876823 0.0004567523701515586 0.998218200068251 375.229357861997
0.9956169097880737 0.07343393754664855 -0.05791740464174615 85.07072104977358 -0.07363175880848763 0.9972846685856207 -0.0012860399819653319 -39.42411689543642 0.05766570071376508 0.005544963522102948 0.9983205498940355 376.25274175397294
0.9958212550429087 0.07203770722868437 -0.05613017675007423 85.00785250504312 -0.07235208511910675 0.9973727056765482 -0.00358632825563476 -39.43465128801441 0.055724355390419145 0.00763247723049401 0.998417017837561 377.29005246063593
0.9958782299066209 0.07255818072790027 -0.05442298785905537 84.93686977117576 -0.07279314346836677 0.9973443033974715 -0.002344940213335071 -39.44507370554014 0.05410831231930346 0.0062968952720944575 0.9985152175344595 378.3393691029741
0.9957589852068899 0.07481988534250589 -0.05353529804785784 84.86748241890922 -0.074932890692624 0.9971885734849306 -0.00010394005282077722 -39.45739992287103 0.05337701070859949 0.004115053878336418 0.9985659522832693 379.4089934323008
0.9956514943096884 0.07661728879725373 -0.052989554972998114 84.79804725107093 -0.07666993202991088 0.9970559846826768 0.0010416002038075294 -39.46719050569997 0.05291335749512599 0.0030256347786808005 0.9985945233841306 380.48353304434664
0.9954933757801644 0.07878152597456267 -0.05278645605574433 84.72868409528866 -0.07884236559753596 0.9968866598917445 0.0009320498182198252 -39.47630382968096 0.05269554217189709 0.0032339596470103665 0.9986053881990681 381.5619132026879
0.9952491078489752 0.08165183749740945 -0.053030092957760906 84.65619620386082 -0.08173427207877547 0.996653966688449 0.0006159966970600979 -39.48664570657864 0.052902949762416974 0.0037213058829854615 0.9985927246825708 382.6507201705089
0.9951808451635342 0.08207596395569404 -0.05365278706955508 84.58163178411883 -0.0821912950639281 0.996616570079038 5.70929641524274e-05 -39.4952185894659 0.053475942584508974 0.004352974228717834 0.9985596502863824 383.7733968689197
0.9950499213224916 0.08298153882408915 -0.054678316456189764 84.50864416173411 -0.08321111028087202 0.9965300700496775 -0.0019314793831339907 -39.50747552787787 0.05432830939686593 0.006471761828831945 0.9985021537768006 384.88841615430175
0.9950134333088209 0.0822877169951962 -0.056364875292197886 84.43675895525851 -0.08269818117479197 0.9965621712918187 -0.0049849353571518405 -39.52434911239754 0.05576090355587684 0.009621350313350959 0.9983977920912988 386.0030517199548
0.9950527601018294 0.07949789770535387 -0.05958262224973088 84.3641225162806 -0.0800449773072119 0.9967677277418457 -0.006848250889332715 -39.54211659076018 0.058845613444104446 0.011583660595184253 0.9981998860877527 387.1205708918794
0.9950678792751922 0.07543309286216286 -0.06441866294804321 84.28613914442224 -0.07595311334292618 0.9970953339504428 -0.0056585853151763016 -39.5646460803575 0.06380470365327225 0.010523474497562739 0.9979069176412283 388.24642622913376
0.9949969495280242 0.06993878224641757 -0.07134169305398257 84.20391202248985 -0.07043027340143816 0.997507026908128 -0.0043940707213078285 -39.5873854350239 0.07085652417751775 0.009396701910425239 0.9974422564613389 389.3716540437295
0.9945622278305675 0.06613129691086571 -0.0804526353923797 84.10933785453084 -0.06665066201468241 0.9977691957757072 -0.00378433800037924 -39.60973210184611 0.08002289813357705 0.009125981042249064 0.9967512489304037 390.4910404540362
0.9939519230768391 0.062271316126375584 -0.09045362236934514 84.00506433294441 -0.06294782284052262 0.9980060198649096 -0.004642834590852384 -39.633870490605794 0.08998414422266462 0.01030861296629449 0.9958898464625621 391.614691494321
0.99314386965798 0.06026180429723043 -0.10016870321417728 83.88680870502864 -0.06117120445118823 0.9981090775102289 -0.0060293563229109545 -39.657597144813664 0.09961595206972933 0.012115458494007459 0.9949521987305324 392.7376741943758
0.9922336018531054 0.05869650509941129 -0.10966859004620212 83.75113838015625 -0.05978184770848029 0.9981894342677246 -0.006632043488834007 -39.67870544781058 0.10908075008069616 0.013136727347118035 0.9939460832240546 393.8668581654517
0.9912125124352317 0.05761292340702461 -0.11907353294635346 83.60539744947191 -0.058771010111893396 0.9982520230619607 -0.006234326196778259 -39.700625555161224 0.1185062173991636 0.01317761394169839 0.9928658655269323 394.9952172240482
0.9900530241013701 0.0571426823288468 -0.12856797161031505 83.45362423062122 -0.05825451443965286 0.9982897336177379 -0.004900948971784674 -39.72511725474221 0.12806803276043036 0.012341864109131913 0.9916885889104421 396.1237211352635
0.9888856076497219 0.0557981597362872 -0.13781081362969452 83.2918292218139 -0.05696600734299419 0.9983657883025698 -0.0045416686783834505 -39.74964248855916 0.1373321848316434 0.01234172261194014 0.9904481575995466 397.2429349080769
0.9875698720448599 0.056257049793895716 -0.14676815791506181 83.11630601024706 -0.05769605737265717 0.9983186974250563 -0.005562673384932449 -39.77515880536707 0.14620845663963683 0.013961472702531735 0.9891552782485826 398.3554625175873
0.9861910403354357 0.05720609370650093 -0.15541780723246643 82.93142241377068 -0.05898961993918159 0.9982348588234163 -0.006884138960121231 -39.800365761422086 0.1547496581629055 0.01595711354331987 0.9878248396481173 399.4546904694301
0.9848871747856616 0.05666047289207889 -0.16366686822432241 82.7393207595864 -0.058731067916527484 0.998243083284384 -0.007836347125283034 -39.82649353499664 0.16293530803388231 0.01733024773422782 0.9864845401268959 400.5545539563586
0.9835608922801675 0.05695642425582243 -0.17135908762894717 82.5389615461326 -0.059159492433128374 0.9982182781451029 -0.007773263926948005 -39.85339752568152 0.17061103607940847 0.017782995051850735 0.9851779734925543 401.64245538820927
0.9822665817266777 0.05687526792144862 -0.17865488048705913 82.33471454986392 -0.05920668259380245 0.9982157314047418 -0.007740950350593403 -39.88149109041487 0.1778958435692607 0.018181239643024368 0.9838813502479977 402.72594490601125
0.9812359853977105 0.05470054859869743 -0.18488859062575846 82.12234295626816 -0.05725329891450611 0.9983235641113207 -0.008492414466652914 -39.9086863969648 0.1841140970267735 0.018918544422570283 0.9827227930362389 403.8094801765228
0.980334052938668 0.05078695471517783 -0.1906982692097579 81.908706068398 -0.05366509988115059 0.9985093626616723 -0.009955387070552976 -39.93539692241765 0.18990840345699597 0.019993446619752626 0.981598217392777 404.89182193511493
0.9793086992025332 0.047254268926384804 -0.19677780803350106 81.6899046413565 -0.05107743464985806 0.9985909269364912 -0.014396399192372511 -39.96596579521902 0.1958202424056977 0.024149424596656206 0.980342408526645 405.9671485338843
0.9783945596811586 0.04090159946284172 -0.20266017060016342 81.47161786307078 -0.04576526382930892 0.9987644185257055 -0.019369484082973683 -39.996163313350365 0.20161752456802978 0.0282257940258215 0.9790575459791274 407.03599845909145
0.9772195478159021 0.03773651032487666 -0.2088490152118952 81.24047686546437 -0.04285016722917784 0.998881041540228 -0.02001319614500529 -40.02634567506107 0.20786009365654998 0.02850650171465187 0.9777430955138892 408.11434330244487
0.9761817337633254 0.03671764291672196 -0.21382478192544122 81.00015094460787 -0.041175301421054133 0.99901684983257 -0.016429494925039076 -40.059745419987664 0.21301130772733182 0.024842472687851648 0.9767338605429037 409.1785732061218
0.9751138077389717 0.03606588759700433 -0.21875171704157784 80.75038204408284 -0.04063337795885504 0.9990392676368914 -0.016415551017082905 -40.09110565892364 0.21794951376970642 0.02489565165610005 0.9756424631883168 410.2770476879875
0.9744332152595169 0.03544933332695792 -0.22186314197195714 80.49237341668265 -0.04001433131729548 0.9990691734802337 -0.016113345113604915 -40.12227101250062 0.22108541853370753 0.02457908395759837 0.9749446683497377 411.3534038877461
0.9736650084139616 0.03748887051908997 -0.22488004797544325 80.23284639217135 -0.04201142946729599 0.9989990846455021 -0.015358016524302708 -40.15509797261942 0.2240792073895959 0.024401095562479436 0.9742654131965275 412.4257341413908
0.973114904791431 0.03646612159854209 -0.22741504798126153 79.97422400718133 -0.04054342235457394 0.9990894973538755 -0.013281836505411433 -40.18629086497992 0.22672364891324892 0.022144937406508792 0.9737073424652415 413.5083422725058
0.9727086818617089 0.03530100139970775 -0.22932871501630475 79.71669950667315 -0.03846137064434102 0.9992165819670309 -0.009324445843035234 -40.215835058827736 0.228819892489728 0.01789026613270223 0.9733043692384669 414.59080493236013
0.9726552086866498 0.03213169875377425 -0.23002043159232993 79.45809188078941 -0.03477414946654715 0.9993674852616291 -0.007442306814621267 -40.239387042221615 0.22963580631862196 0.015237563356436865 0.9731573424268835 415.6722150291146
0.972552030676177 0.027834522133957887 -0.23101469002038388 79.19987223629914 -0.030361630771100736 0.9995116559905378 -0.007390596455603277 -40.26292485237121 0.23069616165978918 0.014201722311904292 0.9729221922018306 416.7588629607848
0.9725037580915051 0.022671409242183294 -0.23178103395417854 78.94182412428675 -0.024756448100692118 0.9996749582626185 -0.0060906567845637055 -40.28489427412605 0.23156761167169465 0.011661261750045096 0.9727489173466418 417.8438654569337
0.9723294843294696 0.019030186986151647 -0.23283733782805327 78.68063392976771 -0.021275289531008566 0.9997481982240192 -0.007134577997113819 -40.30790199669536 0.23264293661952234 0.011890842320763158 0.9724895227764394 418.9330780972931
0.9721273204657893 0.016657887030606902 -0.23386104336480507 78.41815402896708 -0.01879031339324249 0.9997996846063972 -0.006893096802621408 -40.332522439241714 0.23369937297002713 0.011095290019738987 0.9722455953167353 420.02086017326604
0.9719340246718082 0.014732846936909775 -0.2347918118384664 78.14422725114993 -0.01692272404231552 0.9998300439502075 -0.007314685605806563 -40.35575053302995 0.23464414140618192 0.011082708859198173 0.9720181585073896 421.10153465619186
0.9716708813632604 0.013736700772063577 -0.23593855420985893 77.86981913345497 -0.015606616069617423 0.9998598469124818 -0.006059708491532149 -40.38053948796511 0.23582224629070883 0.009570244722345373 0.9717490821042012 422.1886327628568
0.9713444296057512 0.015018980699234527 -0.23720124218188451 77.59176328628152 -0.016512816233670336 0.9998543556803355 -0.004312113993426899 -40.40458729901433 0.23710193161150434 0.008105408429888036 0.9714509644754474 423.28883605275814
0.971052279368599 0.017562088632651397 -0.23822057798582935 77.3104284241927 -0.01854226559750273 0.9998263208154946 -0.001874190775073424 -40.425442862997855 0.23814628932560727 0.006237086451910534 0.9712092687124821 424.382773604154
0.9708497178936231 0.019107589787051554 -0.23892619211463118 77.02888760416721 -0.019523374459107512 0.9998092044872227 0.0006264761405150153 -40.44277096325633 0.2388925765183963 0.00405643133245653 0.9710375287542939 425.47729335929563
0.9707177557201048 0.022572655833988313 -0.23916001743251072 76.74666453705862 -0.022512974350860807 0.9997421046314328 0.0029816460200820507 -40.4611354201019 0.23916564284109973 0.0024898666052437187 0.9709755897285425 426.5662224212856
0.9708024500211838 0.02416988498739165 -0.23865963146824437 76.46425396892599 -0.023753907840702047 0.9997071638018235 0.004619362034744062 -40.475720282928215 0.23870139273820296 0.0011846109103282375 0.9710922931430528 427.659275070577
0.9711233573879453 0.025670600225760218 -0.23719284352528314 76.18621087426108 -0.02505210622220502 0.9996703392978865 0.005621805926773602 -40.48744655182289 0.23725896549844439 0.0004827132649504815 0.9714463187837562 428.7512532935226
0.9716209186203526 0.026661520775489212 -0.23503606916657604 75.90655252157889 -0.025636528694383515 0.9996438219398036 0.007416040323700216 -40.49692713557781 0.23515007738854737 -0.0011800709804350704 0.9719583574087115 429.8444543827055
0.9720244619419306 0.02675856454577545 -0.23335043306140502 75.63629380945545 -0.025207877609966945 0.9996358886706698 0.00962564221232989 -40.505802190612386 0.2335230358934575 -0.0034740905354407447 0.9723450634430422 430.93264405519193
0.9723605851707201 0.028317908720476133 -0.23176062748480097 75.37026888042372 -0.02633102113755979 0.999585245281661 0.01166253579002582 -40.51316399607236 0.23199476229497873 -0.005237696144207498 0.9727029334831864 432.0143845881296
0.9726843124559936 0.03067025119030598 -0.23009685785323053 75.10238115573662 -0.028190506127923752 0.9995037190741969 0.01405741516421573 -40.517544328894864 0.2304138096257647 -0.007186880322586072 0.9730661976890214 433.09775184525
0.9730096657216818 0.03323323407070698 -0.2283588022507079 74.83458028586456 -0.030470398260126496 0.9994136959004238 0.015614713462728566 -40.521397761713644 0.22874384197622893 -0.008235083475924741 0.9734518160433506 434.17866187808187
0.9733940718961315 0.03312801206016977 -0.22673005009130465 74.5728086565636 -0.030415098999798298 0.9994179488527521 0.015449442183758252 -40.525104179072265 0.2271098909125209 -0.008142378516015965 0.9738350985263384 435.25481033516047
0.9737399563891167 0.03288547964364551 -0.22527548148860801 74.31679061307318 -0.030293036576269833 0.9994291655746327 0.014955765904197806 -40.52778291883556 0.22563871402378177 -0.007738748438848139 0.9741803131383293 436.3228527841971
0.9740848561014902 0.032193420033314726 -0.2238800500721168 74.06079476527214 -0.029282409595077278 0.999438082852501 0.01631131608492605 -40.52828420166366 0.2242793650830176 -0.009332858655032925 0.9744802020294117 437.39369409481725
0.9743705073325412 0.031226146810378153 -0.2227712777624144 73.81143098067952 -0.027571581281963953 0.9994296721485669 0.01949713657486671 -40.530350353815116 0.22325304554727696 -0.012855278463871302 0.9746757509395015 438.4604865112469
0.9747306384819748 0.0294725026138982 -0.22143069794902281 73.56531904699506 -0.025098182075149095 0.999430780410799 0.022543212370534055 -40.52784711246443 0.221969060143617 -0.016416051813213452 0.9749155089451724 439.52878991050557
0.9750238054996397 0.028093409716652255 -0.22031645203998906 73.3204723020596 -0.023388893720541495 0.9994399164313638 0.023933514037783633 -40.52265243036098 0.2208654304311249 -0.01818278785444871 0.9751347844612629 440.58894767199575
0.9753217834054918 0.026691347268372027 -0.2191688636547756 73.08043905626717 -0.021949271260097446 0.9994699282170907 0.024043545513783637 -40.51682465513356 0.21969444304733213 -0.01863959684976855 0.9753906484703448 441.64164566015415
0.9756436067898389 0.023183877076999572 -0.2181331253473165 72.84621095409389 -0.018401475990692185 0.9995442552338548 0.023930472422450853 -40.510108265625355 0.21858851344815408 -0.019333640957571414 0.9756255798798271 442.69169462347395
0.9758327495122298 0.02130796946123096 -0.2174773905877022 72.61013435142016 -0.016435704062325456 0.9995723110313274 0.024188068369882285 -40.50356360880235 0.21789977652896464 -0.02002911523082579 0.97576560809023 443.7317807695875
0.9759379784566473 0.016319267421332634 -0.21743675797063103 72.3779216934564 -0.011248266862521861 0.9996355873094269 0.024539133585469435 -40.49621850840888 0.21775798193989943 -0.02150288574510542 0.9757658977470438 444.7712526272095
0.9759427547424557 0.015129887251454803 -0.21750132408208525 72.14214788661138 -0.01038347918719418 0.9996827164616171 0.022948851123531816 -40.490437502256526 0.21777952802242795 -0.020138344511880634 0.9757902050413542 445.79903096846255
0.9760653089211511 0.014244380794457594 -0.2170106226350116 71.90894775983423 -0.009281398771732619 0.9996719401422377 0.02387190250258572 -40.4847616537424 0.21727947063055303 -0.02128637376434439 0.9758773088531518 446.81674299569806
0.9760098258004755 0.013397045127636398 -0.2173139183825293 71.67536992202707 -0.008085040802114696 0.9996468369254428 0.02531469020517863 -40.477291600657196 0.21757631317804113 -0.022950394480359213 0.9757734508260848 447.84269810575864
0.9759484521048247 0.014178458617351588 -0.21753985875105195 71.44536753315349 -0.008121147126315979 0.9995546926990952 0.028713468487253216 -40.46974830354897 0.21785009938842045 -0.02625619192594014 0.9756290004822543 448.84885024457856
0.9759166273447761 0.014301803719208583 -0.21767451592313203 71.21218003018275 -0.008232455444266143 0.999552326476542 0.028764097633837197 -40.46356705893621 0.21798844728414202 -0.02627936539774086 0.9755974742715051 449.8576888057418
0.9758542962587156 0.01464622217616857 -0.2179309079716978 70.98052802747846 -0.008498367513567109 0.9995397737083133 0.02912075762641818 -40.45299987133251 0.21825711952421395 -0.02656555949154011 0.9755296514334629 450.8682897814492
0.9758381108306491 0.013546121075212934 -0.218074491984462 70.75336241473897 -0.007663372885568059 0.9995841546520391 0.027799109420688622 -40.44252480384549 0.218360376823458 -0.02545624427095155 0.9755361220688521 451.86377618860445
0.975805797687383 0.01359352800549595 -0.2182160883070946 70.52500619750317 -0.007451023372177042 0.9995531767378179 0.028947005441705777 -40.43352233458532 0.2185120762118046 -0.02662072256154353 0.9754710706524858 452.85102084139186
0.9757212370672921 0.013077797085628387 -0.21862533878591525 70.2953467254203 -0.006571658400170704 0.9995143812989808 0.030460053880205024 -40.42321935582154 0.21891752063674774 -0.028283790409007407 0.9753333514026666 453.8416553735319
0.9756075134551518 0.012643742326878883 -0.21915774106753086 70.0683991754782 -0.00582954144482507 0.9994800629714127 0.03171151477306026 -40.41284484532281 0.21944474506443484 -0.02966040294113423 0.9751739662034533 454.8219568017424
0.9755156322701649 0.012241000127497174 -0.21958918259425864 69.83993658382064 -0.005442873128263363 0.9994877740841535 0.03153671809830202 -40.400211587308355 0.21986274429435745 -0.02956936543419144 0.9750825740926624 455.79750228579684
0.9754550379034257 0.013453298210740634 -0.21978734676062361 69.61317542407586 -0.006654571175621736 0.9994770391598286 0.03164434980796632 -40.387357357896676 0.22009812745975518 -0.029405049898839405 0.9750344390477476 456.764093298262
0.9754647971969983 0.015362069523785065 -0.2196188431108786 69.38459536312004 -0.00847633168875128 0.999443529968679 0.032261156285012055 -40.37360967285098 0.21999222993214304 -0.029608060113592294 0.975052194267462 457.73198398433516
0.9754828828188562 0.01706419289028491 -0.21941275862723297 69.16277639626412 -0.009837467491510574 0.9993738509395331 0.033987207764670936 -40.36082539058013 0.2198553378036636 -0.03099547352902653 0.9750399535711077 458.6885853555671
0.9755246350619683 0.017898652216255445 -0.2191604997166471 68.94086596574066 -0.010296371141341748 0.9993065963638148 0.03578143659895151 -40.34751204484003 0.21964897251871907 -0.03264911503558059 0.9750324938989796 459.64279355123733
0.975581924009127 0.019244230296745175 -0.21879115417889147 68.71828188238597 -0.011225654069057176 0.9992209919312708 0.037833767650165356 -40.33186718739653 0.21934879584207384 -0.034453866026480574 0.9750379668907571 460.58914429156886
0.9755583508757729 0.020108085881519633 -0.21881857535117846 68.49874427122472 -0.011526121041625065 0.9991160624210417 0.04042576339421332 -40.31239836872354 0.2194380381116092 -0.03691556168409929 0.9749277864207558 461.5334038605677
0.9754681514645784 0.020319974061639903 -0.21920078497215295 68.28033340190885 -0.010887535113126673 0.9989654246169795 0.04415361818669643 -40.291288831067895 0.21987120561236412 -0.04068389206984033 0.9746801905592494 462.47275439650394
0.9751864679657466 0.020081388500720967 -0.22047242578692391 68.06155186340924 -0.00966721005627452 0.9987902665853061 0.04821357095444609 -40.267938176438626 0.22117390837577508 -0.04488586871538363 0.9742008833107518 463.41068863763115
0.9747495020920276 0.02043919463481648 -0.22236377289032477 67.84292512433875 -0.009167625109853967 0.9986255223562275 0.051604464425044815 -40.242444326808446 0.2231128925481119 -0.04826287829616702 0.9735971095670857 464.34302158979597
0.974359813821823 0.019174650170638394 -0.2241769078204343 67.6241974368392 -0.0072766932015105555 0.9985262849944492 0.053780181398301374 -40.212388164621636 0.22487775111190808 -0.05076998095348022 0.9730634131899287 465.2735803160137
0.9739726080437136 0.01808047338761196 -0.2259434780262574 67.40581818532773 -0.005704422861553125 0.9984530286724213 0.05530830945422919 -40.17872270839656 0.22659395036129915 -0.052579901264152594 0.9725690390109656 466.19891040857794
0.9736132649990364 0.016453228007939528 -0.22761041607542928 67.19022106099699 -0.003683099198853527 0.9984005239752004 0.056416562340642566 -40.14502637046133 0.2281745932355375 -0.054089601719396564 0.9721165927951412 467.1142513056554
0.9731914487152554 0.0168092074098889 -0.2293814610942842 66.97059804516854 -0.003744119943146493 0.9983514371486572 0.05727468471376512 -40.11118469361478 0.2299660533934278 -0.054880401688227394 0.971650017134354 468.02546708461733
0.9729181943816021 0.015531365612950827 -0.23062732648893797 66.75344802052317 -0.0022926106443249277 0.9983393807978055 0.05756061748006973 -40.078342314746486 0.2311383373170106 -0.055473033362618746 0.9713381551199757 468.93166290084366
0.9729121111717305 0.01451196847360098 -0.2307193678614405 66.53709875382928 -0.001020119791747518 0.9982875102916244 0.05848936784886079 -40.04263080637 0.23117305918071915 -0.05666965296144013 0.971260813140455 469.83408023349284
0.9730510437625086 0.016140649694967195 -0.23002422841977319 66.31958152655889 -0.0027022897977566716 0.9982768773775973 0.058617179419359206 -40.009315491941976 0.23057398782719807 -0.05641591549072612 0.9714179742092518 470.7234480468083
0.9733334701828324 0.014546146385317649 -0.22893310255875446 66.10792190784728 -0.0011025145111484978 0.9982726103245058 0.05874163717201582 -39.9765015786227 0.22939211033423382 -0.05692279948520571 0.9716681813330998 471.60654998128996
0.9735124382892977 0.009784850656578997 -0.2284245809750997 65.90541393945931 0.003618654830342741 0.9982992261053503 0.05818556947109953 -39.941762508568445 0.2286054195185245 -0.05747096532237595 0.9718213057510489 472.481999462516
0.97367134556823 0.00826800187777683 -0.22780638920868024 65.70087487499573 0.005437151178970042 0.9982153904934989 0.05946824000226656 -39.907436967979066 0.22789152728086437 -0.05914113903924417 0.9718887680525667 473.34958304798175
0.973859024311905 0.0082598486008709 -0.22700303008407294 65.49624313795952 0.005540322514721214 0.9981776733047623 0.06008857913383214 -39.874834324339176 0.2270856789687386 -0.05977547504604715 0.9720385727893345 474.2047861712963
0.9738684692580808 0.00794178217680583 -0.22697385902516184 65.29892197724709 0.0056144889381319184 0.9982411183066964 0.05901819410790692 -39.84309524513138 0.22704334850173827 -0.058750300574985447 0.9721109607876391 475.0364446437639
0.9740723519325687 0.006867234795647176 -0.2261324706600334 65.10040143486876 0.0061262373195321565 0.9983720275368021 0.056707705370247115 -39.81068147275596 0.2261537583522646 -0.05662274912361123 0.9724445186563756 475.8700963027558
0.9742574972911295 0.006117569338498197 -0.22535506277296857 64.90777527608451 0.006424377174534093 0.9984723540156492 0.05487882692229203 -39.78177835106162 0.2253465250451836 -0.05491387449302962 0.9727298751648497 476.6877393063468
0.9744736267437377 0.007446890162090494 -0.22437846288763108 64.71481026531006 0.004841421898215528 0.9985202017468009 0.05416610875382453 -39.753152555413905 0.22444979709259277 -0.05386975524764717 0.9729955488359915 477.49183465230846
0.9746766101639562 0.007456586764638393 -0.22349475365904334 64.5264985205782 0.004591382149586634 0.9985659021928872 0.053339086865650955 -39.72680593312348 0.2235719678520807 -0.05301451019792981 0.97324459253531 478.2870748385934
0.9748408191827366 0.006215055518550374 -0.22281550740473222 64.34329579854891 0.0056627863541834555 0.9985980541886613 0.05262945013323063 -39.70113407078546 0.22283022709191427 -0.05256709289584748 0.9734389506479825 479.0736245167214
0.9750778697191345 0.003735245779623694 -0.22183145837089063 64.16561480686309 0.007849221741089657 0.9986515484556663 0.05131738969549248 -39.67504546605285 0.22172401246155066 -0.05177965532972984 0.9737337056874864 479.8579139692025
0.9755324965260722 0.0028948883013533632 -0.21983622959677798 63.987170643675206 0.008472074807716312 0.9986756499696692 0.05074613390309993 -39.64845602837686 0.2196919938688193 -0.05136697167812761 0.9742160243244621 480.6438932360643
0.9762909996608832 0.003835502316716094 -0.21642821651329933 63.809998718306886 0.007189696913724008 0.9987167597085136 0.05013124909291483 -39.623521021532405 0.2163427656276913 -0.050498740571478976 0.9750106076147357 481.4249732601797
0.9774110445664378 0.0016722637934645996 -0.21134061013762992 63.64096012240207 0.00882467157034641 0.9987737150881825 0.04871541050453742 -39.59970480449101 0.21116291135333504 -0.04947999174166386 0.9761977029710875 482.2083687659016
0.978922452034807 0.0020189952700523494 -0.2042223214055117 63.47642003468939 0.00787545056547389 0.9988342367443065 0.04762504368302193 -39.575448558835944 0.20408040126515742 -0.04822956733704398 0.9777653597126117 482.98849095796186
0.9809458949547586 0.004437343292115934 -0.19423043313526214 63.319336815794976 0.00510454573993446 0.9988053466808405 0.04859859107582612 -39.5464297157222 0.19421404373575252 -0.04866404654644273 0.9797513540636381 483.7710383940287
0.9832089470440867 0.007813204439709457 -0.18231599021708847 63.170714353767906 0.0017864375363217003 0.998622986660875 0.05243032665779593 -39.519526906139404 0.18247458752764245 -0.05187566239478441 0.9818410974071714 484.559446603136
0.9857064291772033 0.009815853893838931 -0.16818586293460414 63.03276381599565 2.3489504700791774e-05 0.9982931938583477 0.05840118615527288 -39.48908469647247 0.1684720597813359 -0.057570375267445066 0.9840237888204731 485.3587425813964
0.988393357900845 0.009992678714988074 -0.15158732278652692 62.911524405868356 -0.0005272976201115548 0.9980539653405529 0.06235386295345798 -39.45960601329352 0.15191541072158438 -0.06155021234811293 0.9864751792849095 486.15479797804966
0.9911168955400389 0.010384447992400802 -0.1325875658384486 62.80582167602252 -0.0020312736917825445 0.9980126195238499 0.0629816258787653 -39.42679028646694 0.13297809331713636 -0.062152831882680795 0.9891682628282723 486.9508004699854
0.993711804194924 0.012561711674933237 -0.1112611954072991 62.71517822529848 -0.005394506968983682 0.9979040263837509 0.06448607153223149 -39.38962489584177 0.11183805031485054 -0.06348037119373444 0.9916967747123504 487.75014034534604
0.9960416735704601 0.01452073360566202 -0.08769340229747484 62.6422620703614 -0.008718184186142595 0.9977687731566555 0.06619266256889275 -39.34990618354302 0.08845890444409729 -0.06516612317006568 0.9939458730813935 488.55080562269393
0.997944807854467 0.014414086892610128 -0.062437124976727015 62.59660596714602 -0.01011612291510038 0.9975920091654666 0.06861375449845392 -39.31384826711027 0.06327578157141776 -0.06784111841840298 0.9956875805784996 489.3483544646694
0.9992721040391865 0.01332709008290257 -0.035744240920958195 62.57282974654515 -0.01086802202804683 0.9976173142462617 0.0681291451089313 -39.275266438150204 0.03656703688147582 -0.06769108498168791 0.9970359917413767 490.1423831499722
0.9998980872565352 0.011601398013299371 -0.008320015916790399 62.569411991140406 -0.011034771186335751 0.9978119698009748 0.06518824086262684 -39.23567565949962 0.009058086198742526 -0.06508978787825029 0.9978382988181904 490.9395341097966
0.9997688244270961 0.010603308436139354 0.01870474682711505 62.58971779142428 -0.01175191871779561 0.9979816333338039 0.06240634530913825 -39.199198118443995 -0.01800528006193433 -0.06261173515085765 0.9978755335768532 491.73446933741945
0.9989226418901848 0.008990332527503319 0.04552723844221856 62.634141292903124 -0.011750501466415745 0.9980852574730582 0.06072680240410221 -39.16344441732066 -0.044894111355693975 -0.06119634577312602 0.9971156031421822 492.5290343727354
0.9973519935564037 0.007038944268386264 0.0723840743026379 62.7016990992197 -0.011448372500806304 0.9980913784221602 0.06068389478630243 -39.12784508086251 -0.07181876994314239 -0.061351883287628285 0.9955290104767989 493.3264733473446
0.9950993468394488 0.004843145470649273 0.09876149989570061 62.78986543528764 -0.010894998628559497 0.9980886442378218 0.06083056179578135 -39.093064351052824 -0.09827812027395523 -0.06160845871677675 0.9932501240321896 494.1220640548327
0.9922129058438012 0.0011545478055526345 0.12454804894642277 62.90157994622614 -0.008906919571154432 0.9980546771603207 0.06170517143774186 -39.05995630036499 -0.12423452121189503 -0.06233400691254165 0.9902930148806854 494.91891251325455
0.9887248529800107 -0.0020305347883821465 0.1497298969081493 63.03087187367486 -0.007353825327631992 0.9980431542855912 0.06209495500214455 -39.0242284902425 -0.14956298456738057 -0.06249591276348251 0.9867751387905735 495.714806964775
0.9845806404989829 -0.003572939555283838 0.17489481541069807 63.17969924404189 -0.007336799406278857 0.9980682341167111 0.0616925556418444 -38.98893790564174 -0.17477738334544282 -0.06202446412573265 0.9826524472675142 496.512170575528
0.9797464123304089 -0.006172040627941497 0.20014712948272348 63.35250949300715 -0.006251627936665692 0.9980948114713573 0.061381303848138204 -38.95224781364881 -0.2001446593687389 -0.06138935761549368 0.9778412254030443 497.31237237531235
0.9743824255765208 -0.008065214709356177 0.224752844340851 63.54471330939749 -0.005660849983332011 0.9981605858210909 0.06036058060325968 -38.91699289694524 -0.22482625181476704 -0.06008658107255189 0.9725444767566844 498.10320418012736
0.968449455653021 -0.009242296206377388 0.249038615090504 63.75492391970359 -0.005612556226689456 0.998249715513436 0.058872783949342186 -38.8817643558587 -0.24914684637370976 -0.05841305879833055 0.9667025206876501 498.897108218795
0.9622948174784826 -0.011256295999580732 0.27177560606945317 63.98448536201915 -0.004329756037649007 0.9983829340696345 0.05668130354148468 -38.84784283700595 -0.271974148526479 -0.05572084671716027 0.9606899862986072 499.6874438861151
0.956206405712473 -0.012618980151572758 0.29242105090838255 64.23230339643678 -0.0035915482420983092 0.9984891077659516 0.05483249450807716 -38.8125237907336 -0.2926711643733516 -0.05348142680115979 0.9547163592039561 500.48079097951745
0.9499887518410991 -0.014463262357872363 0.3119490109254286 64.49764924386173 -0.0022997888380881445 0.9985758014774156 0.053301779285842635 -38.778825217377474 -0.31227565122289974 -0.0513535076280462 0.9486025168149244 501.27565591475286
0.9437545667083315 -0.014701622524767022 0.33031981489505585 64.77926939644075 -0.0028866396266284456 0.9986066067457775 0.05269262069160647 -38.7455297686477 -0.3306342165124941 -0.050682415676670034 0.9423971071752847 502.0725933475792
0.9374003260084326 -0.014416362150469724 0.3479551656487169 65.07565704367607 -0.0035685337239797325 0.9986927257070423 0.05099122656789532 -38.71115613234775 -0.34823540079426224 -0.04904088215136517 0.9361234413855228 502.87153280491907
0.9308123282254892 -0.014387564508170109 0.36521419415318823 65.38646923863665 -0.0041654122329407624 0.9987424528044619 0.04996160833136011 -38.67817824441058 -0.3654737459303598 -0.04802614864477244 0.9295818576553547 503.6654998090442
0.9238849099864828 -0.015538817751776105 0.38235483290020156 65.71670835346542 -0.003527141086067688 0.9987869943201213 0.049113127091811655 -38.64981292576625 -0.3826541942472643 -0.04672349644295178 0.922709424740596 504.44874775201134
0.9164143280191327 -0.01590803300020326 0.39991463324977405 66.05910736793848 -0.003723294877788102 0.9988276763826845 0.0482639613709819 -38.620084926621495 -0.40021358857051575 -0.04571878583286097 0.9152807635613667 505.23772103608326
0.9086262574260088 -0.016417284495341522 0.4172874274235909 66.42020842914218 -0.004052814660847426 0.9988332527219459 0.048121803272751826 -38.59045007307274 -0.41759058778823616 -0.04541592261196061 0.9074995840020972 506.02619346798537
0.9005594603898931 -0.020007529654793976 0.4342722153895782 66.80272865442132 -0.0016084506974715152 0.9987802175663512 0.049350682715294684 -38.55996214230296 -0.434729883017735 -0.0451417296436943 0.8994287926546279 506.81194753436426
0.8925541416218947 -0.021601877288783693 0.45042253848047814 67.20124580087422 -0.0014132306842710024 0.9987130364590675 0.05069786569217256 -38.52990085838788 -0.45093803016892536 -0.045887140947206854 0.8913749285474996 507.5921053882146
0.8841254760802102 -0.020529611414202495 0.46679832647634717 67.60786451623225 -0.0030885612703991576 0.9987556963607326 0.04977469011723006 -38.505411041909106 -0.46723934266627803 -0.04544880682888277 0.8829619485700473 508.36632695962635
0.8755952018980688 -0.021317162596942434 0.4825749900190546 68.03072981107566 -0.0019045835595742668 0.9988656435339577 0.04757939395322508 -38.47535254022793 -0.4830418356359415 -0.04257939344691368 0.874561364501744 509.12675546559353
0.8670370788422396 -0.020507226003967736 0.49782141134580926 68.46899628405271 -0.0015965027904894758 0.999033130038377 0.04393468179653066 -38.44788554689232 -0.4982410612259407 -0.03888777143710605 0.8661660268915556 509.88144657944883
0.8576999754632458 -0.017773084353076597 0.5138432344236141 68.91515782479169 -0.004159440720093631 0.9991297912947146 0.04150131564510889 -38.42648680209765 -0.5141336899515915 -0.037732977883508274 0.8568796713872977 510.6359809978774
0.8475209559511923 -0.013303068241768242 0.5305951918354774 69.37563629518569 -0.008685161548076192 0.9992043953394967 0.038924854567653856 -38.402719298852304 -0.5306908678246276 -0.037597934911162485 0.8467311250320017 511.38444273907027
0.836294543073947 -0.012008739872896475 0.5481489098697528 69.86023498983735 -0.011131141065616561 0.9991821849817295 0.03887234124300744 -38.38289918433974 -0.5481674332932512 -0.03861024969875935 0.8354769378593812 512.1141578579497
0.8240819788993584 -0.014337730884998397 0.5662890794694722 70.36410197959728 -0.010583940104988115 0.9991154173419904 0.04069844028206418 -38.36248806369161 -0.5663716732545575 -0.0395324209049743 0.8232012605871206 512.8418606095632
0.8111857718540261 -0.01630222815245965 0.5845612721510453 70.88967733229971 -0.010826647408163286 0.9990213670470102 0.04288463465415395 -38.340162140441336 -0.5846883163254444 -0.04111624424465428 0.8102154202505225 513.5575624875393
0.7965517873289522 -0.01718548704769368 0.6043259957489672 71.43056106840699 -0.011329044548734896 0.998996078938215 0.04334151607503233 -38.31716517028212 -0.6044641452167866 -0.04137019822291188 0.7955574170644983 514.2645977713165
0.7802837687364886 -0.018442223520422917 0.6251536808161651 71.99360870502319 -0.011185779062833546 0.9989937585032176 0.04343211735997079 -38.29292699969245 -0.6253256100569807 -0.04088220717177002 0.7792923241913967 514.9595514773038
0.7629698892111417 -0.020095118072198985 0.6461216095959006 72.57708915228787 -0.010187641710558297 0.999018791372096 0.043100654772423426 -38.269769353156974 -0.6463537422445322 -0.03946695725665559 0.7620165347099691 515.6310437381811
0.7452429220859884 -0.02184255498870028 0.6664352105586093 73.17507952595759 -0.008524439216763397 0.9990695536019851 0.042277192451336 -38.2493773800866 -0.6667385702183225 -0.03718776488434286 0.744363317961151 516.2766391384491
0.7271602608941301 -0.02378677110643806 0.6860554966594943 73.79072348206105 -0.007064574134818469 0.9990872456820793 0.04212798722568477 -38.22946263067524 -0.6864313853318992 -0.03548048809872397 0.7263284988182728 516.9082201420402
0.7086658824835922 -0.027023638777459988 0.7050265171970282 74.41892137671604 -0.004254985192616526 0.9990843486906491 0.04257181347311302 -38.2088120370538 -0.7055314040528302 -0.03316906915492563 0.7079020064575586 517.5190623358438
0.6902094160904033 -0.029840412793389823 0.7229941297856153 75.05851259625537 -0.0022759941208890743 0.999054872492667 0.04340716069290728 -38.18784805926798 -0.7236060957391819 -0.03160556142482297 0.6894891635813569 518.1100308292043
0.672115862039597 -0.03181744898513179 0.7397620684617742 75.70985662561066 -0.0008120565610993887 0.9990440595651477 0.043707065924497614 -38.16843025404667 -0.7404455473287062 -0.029976940932411798 0.6714475217419654 518.6832827146253
0.6549638734392113 -0.03184392992980163 0.7549889327772462 76.36229831759394 -0.00010240392682466403 0.9991079433368286 0.042229220626074496 -38.15135889350981 -0.7556601842117505 -0.027735927744998088 0.6543763476083064 519.2400802362681
0.6392846197885727 -0.032743334258564516 0.768272769895827 77.04005005486555 0.0014561126155015025 0.9991427827853128 0.04137123812589577 -38.12950264517402 -0.768968825530546 -0.025329304563103925 0.638784291989496 519.7871895715124
0.6242387619155336 -0.03549057028652073 0.7804270545944022 77.73094203052788 0.0032505755067329988 0.9990769226364962 0.04283382324823291 -38.10497501732066 -0.7812268568610743 -0.024201695724129117 0.6237779060234846 520.3288626284813
0.6090504781121211 -0.03813070663981469 0.7922143424115343 78.42801071862584 0.0027759880821634263 0.998940039162653 0.04594662172436727 -38.08375636385868 -0.7931266033878583 -0.025784634355809043 0.6085107588445549 520.8639860792348
0.5937912219012179 -0.03808701618642468 0.8037172164331609 79.13435993928344 0.002175144636303522 0.9989513823551228 0.04573187549835847 -38.06225986137833 -0.8046162150608613 -0.025406985039575 0.5932514067175334 521.3867692115087
0.5787008103249455 -0.03574131531050546 0.8147563626686947 79.8461176386217 0.0010518976042219776 0.9990710892114791 0.04307960321562803 -38.03884450849149 -0.8155392483753793 -0.024073161023444974 0.5782008451028592 521.887760537466
0.5627482624079506 -0.0364576073575795 0.8258239739936034 80.58480138879094 0.002956371499096175 0.9991093212280877 0.042093041024687076 -38.007405029066895 -0.8266230416727982 -0.02124634323612391 0.5623548167080139 522.3895890715596
0.5462345794355983 -0.04027007263722144 0.8366636752474693 81.33416131518841 0.003120157585182443 0.998934567978224 0.046043387308054795 -37.980524256788435 -0.8376264375277656 -0.022539967789435393 0.5457782525958644 522.8784843351591
0.5290836427364238 -0.0447077865037324 0.8473911215104202 82.09156762026284 0.0012677854036735956 0.9986516574227634 0.05189662654676658 -37.95550917387022 -0.8485687312816351 -0.026383346124041314 0.5284269366131661 523.3522859303956
0.5104910877028909 -0.046807026079644175 0.8586081479263364 82.85898791636838 2.9388472792650733e-05 0.9985183102023503 0.054416755939300246 -37.92698244463576 -0.8598830435077985 -0.027754035746521025 0.509736073853466 523.8080666341622
0.4907808939733684 -0.04733318273724056 0.8699963700629212 83.64618336647418 -0.0001790445280412909 0.9985177611363414 0.0544265435088604 -37.89542573291254 -0.8712830091616363 -0.026867275768634256 0.49004496471141923 524.2490515670275
0.47000917977458556 -0.04744133209549671 0.8813856652661315 84.44580018096312 0.0009324131309441898 0.9985806579329684 0.05325223195237651 -37.863348097396745 -0.882661034335023 -0.02420722229338209 0.4693863108948389 524.6708970521577
0.4485258547543795 -0.048017194992868446 0.8924790790835745 85.25628069594703 0.002552078252579018 0.9986205401225959 0.05244524517860372 -37.830704303518175 -0.8937662135667495 -0.02124537197292503 0.4480296749728616 525.0755286042003
0.42649081507478837 -0.04974942044002677 0.9031226825978401 86.08750436871726 0.004471155739041895 0.9985899707287018 0.05289687255787726 -37.79893620094038 -0.9044808419326514 -0.018522028126759772 0.4261118879483105 525.4640285568858
0.40384697252590424 -0.05203506684627319 0.9133454847974891 86.92719838321408 0.008272814494727521 0.9985479409500277 0.05323128933993604 -37.7696543285873 -0.9147891469196581 -0.01394135727825673 0.40369103932988704 525.8229799920258
0.38039426940749044 -0.05412463708979767 0.9232392558063345 87.77783131211173 0.01165323742772445 0.9984872506888374 0.05373464682396338 -37.737475503595824 -0.9247509945165744 -0.009681625469963944 0.38044955548517373 526.1649931845275
0.3565775893746651 -0.05541684987379745 0.9326207136375498 88.64594106204751 0.01240715099504283 0.9984321142787178 0.05458365855374531 -37.705371625052805 -0.934183325348905 -0.007892143371138345 0.3567060816878118 526.4922293149011
0.3326017679808213 -0.05626164615819449 0.9413876412549707 89.52961928361731 0.013062876442664212 0.9983979480463097 0.055053597484255694 -37.67397305737058 -0.942976895366517 -0.006013693414602848 0.3328038616008547 526.798509819735
0.30818609402382197 -0.05528333413084443 0.9497184237539634 90.42545550405084 0.012379422272650868 0.9984586003937596 0.05410335667892169 -37.64224817897038 -0.9512455420944346 -0.004916936760687533 0.3083954318376931 527.085221327669
0.2832816460026023 -0.053424535973659 0.9575475591290757 91.33438262171204 0.01111832025148992 0.998563038806638 0.05242366339769342 -37.60950235429409 -0.9589723103368735 -0.004204341238355117 0.28346857237074957 527.3510021346262
0.25802743515892523 -0.052154949289582864 0.9647288240588143 92.2547595786414 0.00873044725839563 0.9986269572962875 0.05165248737305949 -37.57662441658284 -0.9660981430455056 -0.004905244719349489 0.2581284885057618 527.5971565153019
0.2323204586705769 -0.0514367036788196 0.9712782659967972 93.18850888604118 0.006974651816458988 0.9986631072368966 0.05121867311814267 -37.54484107580052 -0.9726142908240301 -0.005124817909083246 0.23236862422940754 527.8215646316544
0.20606457504187647 -0.05234175215149816 0.9771375194385473 94.13364237999293 0.005737542577173032 0.9986158627893303 0.05228230284420771 -37.5110806879108 -0.9785215743753356 -0.005167162396270141 0.20607966642729525 528.0184829482328
0.17946619759161425 -0.05250824445265064 0.9823618316010165 95.09228422853244 0.005708655089810374 0.9986133205367653 0.052333997588546406 -37.47686561822723 -0.9837475769622372 -0.0037842186819802355 0.1795170869580227 528.1923482061826
0.1523606572456788 -0.05305978298466746 0.9868996349950083 96.05764762336665 0.00749093502597152 0.9985911506305014 0.05253189293071792 -37.444250374029025 -0.9882965729051688 -0.0006109926903808673 0.15254347141661398 528.340956654213
0.12577079672364788 -0.05360850949210653 0.9906098295502267 97.02660864681783 0.010305484279560637 0.9985556239660012 0.052730094250156234 -37.41005754301783 -0.9920057982115137 0.0035768080604532577 0.12614159805090666 528.4573213025853
0.09919624027717507 -0.054342566113691496 0.9935829061648795 98.00458533489285 0.011616327483411407 0.9985028560096281 0.05345191742501391 -37.37531198620446 -0.9950000838445549 0.006239555175763828 0.09967899026644385 528.5525960680546
0.0732458145372589 -0.055552813791425404 0.9957655022808455 98.9933902734394 0.01320004462403829 0.9984139565933895 0.05472960900146425 -37.34158091717324 -0.9972265587491627 0.009135434274567488 0.07386294311708953 528.6241001026519
0.047879413677246026 -0.05386854470252474 0.9973994894913225 99.98507424111158 0.01466123019457077 0.9984750264680117 0.05322283202612931 -37.30654059281607 -0.9987455181752284 0.012074825519726417 0.048596177972792795 528.6710685275866
0.02249189817835307 -0.05299116110912467 0.9983416506189836 100.97881049392325 0.01479313848426016 0.9985025842451948 0.052666424878185576 -37.27072933257159 -0.9996375731084347 0.013584038426433869 0.02324212404039568 528.6960896693624
-0.0028730851575954498 -0.052932737739583034 0.9985939468357823 101.98680389101726 0.015191747348804721 0.9984805175641046 0.05297043380419036 -37.236766891109646 -0.9998804709534878 0.015322575511529558 -0.002064578776940159 528.6958331221705
-0.02810309113644257 -0.055229604296525424 0.9980781067019862 103.00902715958297 0.014461147446140906 0.9983455193672766 0.05565158734321935 -37.19943623206218 -0.9995004209519468 0.015997336294777172 -0.0272579116653125 528.6721996649164
-0.05269138827262789 -0.057722169608369595 0.9969412062592262 104.03526583665052 0.014744897713584535 0.9981742365023466 0.05857287404908072 -37.158129068408186 -0.9985019807658472 0.017786082161514127 -0.05174407877259648 528.6212221123321
-0.07720689458566488 -0.059032013742263516 0.9952659527894877 105.06613616025295 0.013377146969336607 0.998094432209393 0.060237499380089 -37.11616745587379 -0.9969253469379742 0.017964569188784796 -0.07627009169040264 528.5485384576576
-0.10185419701796015 -0.05804231690493598 0.9931046329557268 106.09978866199427 0.01167730805926343 0.9981578977385235 0.05953529758636001 -37.07330569949299 -0.9947307992750184 0.01766070866399017 -0.10098879315631944 528.4476199363722
-0.1271286108599464 -0.056754469047111566 0.9902612011706792 107.13262178133041 0.009557289844451677 0.9982452306243499 0.058439008774649005 -37.02932074325383 -0.9918401960556202 0.016893483326856803 -0.12636311055618862 528.3240805394488
-0.15211814750592445 -0.05470690866158078 0.9868471124465302 108.16322375713023 0.009123978670878666 0.9983466819547817 0.056750820638009306 -36.98676503195842 -0.9883202022687692 0.017636801710275717 -0.15136750315986927 528.1696894191995
-0.17656901298428007 -0.05394090714591223 0.9828091178809997 109.19768619827333 0.009126825446269153 0.9983645945932085 0.05643436293614255 -36.94734403547346 -0.9842459472667551 0.018934487027933402 -0.17578794182183924 527.9863839144506
-0.20037457324528735 -0.053672908381194526 0.9782480510088779 110.23335728286122 0.010826606080837407 0.9983159544755859 0.056991575169199976 -36.90688770532233 -0.979659540349371 0.02201076885072566 -0.19945603790575095 527.7750205213118
-0.22312014731547483 -0.05507000537716939 0.9732341415968075 111.27451890435478 0.011414345535296718 0.9981868811591325 0.05909875631349048 -36.86653142207781 -0.9747241212660755 0.02429495399376164 -0.22208701590259425 527.5367970173651
-0.24484649808101605 -0.0533240054671719 0.9680943873499089 112.30200594373709 0.015288485852926727 0.9981499814984518 0.05884621172991136 -36.82715238424781 -0.9694413105380796 0.02920898621270012 -0.2435782842263207 527.2760493427235
-0.26502325519089454 -0.049984174349257775 0.9629456145196573 113.33469601306926 0.015982974615369985 0.9982905961297386 0.056217703629478824 -36.78911720238833 -0.9641095470590819 0.030289734128091446 -0.2637713276229677 526.9918630649067
-0.28510609229577716 -0.049038987681541316 0.9572406666157665 114.36609835556813 0.015141538389116298 0.9983352959726971 0.055654026182430164 -36.74740615951485 -0.9583763613273464 0.030361398226585908 -0.28388894932118053 526.6915340074859
-0.3048064418892145 -0.04918403988513866 0.9511435029496914 115.40567964351435 0.014276546841998349 0.9983175370038504 0.05619853664314268 -36.70604200482558 -0.9523073102696982 0.030708720766901093 -0.3035914380804493 526.3626184850291
-0.32519811645513536 -0.047579345643509685 0.9444481938794543 116.44556145226298 0.012783723040157782 0.9984209882481305 0.054700152201392155 -36.667221362607265 -0.9455594965306345 0.0298619506020346 -0.32407638363042873 526.014011979511
-0.3456608723098157 -0.044275647586983005 0.9373143700940288 117.48462420904052 0.011513012970484243 0.9986109147668398 0.05141684005142135 -36.62713132660168 -0.9382888744338606 0.028564102283902867 -0.3446709737914639 525.645066047881
-0.3654149147891286 -0.0422160500346699 0.9298869528975656 118.514132394558 0.008197070430558066 0.9987863781668429 0.0485652017880458 -36.591657948569264 -0.9308086527777943 0.025368797918454426 -0.3646253913349457 525.2587927758414
-0.38487155143759044 -0.04338152610038345 0.9219500702788732 119.54520431880051 0.0063982471800998995 0.9987453867848526 0.049666032748693904 -36.555927344423885 -0.9229479678329903 0.025013907515095163 -0.3841111207759831 524.8366745281842
-0.40408421484457674 -0.04517742336117172 0.9136054661241267 120.56683776485606 0.0045352961848919016 0.9986683785895927 0.051389694431335696 -36.52306954098009 -0.9147105435065013 0.024909235710398603 -0.40334123465666977 524.3981524219622
-0.4227503891683132 -0.04537975790200224 0.9051092674538203 121.58732307195054 0.003835080400609407 0.9986469623910367 0.051860743009263036 -36.484832557527064 -0.9062380485371172 0.025395316101746366 -0.42200435697245126 523.9341347821803
-0.43939279512319246 -0.04648706361862566 0.8970913690978983 122.60263846584479 0.002549242881259122 0.9985915031436731 0.052995388572861686 -36.44476507887428 -0.8982914187247713 0.025572695700181662 -0.4386554049365694 523.4535897547677
-0.453163242560376 -0.04704075663588227 0.8901855103332591 123.60325598756302 0.004241044717359387 0.998481613365691 0.05492250276843708 -36.40657984399523 -0.891417460638882 0.02866417600014539 -0.45227566359728205 522.949777915918
-0.4638139800139582 -0.04531144789099866 0.8847731147778104 124.59967019003706 0.006379754867759762 0.998494492502383 0.054479786804219374 -36.36956916021755 -0.8859096402407193 0.030913122333844113 -0.46282662865930074 522.4322007533872
-0.47206000452661334 -0.04124598360310916 0.8806009998648316 125.59230485030464 0.010542150006332003 0.9985693372190825 0.052422722545513015 -36.329341086479964 -0.8815033835440335 0.034030098478433815 -0.4709498245014756 521.9027933963146
-0.4781749322674405 -0.03823271193088619 0.8774320451689884 126.59595300793022 0.01630642881066361 0.9984933340894565 0.05239429509365754 -36.290017944364585 -0.8781132242088562 0.039361421688353646 -0.476831043402378 521.3534024179801
-0.48250135483387485 -0.03688298970707793 0.8751183278012967 127.60437013062158 0.02149380189940278 0.9983135827546659 0.05392593965291131 -36.25202001900676 -0.8756314630387525 0.04482895891951778 -0.4808949005539651 520.7950789609098
-0.4854585734113467 -0.03628304260227935 0.873506447784409 128.61325110334045 0.026070075215510965 0.9980933411948535 0.05594670178614927 -36.21282740659167 -0.8738708855887576 0.04993218483114803 -0.48358706789813 520.2331359955814
-0.4873983726091682 -0.036400183352518205 0.8724206858103678 129.62606490374736 0.028692430734603022 0.9979235172206794 0.057666265671060694 -36.17077194782363 -0.8727081819236463 0.05313831414157241 -0.4853418885422083 519.6718199620341
-0.4884429711298081 -0.03764661834634759 0.8717833423970459 130.64391712143893 0.02924566509766309 0.9978013335511394 0.059474278781335765 -36.12740136049927 -0.8721055870861525 0.05454567710322418 -0.4862680475647873 519.1074497738196
-0.4895578420283398 -0.03956396328162658 0.8710727938111719 131.6671886597487 0.028638611150924222 0.9977016298258023 0.06141081170511064 -36.07959615427278 -0.8715004011817226 0.055010459481670666 -0.48729959992566624 518.5430188619293
-0.490560232501403 -0.04357743938305645 0.8703169911388497 132.69321530266595 0.02613118018807985 0.9975640036923948 0.06467781659251182 -36.02850125881722 -0.8710153957939832 0.05447077486150311 -0.48822649966571885 517.9781577306892
-0.4919766411780012 -0.04681700999409038 0.8693486942018265 133.7192216770165 0.0255142151128212 0.9973488515038026 0.06814905157974838 -35.97685356509588 -0.8702344565474244 0.05570849108758718 -0.4894778387816505 517.4104824223639
-0.4930783390901459 -0.047047906239600534 0.8687118314139437 134.75114925176243 0.02562767849718934 0.9973178335955972 0.06855917799263657 -35.92008834895456 -0.869607367502685 0.05606811313617662 -0.4905500923192261 516.8302403974495
-0.49390917533070233 -0.044857890090826504 0.8683556277359755 135.7889378495705 0.02569907913955263 0.9974789875875106 0.06614549608832464 -35.864816907579495 -0.8691336398135368 0.054985807423287965 -0.4915112177015746 516.2454939387083
-0.4947018472455892 -0.04239452075786345 0.8680281026219762 136.8169936045691 0.027435803084917634 0.9975497617225428 0.06435642622443025 -35.81041688364217 -0.8686295867865022 0.05565229103106195 -0.49232658212014785 515.6673099464482
-0.49572670635624544 -0.040551578437735575 0.8675313262882166 137.87176935472837 0.029387028378693537 0.9975540528633265 0.0634217169352759 -35.75877656877065 -0.8679812412536695 0.05693400655282055 -0.4933224946519109 515.0711979026926
-0.4968164117788218 -0.04021279803945864 0.8669235167308874 138.92455522720428 0.030228960336481384 0.9975179191478089 0.06359411085940246 -35.70528507018237 -0.8673290396061889 0.05780079456945456 -0.4943676821991381 514.4752451843467
-0.4979501518289767 -0.04154149309695973 0.8662101076787143 139.9896154132836 0.030202781816444445 0.9974152839238878 0.06519619134256176 -35.649959070973146 -0.8666795476207166 0.058626408267119345 -0.49540842341410546 513.8723306328468
-0.4989719562200665 -0.04419626645804187 0.8654904256761512 141.05227382164372 0.029696074085902753 0.9972402411586361 0.06804443105609151 -35.59753290343288 -0.8661091906277216 0.05965393067545859 -0.4962824583492378 513.2736535718266
-0.5002086740669587 -0.04637842065078363 0.8646619712269701 142.11617862185065 0.028820878615576584 0.9971195930574226 0.07015606956510241 -35.54042756110269 -0.8654251205875665 0.06001299225114755 -0.4974312026974809 512.6710963232925
-0.5014409813021006 -0.047670359882471744 0.863877583375942 143.19171450063544 0.0287909844471628 0.9970085686546645 0.07172860826572593 -35.478286835194794 -0.8647126814643997 0.06083954978342958 -0.4985684784428312 512.059475093548
-0.5023420527220586 -0.04796081827364793 0.8633378376843599 144.27059658949256 0.029090625755486703 0.9969578388761595 0.07231046256614197 -35.41483034808631 -0.8641794938322394 0.06143962413538486 -0.49941863704307216 511.4429932232113
-0.5029465214215474 -0.04782271497423787 0.8629935020163553 145.36241891136785 0.02922235122537176 0.996956424654952 0.07227683949975623 -35.34733410937095 -0.8638233909653227 0.06157008422688208 -0.5000182736155436 510.81599779379417
-0.5036163715490034 -0.04490354760197317 0.86275965466668 146.44712954139874 0.031956867330480816 0.9969966273228211 0.07054419704936325 -35.282943462789326 -0.8633361506031363 0.06309830837411344 -0.5006688471855295 510.1891665706713
-0.5041062728577336 -0.042044420373294485 0.8626176049565377 147.53370189287088 0.034077698658997804 0.9970680883277213 0.06851231781663225 -35.218209673646655 -0.8629690470228892 0.06393351197904297 -0.5011955007045004 509.5637714608609
-0.503939977036606 -0.04354511516638304 0.8626403204635679 148.6302138100748 0.03309988624985758 0.9970211624304861 0.06966490648817568 -35.154646110441675 -0.8631042214440817 0.06366022785779403 -0.5009974833414857 508.9369416285793
-0.5036800225222796 -0.045171129993846 0.8627085277931537 149.72552013669483 0.03311964642649829 0.9968882060703901 0.07153316446474578 -35.092635065831146 -0.8632551905042581 0.06460242729832785 -0.5006166222316479 508.30987996276343
-0.5034262891036171 -0.04684028528400433 0.8627676159394663 150.84701589491254 0.030565275964848388 0.9969391168133486 0.07195944185866199 -35.024327959342735 -0.863497385835393 0.06259700505559841 -0.5004536737936043 507.6700782328714
-0.5034405775705897 -0.04271301996649477 0.8629734542734957 151.93490675583254 0.0309134710849997 0.9972474684089713 0.06739320483084203 -34.96316175360769 -0.8634766598819403 0.060605978890178776 -0.500734433768934 507.0498556704822
-0.5025289876907343 -0.03916862401591012 0.8636726436695923 153.05941198610125 0.030756373641317915 0.9975309669734821 0.06313489850615389 -34.90096298190835 -0.8640131144901483 0.058290555166742156 -0.5000835421880939 506.4057901048302
-0.502541006512302 -0.036455593662286366 0.8637844212905955 154.19555257753245 0.03177870121229795 0.9976564871398756 0.06059412361755153 -34.840601121278354 -0.863969126139856 0.057900978907527316 -0.5002047837822904 505.75814031673144
-0.5024446430436694 -0.0382795997618233 0.8637615718002224 155.3366825293653 0.03300747710940826 0.9974419353353757 0.06340419614890253 -34.782024291491965 -0.8639791010965461 0.06036768901068906 -0.4998958441434745 505.10197602694853
-0.5027297660715992 -0.041071135732804034 0.8634673960927589 156.4903683626806 0.033577222357294066 0.9971891035566995 0.06698105617673392 -34.72024827819373 -0.8637912667099433 0.06266620745983895 -0.499937590103241 504.43820408487824
-0.5028121770394833 -0.04128853978933362 0.8634090404338356 157.65068359255912 0.03344531134266351 0.997181319889617 0.0671626861612121 -34.65416296988628 -0.8637484157843719 0.06264720061791915 -0.5000140022886662 503.7712239650955
-0.5030198484886179 -0.04102697243770075 0.8633005383752987 158.81122930474763 0.03159269373560569 0.9973322599436218 0.06580474890364586 -34.586599791304565 -0.8636972465679282 0.06037508433401835 -0.500381769714529 503.11138341648257
-0.5034622080979585 -0.041536958770984594 0.8630182420280479 159.97240102510713 0.030709288732605422 0.9973524105497212 0.06591743893836795 -34.52515491107468 -0.8634713339785346 0.05968961573601849 -0.5008536764072127 502.4530627305122
-0.5037242812524226 -0.042739964721218354 0.8628065506777031 161.13891662640543 0.03003519679167501 0.9973049878252761 0.06693764421091315 -34.46200758439707 -0.8633421890712976 0.0596326812616243 -0.5010830349304731 501.7879935742918
-0.5040803996825227 -0.04223006888602026 0.8626236560272313 162.3199349002465 0.030351561148512066 0.997320660699258 0.06656036717325917 -34.399244687793136 -0.8631232434547 0.059733751131776015 -0.5014480487388204 501.11443088124787
-0.5041946335791562 -0.04057493719970648 0.8626363346980102 163.49354655804882 0.03185018816855492 0.9973423705439777 0.06552679933692891 -34.33760806013633 -0.863002512733082 0.060513390162462426 -0.5015623516846508 500.4384254593604
-0.5044204861708341 -0.03991651421865503 0.8625350108974176 164.6829619435216 0.03239775997076869 0.9973525395361416 0.0651022044917153 -34.27646403745684 -0.8628501366286391 0.06078308788994354 -0.5017918472300118 499.75440727426013
-0.5048666349313293 -0.03945933939916544 0.8622949851804163 165.88227313465927 0.03273267263720329 0.9973609738870897 0.06480478307206547 -34.21217184322458 -0.8625765201274301 0.06094299222366171 -0.5022426690591761 499.0661919849295
-0.5051366063048678 -0.04036075606437974 0.8620951329990848 167.09336802980957 0.03317261428142893 0.9972597137544027 0.06612594788899803 -34.14580034194055 -0.8624016388160112 0.06200058622621744 -0.5024135156174333 498.36761828916724
-0.5053166222796025 -0.041733497929865235 0.8619242579243657 168.30714164902028 0.03256933883050301 0.9971958239065077 0.06737749588372592 -34.08032861568379 -0.8623191691108825 0.06211927184019138 -0.5025403930531028 497.66841028249553
-0.505730637865654 -0.042058126982114155 0.861665617208179 169.5160272964025 0.030326098860121973 0.9973268724450122 0.06647884796665181 -34.013899364675005 -0.8621582509330467 0.059751346878572545 -0.5031032964454434 496.9769710414492
-0.506052483209995 -0.04216347112594582 0.8614714887560737 170.7272291989969 0.025319850057988764 0.997647713067489 0.06370200785098272 -33.94889735788533 -0.862130958399038 0.05404888818298915 -0.5037945297997429 496.28658507007185
-0.5066578314333352 -0.04426803626978244 0.8610099783464092 171.9631867400269 0.020656963908290867 0.9977708932432747 0.063454979620244 -33.88352823776245 -0.8618997225254029 0.04993581441541996 -0.5046139938104246 495.5817854797787
-0.5070021696398618 -0.04747254532167975 0.8606364839008109 173.18637769158434 0.016674255571914706 0.9977551321698278 0.06485881150536327 -33.82100738928657 -0.8617834816133346 0.04723403084055874 -0.5050724474260677 494.886163038397
-0.5073056454099244 -0.045803532442022225 0.8605480919455052 174.41915969944108 0.017550682631980428 0.9978302440564903 0.0634568954906617 -33.75468860434414 -0.8615874625796136 0.047295247773892705 -0.5054010327093076 494.17498814817037
-0.5070411750009824 -0.043712775802378534 0.8608126625958002 175.647159777485 0.020578904771898866 0.9978144890063535 0.06279135455917086 -33.69064536773828 -0.8616761314624062 0.04955238400558957 -0.5050334698882346 493.4598960667647
-0.5067600104497676 -0.04131405370857815 0.8610966500777443 176.87269588571002 0.02508043025541055 0.9977216901499788 0.0626290748971295 -33.630295617302416 -0.8617222660620769 0.05333458512477177 -0.5045692798837574 492.74521561400877
-0.5063523854464907 -0.040509955569528425 0.8613746021635421 178.09626727918953 0.028588782355127174 0.9975582220949276 0.06372028761905818 -33.56976640722683 -0.8618526227123205 0.05689057066473501 -0.5039578550765343 492.03069609555035
-0.5064057619615897 -0.041055489024621104 0.8613173927612562 179.31572343210658 0.030027544229613897 0.9974204918758156 0.06519746140565678 -33.509985985125894 -0.8617723312103065 0.058879616227967974 -0.5038666886719214 491.3268588154044
-0.5062146897525667 -0.04281461386850857 0.8613440640754427 180.53476574952643 0.028959039192566566 0.9973597656997788 0.06659483322543204 -33.449906199907694 -0.8619211460033696 0.05865497935018197 -0.503638294284374 490.6238644521875
-0.506076852222194 -0.04334171783724777 0.8613986969689409 181.75947201212577 0.028478471572668838 0.9973522706386924 0.06691356296541347 -33.38563454526454 -0.862018095112722 0.05839472362087262 -0.5035025918021493 489.92158580958954
-0.505881008994815 -0.044017861389280835 0.8614794441059517 182.98484776257033 0.026631484712708427 0.9974241060080965 0.06660267844421175 -33.32254492585104 -0.8621920718496491 0.056635506819135865 -0.5034056521404534 489.21981967925257
-0.5062366635750851 -0.04054768784854524 0.8614408426946685 184.20321167360558 0.02996502449482121 0.9974638638434445 0.06455956655313147 -33.26008597963546 -0.8618738525790167 0.05849551552589673 -0.5037377660092291 488.5143895442682
-0.5057021242846133 -0.03858911050357411 0.8618446739665854 185.4224714438897 0.032496894223825956 0.9974380386642421 0.06372841510215514 -33.19725382759514 -0.862095884087055 0.060234870101712024 -0.5031525087525601 487.80318419093953
-0.5046224502339035 -0.035604039745626016 0.862605666033861 186.63608225521483 0.03556425568464203 0.9974439057636284 0.06197449937347332 -33.139536206399406 -0.8626073072015649 0.06195165218771145 -0.5020663565243981 487.0989231426148
-0.5033220882131202 -0.03321440908956669 0.8634602935547252 187.85468255408983 0.037462134713409465 0.9974826868843336 0.06020695830817186 -33.08035133033933 -0.8632864321761952 0.06265055781745718 -0.5008107862513179 486.39288186836376
-0.5023392000603892 -0.04048544928182686 0.8637223260279508 189.08741860208895 0.031875792186113965 0.9973571973153732 0.06528824423836377 -33.02156676588775 -0.8640829022467704 0.06032867775502155 -0.49972111090600835 485.694284227911
-0.5014382885463123 -0.045929877703008 0.8639734307916701 190.3147947557193 0.03012037861078778 0.997057896783195 0.07048626287874304 -32.956564954535985 -0.8646689572154732 0.06136771786904936 -0.4985795800385901 484.9992349361527
-0.49964444754926424 -0.047046594287756476 0.8649520472252267 191.5511514716681 0.02560586698205399 0.9972855099704293 0.06903586878655822 -32.884994223544474 -0.8658520460270878 0.05664123558804841 -0.4970834988427712 484.30739592150445
-0.4977802809095756 -0.04396327689512125 0.8661882140864213 192.76966208690516 0.026906221348777532 0.9974509705696236 0.06608794566668895 -32.81348095153488 -0.8668857174912509 0.05620312797661333 -0.4953285386643191 483.62106721246016
-0.4954697801558541 -0.042648999395206916 0.867577523799974 193.9894812325759 0.02612911749667446 0.9976101166478339 0.06396346129421418 -32.75205300239625 -0.8682320923411901 0.05436099716229575 -0.4931712844604461 482.9409698463395
-0.49399924780962073 -0.0406483723297962 0.868511630889572 195.19765304639486 0.02633607231295444 0.9977486688538061 0.0616766170893092 -32.69986490049505 -0.8690633776996141 0.053341387565311094 -0.49181657344374996 482.2663024017598
-0.4931360911385214 -0.03967703426017107 0.8690469081522203 196.42881509094508 0.025559797023359525 0.9978673399318415 0.06006220669832075 -32.6427217908927 -0.8695766167467652 0.05183150441251333 -0.4910702625466044 481.58356344159665
-0.49275939723093987 -0.042028002846384645 0.8691500580551907 197.648219560787 0.024073325685863112 0.9977921959777295 0.06189675788245361 -32.58526283426385 -0.8698325421775328 0.051423541522157286 -0.4906597272512751 480.9145057022284
-0.4920962406292348 -0.043683249482546524 0.8694441118744874 198.87010316175176 0.02397403841510006 0.9976813894592319 0.06369529502847181 -32.526117855799505 -0.870210627055687 0.05218830176714309 -0.48990799719744915 480.2352963166707
-0.4920812576702596 -0.04320247911174022 0.8694766136292864 200.09028015470255 0.02465343015758951 0.9976756863593743 0.06352505984895221 -32.46748509683903 -0.8702001173472264 0.05269507231181861 -0.4898724171893449 479.5593341684973
-0.4927989183168084 -0.042666800746718185 0.8690965252604683 201.2998452831212 0.023110132954262754 0.9978029986409589 0.06208943273974997 -32.40765878256495 -0.8698362764685237 0.050682541541910854 -0.4907302029855432 478.8944461826859
-0.494207820834845 -0.0402159322038386 0.8684130979105776 202.5164143840191 0.024445003625787352 0.9978915793643455 0.06012351978605788 -32.351787589792764 -0.8690000412102495 0.05094187502149431 -0.4921827442585582 478.212807635129
-0.49552211815953723 -0.03742652589990816 0.8677886180250035 203.72394060860856 0.02630606203577884 0.9979663226633824 0.05806212130031759 -32.29870005735891 -0.8681968794662083 0.05159916655127858 -0.4935298415459372 477.5306645822925
-0.49723535736375457 -0.03512816892062551 0.8669042687261491 204.91968452671563 0.029203061668453014 0.997936230914998 0.05718793768229161 -32.24953823400203 -0.8671240860318288 0.05375212345060601 -0.49518332832196876 476.85122547828195
-0.499657527327714 -0.03535087231946659 0.8655013987342848 206.1158277076852 0.030524715779106412 0.9978277832964061 0.058377706433042145 -32.20271691350697 -0.8656850449853952 0.055588044650180864 -0.49749308757068156 476.17360792902855
-0.5022961464283452 -0.03611166600478117 0.8639412762807376 207.30789312400432 0.031494559059201614 0.9977005866433841 0.06001359980130086 -32.150908510424735 -0.8641219092425022 0.05735404946299277 -0.5000038389625581 475.49187625139854
-0.504994937813004 -0.03870610710371735 0.862253993934567 208.49467546017846 0.030590327571510298 0.9975637618026528 0.06269587703513448 -32.099263663203054 -0.862580051150219 0.05803773264879162 -0.5025806173607171 474.80943545915267
-0.5077389983900402 -0.03839734162691466 0.8606548400316246 209.67233896698673 0.032244507550107555 0.9974593176045393 0.0635232355656929 -32.04566375327736 -0.8609073128082583 0.06000461548805651 -0.5052108914833495 474.12325666906435
-0.5099686316293401 -0.037529463041784256 0.859373919873003 210.84320395744325 0.03257423894073222 0.9974886547818747 0.06289119603629012 -31.99114979175644 -0.8595760081060527 0.060065988589537024 -0.5074654306484643 473.4402829182366
-0.5123348893539375 -0.033290931539657224 0.8581402420513254 212.01089443113767 0.035738861101811806 0.9975561828825679 0.060036620490356546 -31.936643521383676 -0.8580417792612667 0.06142781023265931 -0.5098930566032318 472.75161527950297
-0.5147256806350288 -0.0312458075767753 0.8567853717260105 213.17996187155904 0.036830923073093845 0.9976072812871076 0.05850808002769264 -31.883316669872375 -0.8565634575443878 0.06167180743109634 -0.5123432749317511 472.0556959004611
-0.5175214134821277 -0.031855401241588345 0.8550770842439847 214.35662421682508 0.03498931508558921 0.9976831311216018 0.05834481729541179 -31.829901526381875 -0.8549545803241877 0.0601132538391584 -0.5152077855541075 471.3604777553507
-0.5200765953868268 -0.034053424389986785 0.8534405071345973 215.51012616245598 0.03337975508118469 0.9976311960061899 0.060148056543632096 -31.77961711025016 -0.8534671211485376 0.059769231570862114 -0.5177079409047752 470.6756591190078
-0.5224049385486584 -0.0365940154254949 0.8519119427587615 216.65994779062655 0.030235655363582102 0.9976554565339915 0.06139540041961324 -31.727276600737554 -0.8521613024097684 0.057831376284752614 -0.5200736934246 469.9853588017565
-0.525026935101744 -0.03880417915636464 0.8502005369897542 217.80522992081174 0.02792570906468484 0.9976367215246091 0.06277839308919082 -31.673165983242033 -0.8506273403735091 0.0567028001568457 -0.5227025160294043 469.29782339409957
-0.5272387599514478 -0.039407627052739785 0.8488028799049451 218.94671444999378 0.02666905613585545 0.9976644228782757 0.06288450339930007 -31.61826848146368 -0.8492985643751484 0.05579191924487095 -0.5249563889479699 468.6035289827737
-0.5290950253246003 -0.04133592840888838 0.8475551871113365 220.05368302820222 0.02553747691777044 0.9975847436552413 0.06459501914991521 -31.56681799904716 -0.8481782191552908 0.055821324320360424 -0.5267615098900897 467.9315971071114
-0.5306994899101273 -0.042447224848010806 0.8464964763729559 221.13918130074572 0.025602742145835584 0.9974864783772953 0.06606984977334521 -31.51685387060017 -0.8471732709450591 0.05673586658508883 -0.5282787999144914 467.2632993701346
-0.5320632932254039 -0.043496932696103975 0.8455865827034895 222.2013031936727 0.023769278866987886 0.9975186744528342 0.06626851062157159 -31.466382835866924 -0.8463708840598705 0.055358025288919185 -0.5297091802601037 466.6084580825147
-0.5335474722639123 -0.043529594333490594 0.8446491989328756 223.24688643513778 0.02170119371180022 0.9976412873435881 0.06512234623313688 -31.41665048351443 -0.8454916634907041 0.053075759105145295 -0.5313443429294611 465.96448379445945
-0.5346714552385129 -0.04415639000370952 0.8439055919799135 224.28298676445053 0.01820078378960458 0.9978005405150976 0.06374019781284579 -31.365937769119522 -0.8448639928548146 0.049439807540250166 -0.5326917861275965 465.3310545879278
-0.5350576357059463 -0.045680364050575496 0.8435796529154594 225.3027428991439 0.01570119678665828 0.9978269027606761 0.06399175373827937 -31.31855024739033 -0.8446696389075641 0.04748448659552797 -0.5331776670496717 464.7023237001694
-0.5346348909456077 -0.046507661523800536 0.8438024477347545 226.30349148823447 0.014464561328211846 0.9978346503702387 0.06416219280918989 -31.273623162464457 -0.8449593539627607 0.046508579209527445 -0.5328045065600997 464.0816478589962
-0.5331622234358755 -0.04744904445978615 0.8446813787936635 227.29700827916344 0.012846784206155317 0.9978567776327265 0.06416238359030765 -31.227640037602352 -0.8459154825610414 0.04506039849227443 -0.5314099705982606 463.4695578607392
-0.5302747917979033 -0.047467615764109974 0.846495995641656 228.27985907543234 0.011751043681992092 0.9979240731760567 0.06332027438419643 -31.178956538563057 -0.8477443943524957 0.04352435673708289 -0.5286161861072262 462.86691568084666
-0.5256999349628565 -0.04740496567128985 0.8493481898548731 229.22924861516307 0.01086858398140486 0.9979902751643889 0.06242823527494891 -31.138080498407874 -0.8506006420537745 0.04204973135477895 -0.5241281978969495 462.29699400976756
-0.5189498408704433 -0.04763819210984314 0.8534762242224705 230.16910026406458 0.010800696181115262 0.9980007511285117 0.06227235107917188 -31.096638968820596 -0.8547364550681986 0.041534364078797445 -0.5173978053471289 461.73821973207276
-0.5096326939508172 -0.04743987672285912 0.8590832179439603 231.1096586441177 0.01111060633982368 0.9980326499396143 0.06170400377018317 -31.052053798763996 -0.8603203308554321 0.04099131311667462 -0.5081029822445218 461.18705878219583
-0.49783431529290445 -0.04719163601336667 0.8659872654994554 232.04563539739053 0.011327217573866712 0.9980794954102234 0.06090168292999792 -31.011604925498425 -0.8671981830348154 0.04012817379415179 -0.4963436722766468 460.6582471284757
-0.4842657722559403 -0.04612088739690773 0.8737044841175287 232.97882713230294 0.012105756514244385 0.9981608254797186 0.059400480948071224 -30.971312954586168 -0.8748371919852183 0.03934247352882279 -0.48281679475351574 460.1541057559611
-0.4690360246712197 -0.044346357453830434 0.8820649682088011 233.89984798986592 0.012154457509460655 0.9983198712032182 0.05665424894426057 -30.933737115985235 -0.8830953950300476 0.03729390488222777 -0.46770897782207016 459.672782894385
-0.4529344738953466 -0.04584180480936345 0.8903644710392272 234.8338533394773 0.0068029317759875675 0.9984704137783854 0.05486850579767097 -30.89549964034392 -0.8915178531450748 0.030908926559135474 -0.4519298128941761 459.21575159084165
-0.43665907369780493 -0.045006039842168166 0.8985005897244015 235.77099561964232 0.003929027100122613 0.9986429129775612 0.051931638773829315 -30.863658760367233 -0.8996184836381631 0.026206654449093095 -0.43588965938545077 458.7769327695861
-0.41999449683039447 -0.04161770581160727 0.9065718885974569 236.70219157397761 0.004059934278727019 0.9988517914839972 0.04773484663073617 -30.833405320713315 -0.9075175698386466 0.02372899517859964 -0.4193432904220331 458.35965247188113
-0.40172327474847647 -0.04256867889619518 0.9147711834674233 237.63634307824375 6.953467914942344e-05 0.998917591489867 0.04651495003769405 -30.805335108820994 -0.9157611073256471 0.018749746374642183 -0.4012854860577415 457.96774132053883
-0.3827299246786153 -0.04106970401327523 0.922946956313179 238.5797415863977 0.0013283506736551601 0.9989859162066822 0.0450041631983232 -30.777846987901174 -0.9238593184246161 0.018450437202285345 -0.38228724949578813 457.5814199325752
-0.3631524469824271 -0.042024017229863694 0.9307815437719731 239.54911543546464 0.0004036275216550416 0.9989751423502716 0.04526038058916708 -30.74645248351522 -0.9317296482003278 0.0168121070100273 -0.362763305369195 457.20774906450936
-0.3435201556736502 -0.043323983807884534 0.9381454764976289 240.52452504242123 -0.0006130699736736547 0.9989455173942768 0.04590726982827621 -30.71094396055696 -0.9391451042257346 0.015194923655383632 -0.34318448027838927 456.8529797010362
-0.32359992101356183 -0.04812147102104946 0.9449695313325108 241.49865073719425 -0.00412328875526925 0.9987681335935296 0.049449103206593494 -30.682647397269992 -0.9461850186987029 0.012105343649230077 -0.32339970786207656 456.53280822310586
-0.30367555043035976 -0.050628010464484334 0.951429432289765 242.47971853412582 -0.005545492616487007 0.9986642163718696 0.05137149452759033 -30.650598947087666 -0.9527593649933157 0.010324121985225232 -0.3035506628600493 456.22956338790254
-0.28348198945983555 -0.05362292331924227 0.9574771766191561 243.46356483664735 -0.010560142209327904 0.9985494496636876 0.05279659054203842 -30.61788861297264 -0.9589194153047585 0.004855787376269632 -0.2836370502606167 455.9527312476535
-0.2636307596450389 -0.05407316148800583 0.9631069077603326 244.45336465733146 -0.013957161374460018 0.998536921746463 0.052241875497186514 -30.582618089609188 -0.9645226903579587 0.00033032679013696235 -0.26399975505455353 455.69423734212626
-0.2431721182523795 -0.05426225336708111 0.9684642114008011 245.44620185675254 -0.018219806523813678 0.9985134211356627 0.051371066391384244 -30.54786488259843 -0.9698120227935375 -0.00515321952568361 -0.24379927147888303 455.45801853311974
-0.22241403308289767 -0.05454475943529158 0.9734253269285447 246.44354767805274 -0.020756976787173073 0.9984724022253352 0.05120556521535259 -30.514307449486644 -0.9747313198017512 -0.00881653063926603 -0.22320645820636545 455.24554723568156
-0.20042793404994402 -0.05391069535101867 0.9782240439588669 247.43726343271598 -0.019402256650990487 0.9985074472862481 0.05105320901518098 -30.482442347661593 -0.9795163070053136 -0.008747264753526808 -0.20117477394049896 455.0511878445226
-0.17653311462464716 -0.051732363402701174 0.9829342918108466 248.4292964887255 -0.018626315349557648 0.9986146414973004 0.04921237815545363 -30.452111204088002 -0.9841184480627457 -0.009620829693294542 -0.17725213628780942 454.88515601600324
-0.15142789263881357 -0.04646589497244932 0.987375568836588 249.43042569933456 -0.014040061375863428 0.9988948532677453 0.044854752164849854 -30.42355488033048 -0.9883685901562923 -0.007070552992334029 -0.15191292661538797 454.73872304107704
-0.1250206319828451 -0.04122764466285449 0.9912971920136574 250.43349804792382 -0.010383263692688877 0.9991359253760279 0.040244135697946416 -30.39877055682621 -0.9920998081915475 -0.00526155286393894 -0.12534068233323734 454.62156203954083
-0.0976051593998268 -0.03852310310453716 0.9944793629762912 251.44553279485388 -0.00736784316123005 0.9992511539310478 0.03798481610616335 -30.3764012943625 -0.9951979440019424 -0.0036196539426738253 -0.09781590034165741 454.5309801111659
-0.06917394292504568 -0.0376725592753559 0.9968930453653722 252.46342505304426 -0.006105369970213928 0.9992839955630276 0.03733926444262056 -30.35625803873398 -0.9975859311747217 -0.0035034967152715534 -0.06935441898708769 454.4680379275866
-0.0403816082263037 -0.037553445534671055 0.9984783745507613 253.49213877623717 -0.0063321422660797 0.9992830194608345 0.0373276170088223 -30.337136356654927 -0.9991642656197163 -0.004815157911187388 -0.040590449158770435 454.43509480000415
-0.011310467855839116 -0.03700604459970007 0.9992510325138351 254.52476292134887 -0.007260292527656198 0.9992916517217102 0.036925370028029314 -30.31543854255428 -0.9999096766554978 -0.0068372115938456855 -0.011571130814490127 454.4400007286999
0.019103507337584563 -0.037248008744630544 0.9991234367444101 255.5530551658905 -0.00951723323429454 0.999253749107948 0.03743483892408253 -30.294808461215375 -0.999772213196073 -0.010224027497413744 0.018734753341459014 454.4710063591174
0.049539680167023877 -0.03865829653165878 0.998023725268201 256.5839891099506 -0.01447594390858045 0.9991178965142715 0.03941923277857009 -30.273753820616832 -0.998667245451112 -0.016400151650694604 0.048936365710275403 454.54052905683784
0.07962572036755605 -0.03937590443637709 0.9960468276169365 257.62313830548317 -0.017704399117725395 0.9990060423604133 0.04090820919158745 -30.251873876635358 -0.996667596999037 -0.020891756201901125 0.07884944904672854 454.6411148444336
0.10957171634374797 -0.03539841443110478 0.9933483735494044 258.6576320770013 -0.025186967535592686 0.9989458885592324 0.03837614359162309 -30.227984108205526 -0.993659728299307 -0.02922437315611079 0.10856463682888039 454.7753455308421
0.13833684169100233 -0.032099647314444264 0.9898649053649922 259.6996170729576 -0.029131509943378615 0.9989102649947335 0.03646419636531817 -30.201305067134534 -0.9899567027700674 -0.03388060109322033 0.13725097999717667 454.94057761741897
0.16730952828056794 -0.02859097398852281 0.9854897655241883 260.73828519078756 -0.032025554815752415 0.998894307779376 0.03441693950226851 -30.183581175674547 -0.9853841309790226 -0.03731913841914318 0.16620889363200952 455.1251124051067
0.19601468277825781 -0.025528635952970998 0.9802686024155409 261.7897673869813 -0.03552459211696879 0.9988199951123222 0.03311526413517095 -30.16685262142892 -0.9799572681960516 -0.04131472026045681 0.19487649011499397 455.3431808233142
0.22458316961318622 -0.02237418653778896 0.9741980269448637 262.83066442415077 -0.03833548251539243 0.9987595748231233 0.03177581595246362 -30.15004963911418 -0.973700565218493 -0.04448266489212409 0.22344686575848283 455.59421402135763
0.25302060563728385 -0.022875991188390767 0.9671903960183275 263.86561990772435 -0.03952486357742318 0.9986413382956076 0.033959720351360315 -30.13168980445826 -0.9666531737299235 -0.046820577466592225 0.2517726657990661 455.87129313099956
0.28097291590178386 -0.023918645366050543 0.9594175936126567 264.9049638158466 -0.04070525245790246 0.9984927827637703 0.03681365495300927 -30.11193123556959 -0.9588520756362748 -0.04939697533770559 0.2795758141819503 456.1847865088235
0.3090402641727733 -0.025047186376812847 0.9507190718475286 265.93803529450423 -0.03972973649922982 0.9984404945716336 0.03921896017555591 -30.09271748869621 -0.9502187448991569 -0.0498920560225299 0.30756319608841787 456.5238211304959
0.33725809821500297 -0.01976194498813812 0.9412047815001174 266.94847716304076 -0.042705689230999586 0.9984292666436523 0.03626601186679444 -30.07502334873926 -0.940443086686116 -0.05242580509351269 0.3358844081891785 456.8959382403016
0.3636360156954635 -0.017174803586939985 0.9313827753458175 267.96500938794844 -0.039642738620732566 0.9986389472767756 0.03389256934167213 -30.052700945422085 -0.9306972125045724 -0.049247122795974554 0.3624602316565832 457.2975930071265
0.3889112361207451 -0.014517960446076918 0.9211608324519225 268.9742745756959 -0.04241032631989329 0.9985336845931975 0.033642903474156306 -30.034255840441045 -0.9202985464730878 -0.05215083467421561 0.3877252581433292 457.7351308569987
0.4128971334599975 -0.0157732207972712 0.9106410723694577 269.9828232285487 -0.04507308963680626 0.9982710195629503 0.03772781588349837 -30.01165925775416 -0.9096616809402894 -0.05662311371186901 0.41147229459887863 458.20842184333463
0.4363559930946544 -0.01812806778793399 0.8995914741974004 270.9837340842707 -0.04617083598620985 0.99802874643575 0.04250735456623085 -29.987945486288663 -0.8985887275025852 -0.060083229325335254 0.43465883674340505 458.7065046786882
0.45904603662998245 -0.02169239098647161 0.888147609594032 271.9634121002647 -0.04436758372016788 0.9978946790417937 0.047304619805136325 -29.96178302208714 -0.8873039241258553 -0.061119961660366276 0.457117158415105 459.22218979457006
0.48060840130971016 -0.022147117571090787 0.876655616404649 272.936640462449 -0.04430328672962432 0.9977912552093781 0.0494957555013148 -29.92996537967226 -0.8758154961951062 -0.06262680105981401 0.4785656699070054 459.77025758839835
0.5014268694644576 -0.020038828434198977 0.864967941564343 273.8999673645847 -0.04706097746648195 0.9976200468978613 0.05039351572779289 -29.89501030882287 -0.8639191854444348 -0.06597489963988401 0.49929045017758755 460.34568414173646
0.5205720979872961 -0.019575894007964105 0.8535932726837134 274.8612556184341 -0.045960361742486903 0.9976451929248261 0.05090888117495124 -29.85729613398435 -0.8525798120678248 -0.06573319867292714 0.518446535957783 460.94471432510386
0.5377705815674849 -0.018018651039577012 0.8428986474157383 275.80757166431107 -0.04797167184014318 0.9974978916696136 0.05192951776722683 -29.821666173481564 -0.8417253235476719 -0.06836142427852906 0.5355606365008396 461.5635923837962
0.5527050935822494 -0.013815258910762853 0.8332623945369572 276.7361642162048 -0.05395052233654228 0.9971720667681134 0.052318356214836284 -29.78477104198538 -0.8316287757574609 -0.07387156339645748 0.5503967400462292 462.2038849836272
0.5662846618460896 -0.011634070477957694 0.8241276176430272 277.6802596071941 -0.05608677381759023 0.9970386325547871 0.05261405701914372 -29.745131751242695 -0.822299188592933 -0.07601719277501075 0.5639551674043043 462.8665508591281
0.578716107747948 -0.00853869083314184 0.8154843698023396 278.60683416569 -0.06025392657136145 0.9967645598884239 0.05319658337871504 -29.70551532211718 -0.8133001481407709 -0.07992185501658243 0.5763292167892536 463.5424338304876
0.5894991809647474 -0.00675592850676932 0.807740721439684 279.52298393139665 -0.06279192527827984 0.9965559221826744 0.054161500002171487 -29.66835147969929 -0.8053247107606597 -0.08264775491596689 0.587044682154277 464.22780662577657
0.5997015965373123 -0.005262513139026503 0.8002064115377095 280.44152243366585 -0.06404961753591543 0.9964544648316238 0.05455406502382628 -29.629787411620935 -0.7976563430476202 -0.08396907450116675 0.5972382714824299 464.92948237588115
0.6094943470793085 -0.0036849744913584935 0.7927818500958278 281.35762130987234 -0.0636987126134112 0.996528523164855 0.053603885402700155 -29.59119058091409 -0.7902272552182459 -0.08317044836881551 0.6071437734411625 465.64308258183956
0.6188715749717764 -0.0004027562534186438 0.7854920823785247 282.26894816563384 -0.06361633696271944 0.996689153194066 0.050632929766504256 -29.554163533729174 -0.7829118311555903 -0.08130540998417235 0.6167969641169712 466.37031069119274
0.6272664533158995 0.0015768532346586031 0.7788031266490697 283.17492819187225 -0.06261799837812648 0.9968625334448653 0.04841565545358468 -29.51929027740641 -0.7762833135032661 -0.07913660940272603 0.6253971651907582 467.10642061266725
0.6336252106035427 0.00231960048062661 0.7736366795474633 284.0771203444822 -0.06333547988380503 0.9967943263163654 0.048884435267166064 -29.48606553258511 -0.771043260443605 -0.07997306094624552 0.6317409279502075 467.85601027407836
0.6379613655132831 0.0016191534024386084 0.7700666688376304 284.978624399616 -0.06305226168771616 0.9967499231068155 0.050139835287116956 -29.45238612431295 -0.7674827088661293 -0.08054172290691844 0.6359900333045321 468.6142063012639
0.6414699235048037 0.0018255493583420495 0.7671460125740599 285.8719171486635 -0.06442718751197418 0.9965925878785923 0.05150098343474285 -29.420002775235865 -0.7644380123646645 -0.08246139190547903 0.6394017861227622 469.37384794776295
0.6442322210238418 -0.0004960741416786536 0.7648297845306052 286.76548967464646 -0.06321044729518903 0.9965441900963471 0.05388985561268749 -29.385251279302647 -0.7622134115504863 -0.08306281415687856 0.6419745198657932 470.1338250460321
0.6466825060092348 -0.00023978525227476993 0.7627592535817884 287.65361703015026 -0.06423589372760807 0.9964304241090879 0.054773715108592996 -29.3489347502505 -0.7600496604687305 -0.08441772570269038 0.644358720906732 470.89877378022743
0.6486639417501986 -0.0008954109891775902 0.7610744305994345 288.54399239325386 -0.06376711166523953 0.9964191746026488 0.05552102263149848 -29.307325016007457 -0.7583988700828664 -0.0845460035917427 0.6462840916607054 471.666883187353
0.6508441133848283 -5.3104591693147256e-05 0.7592113916770593 289.4215062355989 -0.06504176923086853 0.9963196503058006 0.05582761565608834 -29.266600833083764 -0.756420192966605 -0.08571552714898177 0.6484453254345681 472.4332393284775
0.6525898427951929 0.0025456207638795245 0.757707078557057 290.3024488194712 -0.06597628415138898 0.99638720563664 0.05347584850361464 -29.22664219401346 -0.7548335094642536 -0.08488849308671283 0.6504001204884209 473.20436088132334
0.6540420366990576 0.0026836434639712393 0.7564534435695994 291.1794419418625 -0.06351815226573929 0.9966570265735502 0.051383029438855116 -29.18926436015972 -0.7537867460782897 -0.08165518623655324 0.652026051624768 473.9682627894268
0.6549944627935699 0.003471456041727673 0.7556257027806237 292.0426953860017 -0.06206457243532306 0.9968577856331393 0.04921934651143728 -29.157818958376648 -0.7530805020435626 -0.07913598559152951 0.6531517842173287 474.728062226373
0.6552275145758479 0.002922916524633929 0.75542594653728 292.9011412496614 -0.06069500651346152 0.9969633597533962 0.04878704227097127 -29.12849278136271 -0.7529893892526568 -0.07781719519623354 0.6534152307719107 475.4818757310399
0.6545379613892999 0.0016269781130234683 0.756027387098217 293.7567871380996 -0.06019722834684814 0.9969349032970709 0.049970914414441514 -29.099236531105007 -0.7536287884626609 -0.07821861370721017 0.6526296788148935 476.2309305229987
0.6525737275672705 0.0009712482734078166 0.7577246114293419 294.60995596939847 -0.06153489682269117 0.99676412042138 0.05171793415839348 -29.066752129050496 -0.755222474878747 -0.08037627086013996 0.6505218432309898 476.9771011641375
0.6491180337738568 0.0006579755957818312 0.7606874162871864 295.4530826354517 -0.06327953562897444 0.9965802663899311 0.05313636243434377 -29.03556086171144 -0.7580511055332247 -0.08262771756673395 0.6469398594070197 477.7096980462535
0.6445705207346122 0.00039281924890793705 0.7645447596399745 296.2930617656752 -0.06564852414227743 0.9963349871831767 0.05483488481467409 -29.004901072410718 -0.7617211530985946 -0.08553618537049369 0.6422339495187237 478.4315359132869
0.6391970762986351 0.0002171750270624616 0.7690429445006842 297.12436149367113 -0.06674928577504013 0.9962417978653254 0.05519794411556165 -28.971610686287313 -0.7661407380500007 -0.08661543177211714 0.6368093407599613 479.13624054757713
0.6330084417262568 0.001920705853044518 0.7741425085811526 297.94531795074255 -0.06844821039405474 0.9962192718486842 0.053497709213825934 -28.94050615823765 -0.7711129328426207 -0.08685317084771262 0.6307466777689412 479.822997900253
0.6254902819540548 0.004922667196468412 0.7802164280048886 298.7626596150359 -0.06989411069533853 0.9963132194136002 0.049747181948464524 -28.911703458141744 -0.7770950524042379 -0.08564891224866027 0.6235283019715162 480.4912377721534
0.6162823092559485 0.0071435257381744985 0.7874929112939245 299.5756637975838 -0.07180252106760669 0.9963036137633031 0.0471540790443123 -28.884747848793445 -0.784245186957811 -0.08560420107803951 0.6145172149674124 481.14224362658206
0.6060581388622125 0.006300527818110233 0.7953953958051818 300.3903907472265 -0.06856639615053173 0.9966602893214409 0.04434993809047053 -28.862996981654682 -0.7924595772894666 -0.08141603674285222 0.6044660845103658 481.76765547604526
0.5954322661209731 0.006450374085127749 0.8033796170778804 301.1926349437863 -0.0670779983818315 0.9968754642565999 0.04171151994682002 -28.846040044849218 -0.8006003738414881 -0.0787254814996319 0.5940044949051537 482.3676600517964
0.584343908693664 0.005852139750202885 0.8114850268692282 301.98785283133446 -0.06349996160117506 0.9972376238048092 0.03853409587346782 -28.831188392708743 -0.8090178930340546 -0.0740464322468033 0.5831013416399113 482.93942377872
0.5729607889064782 0.005249397078882447 0.8195659694045205 302.77512987811895 -0.06138808886694687 0.9974453463058829 0.03652784797930996 -28.82005016596278 -0.8172805129947311 -0.0712406131574117 0.5718193229648951 483.48789257922255
0.560831148817516 0.0032307515460198444 0.8279239003437878 303.5549439430449 -0.056631887137051626 0.997799956353234 0.03446848503747772 -28.811660536056554 -0.8259910725155102 -0.06621789294390514 0.5597802593685783 484.0127348251728
0.548496318460434 0.004195874588683733 0.8361424419749206 304.3272277809037 -0.05160647895094509 0.9982508769011469 0.028843683821161745 -28.809435150685875 -0.8345589014357448 -0.05897102171851469 0.5477534651938255 484.5108354633994
0.535080241794094 0.00711977667553651 0.8447712374493238 305.0839518344025 -0.045151442092508084 0.9987762824924796 0.020181298458406823 -28.81195938053164 -0.8435937897581646 -0.0489412536679527 0.5347469229185643 484.98170580158217
0.5215248190547268 0.01709914892260474 0.8530647585125379 305.8300292539296 -0.042995041253444534 0.9990556750510038 0.006259758461472507 -28.820096745736343 -0.852152151635816 -0.03994217388305197 0.5217675087699037 485.4321944177299
0.5062757963114697 0.029083065953008715 0.8618810784232114 306.56110410045136 -0.046523143564300304 0.9988968479497141 -0.006378422141836909 -28.83705687806838 -0.8611157966162765 -0.03686817639776774 0.5070703327813852 485.86583234155637
0.4891569874228454 0.03679019798571319 0.8714194873811212 307.28476788001336 -0.04684933324590377 0.9987759095027822 -0.015868918403685744 -28.856432845579402 -0.8709366117174213 -0.03306302964128675 0.4902818112485138 486.2758264924303
0.47008479131769204 0.03830836220304048 0.8817895204396116 308.0170927416127 -0.04545999198318767 0.9987824748249878 -0.019156124643557343 -28.885837011829175 -0.8814497592606696 -0.031081141674521105 0.4712539490885165 486.663902623531
0.44775864904783025 0.03878714225663275 0.8933127950490931 308.7459183796703 -0.049597496729517875 0.9985979618505566 -0.01849861903165688 -28.92049805174635 -0.8927778449989838 -0.03602316176401855 0.44905461950134734 487.0357355789005
0.4228869519658323 0.036067182620383165 0.9054644025001055 309.467966110146 -0.04864284877484262 0.9986705012287684 -0.017061747816284216 -28.954102653835044 -0.9048759578639042 -0.036829177472577586 0.4240791347927665 487.374532569104
0.3956679759727447 0.0315197597675359 0.9178525794123069 310.1970124294205 -0.04642245017529413 0.9988197017702509 -0.014288438518877353 -28.9842342628574 -0.9172196077872282 -0.036955488087457675 0.3966641942384858 487.6822328426467
0.3652396665908718 0.026347610877617125 0.9305405898452938 310.91958889978224 -0.040957770784089215 0.9990862416842079 -0.012212399015801631 -29.01873243357857 -0.9300120681802952 -0.03365241563936849 0.3659850652153054 487.9504970736029
0.3304884337844026 0.02606116664133791 0.9434501633515263 311.6379366464812 -0.03505569522046847 0.9992678823597456 -0.015323104022285797 -29.04980624838423 -0.9431587848116275 -0.0280091927331114 0.33116006968700173 488.1841683855528
0.2928000138686759 0.030508552345731813 0.955686863000778 312.3540078555316 -0.027585091715632632 0.9993443460977209 -0.023450813153438797 -29.08256860513307 -0.955775713540341 -0.019496311350742843 0.2934496196115676 488.3860066682605
0.2539222953988215 0.03741181532282015 0.966500814264345 313.08728455160707 -0.02016904580175437 0.9992391968056983 -0.03338019111012193 -29.115723997486228 -0.9670143109028146 -0.011017424442796648 0.2544836711221542 488.55953308070156
0.21351935360962196 0.04539386897208057 0.9758836417800393 313.8253259575138 -0.017896928248564647 0.9989340179082888 -0.04255029758846061 -29.15344307799077 -0.9767748899277665 -0.008380007478899821 0.21410415661836207 488.71148814829684
0.17190792833377674 0.05070087017930144 0.9838074435269577 314.5623346796186 -0.01542936988292617 0.9986907659885654 -0.048771799989200844 -29.195665509312157 -0.9849921820608581 -0.006795269842500238 0.172465143106553 488.8344861948517
0.13091772318979963 0.050142646731647506 0.9901243683161938 315.31095411013956 -0.010533069237063486 0.9987340972369343 -0.04918594787915892 -29.242363019185046 -0.9913372807512346 -0.0039897362155062056 0.13128015005203672 488.91803909055847
0.09004150705675323 0.045987487405721776 0.9948757098296525 316.0649969294409 -0.007251759194114438 0.9989371559278544 -0.04551890261592866 -29.28985381994025 -0.9959116120397159 -0.003116008484650148 0.09027929715934262 488.96998650074033
0.048215099279548354 0.03914976035444427 0.9980694366954888 316.82401929015805 -0.006128520538804436 0.9992243535581189 -0.03889900374512187 -29.33947738226631 -0.9988181743628195 -0.004241169714494372 0.04841763151977151 488.99513848255924
0.004907408540074668 0.035220350722248064 0.9993675221040657 317.57915689994445 -0.004396823552433911 0.9993706556921995 -0.03519887049310046 -29.38473742054114 -0.9999782924064284 -0.004221307421065522 0.005059177758027039 488.98743950723656
-0.03917393822750935 0.0344104234663612 0.9986397375032752 318.33636320476364 0.004607457640468332 0.9994024715057722 -0.03425596710418875 -29.42186028029214 -0.9992217841389596 0.0032592491493720435 -0.039309075251696815 488.93645984542184
-0.08238006811412947 0.03434277182650357 0.9960090855011221 319.06221041559434 0.009017704684991048 0.9993908542319896 -0.033713520724869994 -29.462610795795452 -0.9965601865315173 0.006204393662935601 -0.08263957961866272 488.8534165909592
-0.12522633761310575 0.036948905496045605 0.9914399340104525 319.8089634497168 0.009938150880169208 0.9993028531190942 -0.035986676772371974 -29.499993122207034 -0.9920784230720363 0.0053465999177505115 -0.12550624026010657 488.7486979245961
-0.16539891902953108 0.04087748756209057 0.985379230851996 320.53412645646705 0.015771572011424578 0.9991225118372179 -0.03880030742629582 -29.541852515061368 -0.9861006313253016 0.009123450591622015 -0.16589848567467574 488.6146648966416
-0.20091698762233742 0.04545824086339364 0.9785529686339768 321.25443754700194 0.025462602064848332 0.9988275699837046 -0.041172094148019006 -29.58044947790683 -0.979277294733652 0.016644331709380178 -0.20183891161293657 488.44344272619077
-0.23276136236374093 0.0478989178838459 0.9713536131894138 321.96762743968554 0.03085194742155788 0.9986473734083319 -0.04185189272823575 -29.619717077864284 -0.9720443948353799 0.020226647032935252 -0.2339242980515956 488.25548779959223
-0.2616567174581703 0.04653929844434815 0.9640383062458259 322.6785327403511 0.031689481734356005 0.9987124990170898 -0.039612132667223056 -29.664532153412395 -0.9646406268431942 0.02018509369177393 -0.2627946404252388 488.0567237631565
-0.28627551483838576 0.043896982902906764 0.9571412562918999 323.39211394941736 0.03324063432248113 0.9988036423011547 -0.035865643111263605 -29.705329752988742 -0.9575705665035156 0.021548527048672928 -0.2873921904787528 487.8364341006828
-0.3068365721944656 0.04413057049778539 0.9507385606524478 324.1016317096903 0.0367456344587269 0.9987289792755979 -0.0344990478614514 -29.742599685039316 -0.9510526149021324 0.02434992202577094 -0.30806818236416783 487.5957357669578
-0.3245264250431136 0.04524165281900252 0.9447940475568941 324.80352826634703 0.04107439433961372 0.9985873026102887 -0.03370894829478156 -29.78178476967468 -0.9449843880077481 0.027867398797003524 -0.3259262408980257 487.34240970203325
-0.3412702034696623 0.044913062836712196 0.938891615156083 325.50106413930826 0.042541051034375235 0.9985723019648276 -0.032305057275210235 -29.822169229093046 -0.9390020805092362 0.02891668264669235 -0.3426936215689517 487.0802071768452
-0.35829131336228626 0.04559882016755712 0.9324956205626126 326.2010923658973 0.0461865042877183 0.998449287101975 -0.031077771915587263 -29.85602097028801 -0.9324666973092479 0.031933817261384854 -0.35984175650458816 486.799048902269
-0.3747650717401303 0.04489315155739395 0.9260322596685587 326.89694696144187 0.04803813940149305 0.9984255395914124 -0.0289616825208509 -29.892339955622806 -0.9258744397414079 0.03363103975259682 -0.3763316024448398 486.5097901725897
-0.39156138371551313 0.046178875357190174 0.918992488681782 327.586658768109 0.05230574996615982 0.9982420052491162 -0.027874853841763428 -29.92674360665504 -0.9186641341117427 0.03715387499262024 -0.3932884415664438 486.2003626076469
-0.40987964593666787 0.04672374454776157 0.9109421318296046 328.2801890583697 0.05381672227017901 0.9981861743714101 -0.026983730243648314 -29.959397884504003 -0.9105506225635861 0.03796383791456207 -0.41165071451398005 485.87875932462873
-0.4307855652248833 0.04541860149900048 0.9013106830786766 328.9627007565234 0.05212707726830705 0.9983175772964759 -0.025392571282913997 -29.98855412233143 -0.9009475925986759 0.0360439384469701 -0.4324283407593553 485.54586924370113
-0.45391453958197403 0.045839345668913484 0.8898653522554567 329.63720344752966 0.052209779285000694 0.9983282837792885 -0.024794692039038044 -30.02177782399001 -0.88951432237098 0.03520500241365056 -0.45554898540328104 485.1955012653041
-0.47803926249012535 0.04683077318602607 0.8770891301348418 330.3017793237873 0.05210183030386 0.9983311209552398 -0.02490727225613241 -30.056803933105986 -0.8767918012828885 0.03379129495968397 -0.47968144177992017 484.82313304281956
-0.5041250821746924 0.051258905148748694 0.8621081290449062 330.9508424353774 0.05549364911858372 0.9980967704719823 -0.026894082637293183 -30.08831964498522 -0.8618459006283374 0.0342835443959589 -0.5060101601290112 484.42789968112817
-0.5330098787871248 0.052110887454548116 0.8445027676236657 331.59094227346384 0.0559639653357486 0.9980872317416447 -0.026266183929122094 -30.11586304883756 -0.844256183690259 0.03326158810097346 -0.5349066863087133 484.01171846451575
-0.5632557282570174 0.05063082369031622 0.8247299583973497 332.21322368211264 0.05604544095857155 0.9981632361286935 -0.023001360586978496 -30.146462276818625 -0.8243797020387043 0.033266706081803564 -0.5650587873248691 483.57362424900157
-0.595238533062892 0.04922531554079338 0.8020398724920369 332.81758507086863 0.059908373500726045 0.9980625823969981 -0.016794892185773222 -30.174616231741112 -0.8013127201920861 0.03805193725611915 -0.5970343160400612 483.10020631058507
-0.6269768642281202 0.05146022814234966 0.7773363857701554 333.39854060342344 0.06617684391910217 0.997727415712244 -0.01267396011799372 -30.198547440408195 -0.7762220281926984 0.043495388901619234 -0.6289574819435082 482.59996644531316
-0.6586406127660955 0.05473808271977244 0.7504640467838967 333.9598440412025 0.07035680495643029 0.9974611762127055 -0.011005541544487546 -30.217377817090743 -0.7491611730538565 0.045551555939704634 -0.6608196369207329 482.0786571861464
-0.689694958356856 0.056431794075196565 0.7218977192335394 334.4964445139678 0.07202825007852452 0.9973606216406484 -0.009149950338841275 -30.238346562788557 -0.7205087061290552 0.04568635483415606 -0.6919392757852455 481.54019135959584
-0.719291255643339 0.0581883723469992 0.6922674359513327 335.006510106066 0.07396828761924229 0.9972362597014138 -0.006966689558890384 -30.25607377683705 -0.69075956886728 0.04619475793139262 -0.7216074156755576 480.9813095509116
-0.7474337465746629 0.06096548676500502 0.6615330709079217 335.4837373543471 0.07825435257036009 0.9969274255646348 -0.0034589681787966686 -30.268672538290257 -0.6597113389848323 0.04918249262262167 -0.7499080154487434 480.39462893539934
-0.7746048854755772 0.06224784602506708 0.629374671449848 335.93311094003207 0.08090224612029616 0.9967215484457898 0.0009906747784637312 -30.27921782462661 -0.6272496297089879 0.05168520609483228 -0.7771013714444721 479.8056020658586
-0.800190424886217 0.06438538965214725 0.5962799724288526 336.35339578318724 0.08473767713972802 0.9963844541201402 0.006127451400992635 -30.28965473904517 -0.5937295764852729 0.05543050772859268 -0.8027531680532792 479.20281893079
-0.8235337608696344 0.06669737331693318 0.5633325883530387 336.74537415394263 0.08761099002235942 0.9961031374924252 0.010141691429264098 -30.298134180819385 -0.5604609345308738 0.05770615106178989 -0.826167985941371 478.5931020824718
-0.8439968687775844 0.0694097191873675 0.531837923032911 337.10368260113734 0.08974903623115792 0.9958865394378069 0.012454359163169629 -30.299092802485106 -0.5287857751388682 0.05824338115973181 -0.8467545763453992 477.983434756082
-0.8619708699758131 0.0731706781866739 0.501649550151138 337.4391899219437 0.09183717266296754 0.9956947072654968 0.012569154336965772 -30.30308074659808 -0.4985701084405424 0.056904321252225415 -0.8649796212584534 477.36722178704554
-0.8776714373035123 0.07771108885172681 0.4729205375230211 337.7564095642533 0.0946926440563389 0.9954322301269085 0.012164636705912113 -30.305319457231587 -0.4698150181754606 0.05545865030855355 -0.8810211046295958 476.74198177322137
-0.8912969915633299 0.08215165559459231 0.4459156627807801 338.0551765666419 0.09767461684996451 0.9951473168138937 0.011894833387595949 -30.308163285653514 -0.4427745950857748 0.054156470723022695 -0.8949959411223398 476.1085983880685
-0.9035021724298644 0.08466714287806945 0.4201372386868099 338.3341486261603 0.09958369268811265 0.9949355304347547 0.01365204853166182 -30.30633170802406 -0.41685358648465104 0.054173473170694625 -0.9073578799126151 475.4582191447556
-0.9150319806797734 0.08519780624970348 0.39428138193869366 338.5944603401984 0.10004345776840816 0.9948342323322862 0.01720920502433551 -30.301792667235198 -0.3907784294085236 0.05519224574219606 -0.9188286211905617 474.80015608508484
-0.9256256814329925 0.08725193554853779 0.36824475232478104 338.833945520479 0.10195957497105786 0.9945745527271854 0.020632598945319415 -30.29402134792238 -0.36444662564418134 0.05664414189085281 -0.9294999183679508 474.126254793952
-0.9352182614229653 0.09078231813795694 0.3422358458935916 339.0544050780872 0.10541188896883373 0.9941304647356175 0.024350621112526033 -30.282001883778147 -0.3380164746946939 0.05884887252991688 -0.9392985004975454 473.4435449344993
-0.9446080793504437 0.0918076777635553 0.3150982810640616 339.26136676717266 0.1060847839289915 0.9939507616748701 0.02842361667140912 -30.26761092333467 -0.3105826702258275 0.06027631101525142 -0.9486333176131838 472.75611686713444
-0.9535245550938679 0.094600231965808 0.2860799170599954 339.45306490755684 0.10856495993047986 0.9935309151102838 0.03331621520241643 -30.253395682864497 -0.2810775201049245 0.0628260840108299 -0.957626394195324 472.0593771964936
-0.9617809167231602 0.0959816140388075 0.25644687167844427 339.6221432413657 0.10861739442852505 0.9934482259139583 0.03553708001462248 -30.24141058822161 -0.2513557834121096 0.062033476405187644 -0.9659048182664688 471.36316373051176
-0.9691359109087597 0.09993956665194476 0.2253611972023301 339.76740412775547 0.11058038543740828 0.9932483699392824 0.035066422250797764 -30.228464992996486 -0.22033511872500489 0.05890465711960833 -0.9736440195605721 470.65378136303013
-0.9759636025173941 0.10227707560452763 0.1924433588541133 339.8898341387203 0.11080464249672857 0.993258560208696 0.03405530462819728 -30.208067536507325 -0.1876629365709726 0.05456035536846316 -0.9807169774504948 469.9437516040769
-0.9815356120675495 0.10540845998562118 0.1596148451950456 339.98879348419933 0.11258314932281718 0.9929691394439484 0.03656942165935135 -30.181917226395324 -0.1546378890561303 0.05386413162210069 -0.9865017884387585 469.2306723541126
-0.9860323013803763 0.10794986144230084 0.12683504267001466 340.06306717451963 0.11427251562773398 0.9924897179457458 0.043657209531552395 -30.157330527976164 -0.12116968600531462 0.057541178181896295 -0.9909626229110866 468.513667670821
-0.9894309659442337 0.1104602825396967 0.09394088360191703 340.1117004027857 0.11575739890029597 0.9918663385088563 0.0529281695590503 -30.13468564194547 -0.08733033969072199 0.06324312226862558 -0.9941698643869801 467.78731093528097
-0.9922962458121892 0.1082074106407623 0.06032675052955175 340.14617130680676 0.1116872038285105 0.9920701508915168 0.057643596444450634 -30.109295138609138 -0.05361090418937561 0.06393725042964783 -0.9965128694399796 467.0663385658367
-0.9936354581897918 0.10959707150656488 0.026020340988258322 340.15507140095275 0.11098329391353984 0.9920268793416404 0.05971079580600574 -30.0768709157091 -0.019268749312325768 0.06221858710120888 -0.9978765267903016 466.3444697549819
-0.9939698506009585 0.10939424075638056 -0.007538977758367963 340.138822843614 0.10875343463611686 0.9922684954964915 0.059799024239327855 -30.04173429922776 0.014022358972507936 0.05861853746438084 -0.9981819676363576 465.61957199833813
-0.9930319650235574 0.11053280601019792 -0.04086581991055753 340.0935968556682 0.10793429182255718 0.992278365613082 0.061105104410292606 -30.00486838728189 0.04730438764229948 0.056268498573729175 -0.9972944153949987 464.8824732826498
-0.9909664911748259 0.11262305717285183 -0.07281112800727615 340.0263377175913 0.10809009783834486 0.9921130977329878 0.06346756696101674 -29.96686091470747 0.07938478517920156 0.0550240701847362 -0.9953242725777183 464.1393527592606
-0.988084765767784 0.11475409045658519 -0.10256702384832517 339.93371522676347 0.10843650791846293 0.9919629602616563 0.06519976395187356 -29.92630708867197 0.1092246282120913 0.05330088359880057 -0.992587022078933 463.3979343329206
-0.9843470557718793 0.11761702712713129 -0.13125208083305043 339.8185865040182 0.1096230091411107 0.99174095878881 0.06657827368969069 -29.88368600598484 0.13799880311103133 0.05114787962787098 -0.989110825312059 462.64366235261303
-0.980398556307115 0.11850060003139991 -0.15740482388770707 339.6848661661045 0.10894345859459417 0.9917161434508401 0.06804714283818412 -29.839730812142086 0.16416453216322044 0.049565094685580804 -0.9851869405186242 461.88282013492733
-0.9761030108255214 0.12052874651953883 -0.18081961597066382 339.5325999829304 0.10965420662437537 0.9915710159633386 0.0690135875825248 -29.793579565471013 0.1876136115182678 0.047536739095786734 -0.9810919382041718 461.1165856180055
-0.9720371129882346 0.12072926268048086 -0.2014157295399823 339.3684041093208 0.10875034843802531 0.9916326453055845 0.06955615342194037 -29.750199385906754 0.20812787580740602 0.04570713179445831 -0.9770330830709 460.34831368341264
-0.9683314858236651 0.11875317743484437 -0.21961743193940444 339.19238303221687 0.10613408486441073 0.991994070646309 0.06843478525252675 -29.705498040769672 0.22598603849026536 0.04295866212644278 -0.9731828521689998 459.57901000782573
-0.9645646664289234 0.11803848665866662 -0.23597016748773433 338.9991805122515 0.10499957079449217 0.9922042984239741 0.06712466254635141 -29.66005863480557 0.2420539080655982 0.03996931143165974 -0.9694391985750612 458.79977652703474
-0.9609000052778974 0.11770815801712409 -0.2506311421055855 338.79283026752984 0.1038206283344042 0.9922703503303869 0.06797667973254094 -29.613074725651924 0.2566952609402499 0.03929810926020209 -0.9656931197949984 458.01491382463024
-0.957562116596878 0.1152086594679413 -0.2642002226382568 338.57729130629485 0.100256141547981 0.9925352436345705 0.06944419504303416 -29.567575771223492 0.27022860496330636 0.04000943547294582 -0.9619645243628939 457.2255867269446
-0.9540889014212407 0.11439298391464726 -0.27681873747257557 338.34988485586763 0.09830048905133554 0.9925937769997049 0.07137652074547114 -29.522559377263075 0.28293352936171184 0.040888128993190304 -0.9582675925180654 456.4289136990267
-0.9511127153622706 0.11489101568695902 -0.28667866539145276 338.10869572187454 0.09760918514395793 0.992476355298875 0.0739129971533693 -29.47236273168467 0.2930137362850708 0.04231712049608857 -0.9551712996427342 455.6266248762635
-0.9485661377527519 0.11749013333686727 -0.2939699829528685 337.8560057216455 0.09938046917789053 0.9921539241582066 0.07585587072504138 -29.417658375853456 0.30057578853727707 0.042739435489452804 -0.9527998404697833 454.8159531591641
-0.9468606315960756 0.11977324745624152 -0.29851183146948196 337.5959076095891 0.10142455012425924 0.9919146666961837 0.07627813989007987 -29.365924939382182 0.3052343443414731 0.04194833949973476 -0.9513528955375359 453.9973438340286
-0.9458487172580401 0.11998718640337064 -0.3016177699677527 337.33420306694205 0.10221625881297745 0.991999435519504 0.07408749127392404 -29.31363704112728 0.3080942071763029 0.0392453185486912 -0.9505460349064767 453.1716355458203
-0.9451389106831676 0.11861394538206861 -0.30437340796057144 337.0748810863956 0.10196447007884561 0.9923161636981156 0.07008479225191928 -29.259441750721788 0.31034768623943676 0.035204590955643926 -0.9499710260957868 452.341926219996
-0.9444089472590265 0.11954631678355472 -0.30626853981527524 336.80530004601786 0.10352456284842075 0.9922931454317907 0.06809536266241883 -29.20686810087318 0.3120487225164319 0.03260355306663684 -0.949506505034748 451.50064773403454
-0.9435893564442682 0.12193861196533787 -0.3078475293340126 336.534152082189 0.10519221626804676 0.9919507874336103 0.07048569320406162 -29.155279783898287 0.3139645267250814 0.03412638600566206 -0.948821197980155 450.6549794876836
-0.9430291321228059 0.1237462769696604 -0.30884124547063485 336.2599674208953 0.10579553558323188 0.9916099280826284 0.0742768818585026 -29.104632875225985 0.3154415328049889 0.037371238461054494 -0.9482088535325615 449.79865126985624
-0.942519504288384 0.12495687934340095 -0.3099076674442484 335.9811956890748 0.10621863444824502 0.9913809984796279 0.07668974865968936 -29.05284057081687 0.31681948445751434 0.03936361464976307 -0.9476686763367185 448.9355152591516
-0.9419325561847876 0.12629956422094435 -0.31114543171447817 335.69570613774414 0.1074992961312847 0.9912248890869461 0.07692282226914271 -28.998538284515742 0.31813041497232974 0.03900819570515143 -0.9472441077870952 448.0635890048308
-0.9411512540267781 0.12751225160932247 -0.31300949304029296 335.4071656455479 0.10915119368135087 0.9911480293964462 0.07557513308938293 -28.94269238357867 0.31987549759516676 0.036962271481371774 -0.9467383252647956 447.18429708594937
-0.9407735868119141 0.12566570756830556 -0.3148859925407933 335.1203558444611 0.10744804820802144 0.9914053673187126 0.07463454018037104 -28.887387880888483 0.3215586653992224 0.036380318758992544 -0.9461905184019089 446.29664873834867
-0.9403535468060213 0.1240056533396108 -0.3167930001580678 334.83069406421487 0.10604242071178854 0.991648830980759 0.07340027945504227 -28.83252701823081 0.32324945787876624 0.03542871652079143 -0.9456503550608867 445.4008298250744
-0.9396867399983683 0.12504846637294234 -0.3183578359786544 334.5297597647472 0.10713749101687656 0.9915432581039874 0.07323609306303992 -28.775890552406196 0.3248236270498875 0.034710925748310605 -0.9451374307178076 444.49146994136106
-0.9390331409406453 0.12618445912460555 -0.31983471120341966 334.22611286955265 0.10796716113238412 0.9913860246552528 0.07414069216879542 -28.71965344651963 0.32643506602716105 0.035088921238549176 -0.9445681104473966 443.5836105388968
-0.9384059419321173 0.1268216475833444 -0.3214195978012848 333.91732997000287 0.10832379329630994 0.9912920913828083 0.07487286135707724 -28.665024234645237 0.3281162049524392 0.035443747913332345 -0.9439721906822641 442.6623385347642
-0.9376099957594695 0.12789763394253362 -0.3233105180531985 333.60406032676855 0.1095939088979695 0.9911971025202914 0.07427973537811 -28.60865226072204 0.3299646511134012 0.03421255891160755 -0.9433731127334184 441.7347336584453
-0.9369551237492224 0.1287793566963394 -0.32485531143719143 333.28576548464054 0.11032925284914959 0.9910859843760741 0.0746728032087751 -28.550185969481362 0.33157586167546216 0.034124021776236975 -0.942811221343911 440.7986593768289
-0.9362729916965291 0.12966475181707895 -0.3264658284657753 332.9677531725138 0.11079420190096732 0.9909459524313546 0.07583379316006367 -28.49424465226099 0.33334296129475505 0.03483061148086584 -0.9421620341847362 439.86306197691624
-0.935666656115534 0.12999633158159477 -0.32806838069052224 332.6434466905682 0.11101255356917022 0.9909063838310611 0.07603125300099968 -28.43580660053907 0.33496883673503813 0.03472019956996292 -0.9415892874062473 438.9196077494493
-0.9352352263563835 0.1289567232625023 -0.32970476931267 332.32285570744165 0.1095972835346677 0.9910100793126769 0.07672977350744467 -28.37793643306626 0.33663556975450976 0.03562564000941703 -0.940960842410556 437.9769377330481
-0.9346446404463506 0.12893141262312396 -0.3313851036542168 331.9942455967083 0.10910832153612038 0.9909784634281846 0.07782711091313176 -28.318032732715732 0.33842986017265075 0.036583819654598296 -0.9402801996655079 437.0267939150044
-0.9343219067737853 0.12762859630138265 -0.33279650828807533 331.66650099811767 0.10677935629476858 0.9910361427742905 0.08028407553388683 -28.259171678982828 0.3400599117683093 0.03947537360424534 -0.9395748779564843 436.0755141189185
-0.9337093306966492 0.12654760135098994 -0.3349217675253792 331.3370875796511 0.10656339803940007 0.9912835799435182 0.07746680794158739 -28.199085907630817 0.34180568744289314 0.036641079769479924 -0.939056070373343 435.1265957719681
-0.933068588286775 0.12654347015325143 -0.33670426150272514 331.00405665833625 0.10671742629962659 0.9913163526090046 0.07683280532405001 -28.136783578326863 0.3435031302281032 0.03575806498613759 -0.9384705431242629 434.1794818983102
-0.9325866241949632 0.12719166564738094 -0.337793529485816 330.66948985457634 0.10738204817976796 0.991248733056489 0.07677919602746278 -28.07998661310365 0.3446030819672932 0.03533029017359599 -0.938083411267303 433.23411675684156
-0.932159978365101 0.12969035607294005 -0.3380209849640192 330.32688503913135 0.10859316780471918 0.9908067902784826 0.08068102778341138 -28.021005126619006 0.34537703838053097 0.03850085557134562 -0.9376739227896738 432.27381547401916
-0.9324681513372075 0.1293432136153073 -0.3373032461056858 329.99009676947145 0.1085851835146332 0.9908802977195232 0.07978404296827253 -27.9636138901489 0.3445466654357001 0.03776994417436701 -0.9380090759977818 431.31733583727623
-0.933336352751703 0.12820309592217602 -0.3353315058686184 329.65719761353665 0.10763557754148473 0.9910227046473811 0.07930057579047883 -27.903696020860544 0.3424877152241462 0.03792050987737193 -0.9387567309219104 430.36075289444597
-0.934730045877608 0.12444435411943362 -0.332856341476979 329.32970638363224 0.10469804334075228 0.9915425533426646 0.07669214191381125 -27.846399084530976 0.3395851307908801 0.03683704166334878 -0.9398536967567033 429.4054515791978
-0.9363112702918511 0.12041221580576446 -0.3298819537489189 329.0070343789123 0.10107397108853336 0.9920307454906905 0.07522667325876106 -27.79415965599684 0.33631125091624736 0.03709310294289445 -0.941020108298024 428.4437516075398
-0.9376715774888585 0.11934836826155733 -0.32638624321937476 328.6798988056468 0.10120746421583797 0.992251121058553 0.07207469698199151 -27.738456136225825 0.3324591132102592 0.03454967078496976 -0.9424846196581175 427.4792007586928
-0.9398015663072541 0.1149564301426879 -0.3218043429403635 328.36077963614184 0.09777309897188474 0.9928057641953472 0.06911682644572166 -27.689020628606492 0.32743463024527925 0.03349229387998634 -0.9442800586514586 426.5182931239574
-0.9418623972045305 0.11093383348557054 -0.3171575465290534 328.05138472444105 0.0954300995258798 0.9933728430275451 0.06405849545418896 -27.645926614102937 0.322161948151256 0.030067911859147454 -0.9462069540221241 425.56074753913975
-0.9440262614043003 0.10748151064881091 -0.3118687907560912 327.74349900298597 0.09348116963377989 0.9938387777393164 0.059546240733766076 -27.601024656358362 0.3163474177275932 0.027059355688426587 -0.948257403117328 424.5935937731543
-0.9465464156704808 0.10239477643899045 -0.3058842799807996 327.4478468006263 0.08876167682241738 0.9943516990109587 0.05818989088917412 -27.561099630407593 0.31011489436825607 0.027928631044691416 -0.9502887686692623 423.6252186108021
-0.9492556443395789 0.09709173823815145 -0.29914363783196685 327.15855498804945 0.08338889183963112 0.99481207875756 0.058268522169535805 -27.522924079182086 0.3032490963007241 0.03036646709707487 -0.9524273532762717 422.6471528884576
-0.9519969583975788 0.09537366204680078 -0.29087051378498147 326.87559830141004 0.0813746073359647 0.9948831991203376 0.05987982455719934 -27.482805898307966 0.29509314543491666 0.033335937002972056 -0.9548867738226708 421.6708671790952
-0.9551415755926671 0.09470625897703262 -0.2805981024257481 326.6013515690195 0.08039196025884242 0.9948257836913219 0.062119182453481296 -27.443338523691907 0.2850293025288715 0.036774782304229967 -0.9578130882830894 420.6920741291179
-0.9585602121368109 0.09689817754324496 -0.26790495123649444 326.33415934753725 0.08235045114837257 0.9944786720614283 0.06504286287210176 -27.40108773253794 0.27272829501885026 0.040285406833460116 -0.9612472954928827 419.70648504112046
-0.9622265531471552 0.0998622443256372 -0.2532737502718948 326.080791146848 0.0860779479666086 0.994168203541168 0.06496283507965066 -27.359548982076994 0.2582840438207518 0.04070768018414819 -0.9652109808128133 418.72593764499476
-0.9660257180455067 0.09998569528204507 -0.23832157437720153 325.84610575368373 0.08740291904019787 0.9941903174206779 0.06281992112559283 -27.31902515813831 0.24321809516956885 0.03985565814209069 -0.9691524568901198 417.74292717335226
-0.9694529205865735 0.09916819362576448 -0.2243361409562991 325.6290881005327 0.0884852195383631 0.9944332916363126 0.05720834212435599 -27.281750651305504 0.22876057503295494 0.03561036167146632 -0.9728311782895463 416.7615228357886
-0.9729300005650039 0.09584134210672203 -0.21028944610646233 325.4312667847085 0.08657967745243837 0.9948427970803986 0.05283718907627259 -27.245360016309803 0.2142689278752547 0.033200093982282464 -0.9762103156117358 415.78102032301274
-0.9757763451335603 0.09493857115295626 -0.19709691013616926 325.24368709286176 0.08673472929083707 0.9949826228440853 0.04986649148627453 -27.215495894706766 0.20084225405186598 0.03156339566239044 -0.9791149784584205 414.7987987481002
-0.9782841042995146 0.09567907478058131 -0.1838633349094579 325.0668607398146 0.0878555401730906 0.9948647321757267 0.050255036899947515 -27.185297421045867 0.187727502875282 0.0330102911537087 -0.9816662902138212 413.8148276141225
-0.9806225509444088 0.09750750412500593 -0.1699167420197072 324.8967145761658 0.09001239304139803 0.9946191898639606 0.05128777879105543 -27.15569753080283 0.17400339559399328 0.03499933990336638 -0.9841228909684484 412.8231862158545
-0.9828649544917204 0.09878499279592699 -0.15562135595828808 324.7424635645252 0.09176172261661507 0.9944378043972859 0.051703379463411164 -27.129851143440515 0.15986327750430385 0.03653735600470861 -0.9864627484714132 411.8300858208487
-0.984852014132248 0.09950146070469623 -0.14200693496194158 324.6047144981323 0.09325830018225355 0.9943867593813128 0.04997861757040013 -27.099895788872647 0.1461827613187313 0.03597821680911223 -0.9886031398941006 410.8338996708099
-0.987022839326608 0.09632698317206127 -0.12847967528216195 324.4858296829979 0.09058066996352962 0.9946403844905557 0.04985627111445633 -27.069196836434074 0.1325935778105324 0.03757150320987365 -0.9904581390800723 409.838244142069
-0.9889849743666759 0.09272169797089956 -0.11537507184109702 324.3814582029765 0.08727386658855193 0.9948565519773185 0.05141705163158586 -27.039834274330047 0.11954912248790439 0.040781462862370284 -0.9919903626543879 408.8305216978653
-0.9907372198013464 0.08920795598083618 -0.10238018309233216 324.2836323030339 0.08414958838845171 0.9950577900219398 0.052714716073477566 -27.007093627265746 0.10657677080091978 0.04361118097890121 -0.993347601204775 407.8152967059047
-0.9920286522803894 0.08846288501873625 -0.0897411334278542 324.20124539912456 0.08400876386862353 0.9950937380594495 0.052258779818684174 -26.975898454118788 0.09392380235073204 0.04430316522590441 -0.9945931574784503 406.8093287369018
-0.9932818895851417 0.08653058818394108 -0.0768345308485106 324.13456568256817 0.08273829132321024 0.9952529035967219 0.05124483419047988 -26.945529819510085 0.08090403556735984 0.04454340793917167 -0.9957260777131864 405.806749719846
-0.9942706656507654 0.08558515339317038 -0.0640392453504193 324.08090531675884 0.0824908005590652 0.9953617067873843 0.049500913975699834 -26.916095908782605 0.06797875586907877 0.04393465807278663 -0.9967189345901515 404.8049806703529
-0.9949487719952977 0.08642174842858606 -0.051070759771075704 324.03959692190153 0.08390485892395484 0.9952420689512205 0.04952977729250289 -26.888143245948367 0.05510821857036964 0.044994506200645816 -0.9974660789509422 403.8081764162294
-0.9955273681118426 0.08644685355664213 -0.038107753154232454 324.0069872401451 0.08447551541963046 0.9951390227493235 0.05061830396317588 -26.856516998642892 0.04229830534306246 0.04717273483355869 -0.997990774733632 402.80313466836174
-0.9961071838658346 0.08446187782827512 -0.02523230953752792 323.99003179207995 0.08304529999784213 0.9951502905113572 0.05271980124610964 -26.825268390413388 0.029562753578520066 0.050419148038047173 -0.9982905153871695 401.79476452759565
-0.996312383422586 0.08485825312022854 -0.01267720458891052 323.98690195080826 0.08409049738646489 0.9950916394345949 0.05216720595035384 -26.794477397109354 0.017041798264933718 0.05090880085754327 -0.9985578957212004 400.7976668453467
-0.9962109496543651 0.0869696680901086 -0.00014360029466757863 323.98673030381644 0.08684790805522527 0.9949008969813096 0.05128007461204166 -26.762322436690702 0.004602679130613534 0.051073300442421504 -0.998684301131617 399.794455836729
-0.9960356353672948 0.0881724095959158 0.011774517591814394 324.0023637412404 0.08863790084412398 0.994919396231335 0.04773591453636592 -26.734781087260437 -0.007505705324430451 0.04859034048785951 -0.9987905902634767 398.78760282409917
-0.9957549036677731 0.0889825166518526 0.023543227303995617 324.03162054581816 0.08995699955711188 0.9949641908834831 0.044204039297985984 -26.70748095968989 -0.019491281442397108 0.046134266981051754 -0.998745072257111 397.7824088231935
-0.9953651482479658 0.08929003117641297 0.03571431065863035 324.0716640366092 0.09074356808805172 0.9950138623879815 0.04138862774241271 -26.68096170082891 -0.03184064232950247 0.044437641569576476 -0.9985046166682388 396.77657152611783
-0.9950321870111776 0.08748648927915838 0.047508536131542455 324.1284206418281 0.08941528414074339 0.9951863262020645 0.04011337809843407 -26.658269102966116 -0.04377046691303177 0.044162091595004484 -0.9980650559418347 395.7610558179
-0.9945078570504391 0.08678193255588303 0.05850656755280446 324.19383416576693 0.0891426407479907 0.9952542230585549 0.039020777601002275 -26.63848629258033 -0.05484260994354447 0.04402189984517296 -0.9975241152316116 394.7500396664439
-0.993942880799707 0.08581927777456144 0.06864838869072928 324.2703944685287 0.08843858528559784 0.9954284386444933 0.03606716194086273 -26.62011678084214 -0.0652393005807335 0.041919865219715295 -0.9969887454528786 393.7423475428609
-0.9932765164523343 0.08542326604611267 0.07813211556288853 324.3554455586714 0.08820048630972942 0.9955623389967839 0.032807063050199946 -26.603658273225104 -0.07498290524543111 0.03947777589059014 -0.9964030655972984 392.7346028798839
-0.992542602362198 0.08458006960014827 0.08778037549766794 324.45017324096796 0.08758048630615138 0.9956779285627634 0.03090503181267744 -26.58952441911174 -0.08478703270227213 0.0383624086756644 -0.9956603259576795 391.73256191246406
-0.9917679323408312 0.08357702261097137 0.09701159555372502 324.5565482818156 0.08680213049538206 0.9957884917874972 0.029507113804039753 -26.578604475471504 -0.0941369137047614 0.03768502242359846 -0.9948457571719759 390.73132660447567
-0.9908816536775981 0.08338002559317924 0.10583628743125578 324.669105434243 0.08693628499066088 0.9957788637234217 0.02943699906093778 -26.566575392121116 -0.10293508030391763 0.03836959595528577 -0.993947756850963 389.7292105812687
-0.990023503888275 0.08191644671767057 0.11464361083783067 324.79050405438693 0.08601716192380537 0.9958023948966468 0.03128319313427809 -26.555445252370788 -0.11159977420837196 0.040832414516579714 -0.9929139964374527 388.7335001726756
-0.9892159575058993 0.07915654431317369 0.12323161488873574 324.92335070169673 0.08381305860645437 0.9959327768119228 0.03306471349828133 -26.54844907225616 -0.12011311594793073 0.04303656078369893 -0.9918269475131218 387.7460441712556
-0.9881317794427632 0.07893772427230657 0.1317741330534545 325.0594695611147 0.08383693872138008 0.9959640732083788 0.03204578886534381 -26.53913083491455 -0.12871268065388414 0.04271300229302542 -0.9907616490730826 386.7637963215845
-0.9869932293397566 0.07831183130820128 0.14039808515302515 325.20118706711025 0.08336455727315156 0.9960532701988246 0.03046692496590724 -26.522968914877584 -0.13745805115791782 0.04177487287093372 -0.9896262648942232 385.769236629445
-0.9859503973627206 0.07658915506204185 0.14844499071096087 325.3512304937821 0.08193683101326094 0.9961786074620079 0.030241325343951266 -26.50874847340281 -0.14556156657510994 0.04197955885829386 -0.9884581665271777 384.77565285885953
-0.9849561239916473 0.0746484955023724 0.1558494014444215 325.51237938098893 0.08036896977216687 0.9962915708021431 0.030723519433133742 -26.502742163457068 -0.15297798047141897 0.04278677444993919 -0.987302906621399 383.8074558055707
-0.9838254148163077 0.07367440351824024 0.16327778608173518 325.6763577867738 0.07979489085474384 0.9963216459888546 0.031240248519150436 -26.493566104827515 -0.16037558590696432 0.0437636835777147 -0.9860853976429801 382.8444668928446
-0.9827528448613055 0.07265455430574243 0.17005340824472148 325.8470298686428 0.07924999482434784 0.9963308761305344 0.032314448615164484 -26.491456090019124 -0.16708166936368007 0.045233848029934964 -0.9849048759931373 381.9087310708462
-0.9815608935579775 0.07229949262596838 0.17694913281418986 326.0165217808046 0.07962743786358806 0.9962219845345517 0.0346587459282565 -26.494489698274958 -0.17377480650815877 0.04810967570111675 -0.9836095646784816 380.99340458284115
-0.9803665853238412 0.07121762640562751 0.1838733479045338 326.19892986150336 0.07883229938167345 0.9962931211207223 0.034430878317680984 -26.488694067921816 -0.18073966624588214 0.04825004141632709 -0.9823467343808174 380.0614907286238
-0.9791262728885274 0.07119983741480235 0.19037417075729673 326.39020175485217 0.07875816323008436 0.9963662512522632 0.03242599405006089 -26.47938532267157 -0.18737367334833227 0.046742662714237514 -0.9811759424376149 379.1183516848862
-0.9777328797824901 0.07159071040445086 0.1972642541770462 326.5823442022323 0.07873302669797552 0.9964855440521935 0.028594947140693272 -26.472961353903248 -0.19452384506588813 0.04348943180577642 -0.9799332339613752 378.1931458212652
-0.9763637306437627 0.07126174227427105 0.20404810602265105 326.7812557080572 0.07790009627085882 0.9966557046914056 0.024677546617678032 -26.468774590982864 -0.2016071439319257 0.039989628581823096 -0.9786497785834859 377.2751191194256
-0.9748904433240121 0.07165467800528418 0.21084171939033397 326.98333780328096 0.07793056454599136 0.9967248125415774 0.021598036334343686 -26.465257990974926 -0.20860357289619472 0.03748673343885332 -0.977281583880016 376.3590222406551
-0.9732816123154465 0.07282563199064916 0.2177597999030337 327.1885642815967 0.07879215889820218 0.9967131880874975 0.018831260940707154 -26.46474354080693 -0.2156726659194644 0.03548588476590557 -0.9758207074855393 375.4558531161461
-0.9716001064011164 0.0732835764458214 0.2249950014214774 327.39778040285614 0.07890580261964786 0.996752280422249 0.01608619861853992 -26.46689102645518 -0.22308542658428432 0.03338276346193403 -0.9742271211321101 374.56871645818336
-0.9696111582013396 0.07619932377628565 0.23248196692968598 327.60516446179224 0.08108548825845936 0.9966405805039306 0.011519413469224093 -26.47227738527199 -0.23082319096084752 0.030020265635475756 -0.9725324869462378 373.6953082341076
-0.9677819222309326 0.0767735337621349 0.23979986554766344 327.8204835950859 0.08041720322771485 0.9967464913700643 0.005431884249348402 -26.486597068119217 -0.23860264966684136 0.024540913901896142 -0.9708071482621194 372.8548542142319
-0.9661534539204725 0.07783890426727766 0.24594431983685539 328.038028557747 0.07910931931920132 0.9968547438265488 -0.004726024477099195 -26.506593191451106 -0.24553863051340508 0.014890422860856145 -0.9692724365381659 372.02721731262267
-0.9646471074153639 0.07866984337048898 0.25152934997577586 328.2531501269785 0.07708622338732435 0.9968934759388103 -0.016158954004385565 -26.532702914542753 -0.2520191903785407 0.003801759421513334 -0.9677147690855256 371.23736840322556
-0.9634395532539323 0.0776840991943955 0.2564164736482834 328.4635156097822 0.07370937627267811 0.9969640781297393 -0.025090930002920536 -26.564149720398422 -0.25758717956327004 -0.005273296054084264 -0.9662406725414595 370.4750797467965
-0.962358730874389 0.07726865670744985 0.2605671272445236 328.672835578141 0.07138254762484475 0.9969358016301638 -0.03199280110602096 -26.601965224863598 -0.26224073864376285 -0.012188606099505294 -0.9649255063873746 369.72204924087555
-0.9613086664320272 0.07883824407319573 0.2639510922768361 328.8759751597178 0.0712441962210109 0.9967257742958974 -0.03823604790071579 -26.647923961820855 -0.26610131970267237 -0.017951660806146543 -0.9637778922172907 368.99409979649715
-0.9605319207359841 0.08096281669181228 0.2661267584452399 329.0716001542529 0.07115448715365404 0.9963896891480243 -0.046310110315179225 -26.6932815242032 -0.26891535509365333 -0.025546226195498407 -0.9628249696191045 368.2952251411715
-0.9601487405485378 0.08263292808977026 0.26699474754827973 329.26393856968434 0.07078187594585733 0.9960438295757101 -0.05372723333412154 -26.740152462785524 -0.2703781094331532 -0.0326877463197558 -0.9621991421633547 367.618796131644
-0.9598490641997254 0.08534410202987651 0.267219307318217 329.45178302500494 0.0725591807595423 0.9957123155367145 -0.05737726009508051 -26.78870664365138 -0.2709703659856921 -0.035684295386464504 -0.9619260324060046 366.9458637311005
-0.9597297426081322 0.08845467021584094 0.26663569241633267 329.63278986618 0.076387522043928 0.9955426508139774 -0.055315250033491026 -26.837683011777774 -0.27034009622939936 -0.03272005084479561 -0.9622087250921181 366.27497088731053
-0.9602996672281903 0.09225718906031984 0.2632739261455971 329.8111649215943 0.08186069700706844 0.9953780201170711 -0.05021377652932087 -26.88573077186398 -0.2666896612299546 -0.026668485793310902 -0.9634134192850701 365.6057272886276
-0.9618873112867602 0.09498570047187421 0.2564186363964146 329.9823838903597 0.08534297968993708 0.9951704385262362 -0.048501279376340044 -26.935262024460563 -0.25978717482426705 -0.0247692347351745 -0.9653481800922741 364.9452018806665
-0.9644624572529942 0.09632721990612503 0.24603502851154233 330.14306897343977 0.08669498190363917 0.9949938097537676 -0.04971215811460294 -26.98104140063361 -0.2495919643382937 -0.026615507826089187 -0.967985261293227 364.2964088088251
-0.968027394091483 0.09724982084164019 0.23122594282373155 330.2933348716224 0.0881596894898453 0.9948830876896785 -0.049350896426569264 -27.021707978227518 -0.2348421457862932 -0.027388212342552995 -0.9716475968102708 363.64461369489146
-0.9722562607341108 0.09914187978505985 0.2118694200115049 330.4237320928343 0.09141431749552352 0.9947505187675452 -0.04598725876292244 -27.053653643239137 -0.21531647874734539 -0.025343501817726165 -0.9762154070160257 362.99103762771125
-0.9767662541155099 0.10315905960136304 0.18784539718427842 330.526745535997 0.09799349147432375 0.9945135720343206 -0.03660642932885789 -27.08387847062269 -0.19059108176887493 -0.017348298524623443 -0.9815162128505451 362.3268756802028
-0.9817478297653 0.1041489693327991 0.1591357625992389 330.6111687976999 0.10138464733310817 0.9945226284911857 -0.025414458564471974 -27.114762519273313 -0.160911006572789 -0.008816666371120753 -0.9869295386996166 361.6722035079629
-0.9862247029536386 0.1064905138382145 0.12657253156385326 330.6721528382595 0.10537315564147011 0.9943117881488476 -0.015510190791893138 -27.13897928825594 -0.12750424837694255 -0.0019591862380755726 -0.9918360893994134 361.0164716621392
-0.9901526372180981 0.10730255364743536 0.08991060555233275 330.7080908589592 0.10703338674556741 0.9942246428640684 -0.007823914850693704 -27.157018275629124 -0.09023086573796335 0.0018765666938274886 -0.9959191078424127 360.367723276129
-0.9928305983026393 0.1085060370294575 0.050138238921879685 330.7215968142121 0.10866239296935494 0.9940786327823976 0.0003952210190857042 -27.16576943750307 -0.049798468131051266 0.005840528541362056 -0.9987422093804607 359.71255435920466
-0.9938912211601819 0.11001063238420436 0.008826169222918127 330.70661530866886 0.11009088524070303 0.9938790486436797 0.00918877870307192 -27.168212240627952 -0.007761281314482133 0.010104327269202858 -0.9999188292470544 359.0647853025507
-0.993029823121087 0.11309534769711954 -0.03318452532991887 330.6584940625332 0.11257011972554798 0.993493230529691 0.01729650359626675 -27.16655893507193 0.034924755361776194 0.013440357917390308 -0.9992995638155647 358.42563324148546
-0.9903850664744622 0.11509036551192278 -0.0767569402120004 330.5851714260499 0.11356469952880026 0.9932414490687301 0.023968372343235775 -27.16426818952289 0.07899670325595455 0.015021039184515061 -0.9967617013391482 357.7942441907659
-0.9860493554838085 0.11382284130921404 -0.12145381569248906 330.4859856667033 0.11090673390515508 0.9933618334628213 0.03052808860500371 -27.155138296932932 0.12412237882210403 0.016632156074344616 -0.9921275152216403 357.172313513006
-0.9798517113164995 0.11039013269589737 -0.1664471160264157 330.3642865438324 0.10568216922399588 0.9937147388705498 0.03690930586650503 -27.13848733509955 0.16947537561025935 0.018575154234050057 -0.9853593561269657 356.5507792210694
-0.9710669181418382 0.11218342040302848 -0.21081726845111973 330.2099340804565 0.10501385661409346 0.9934549177855937 0.04493791546851939 -27.114942046036013 0.21447874115992788 0.021498988680833574 -0.9764920189515939 355.9276839837972
-0.9603105801315045 0.11540725278786235 -0.2539384880073393 330.02053172910877 0.10458655209382614 0.9929516960313286 0.05575466320977258 -27.091473443829614 0.25858314486566786 0.026983242067407074 -0.9656120659141115 355.3099148347909
-0.9475536881122852 0.11695742800970188 -0.2974272485468731 329.80301447013653 0.1023229118294074 0.9926668260396274 0.06436298777376072 -27.06333821994764 0.30277389230175966 0.03055376431422872 -0.9525725366745983 354.69398815604785
-0.9331313124560249 0.11364566925254321 -0.3411020603488634 329.56683723495746 0.09525392424773298 0.9929711055205707 0.07025007841037763 -27.028867373414638 0.3466881071359433 0.03306123804999882 -0.9373976268953874 354.0899790814707
-0.9165865018853484 0.11217239378573611 -0.3837792837477808 329.2973338893075 0.09022968001136447 0.993110085594873 0.07477274058633752 -26.98599493511656 0.3895225146337841 0.03390740276285956 -0.9203925785398623 353.4804272748779
-0.8982034836633469 0.11270885293123985 -0.42488494490385703 328.99297730526297 0.08803880450359299 0.9931110201586861 0.07732832948507945 -26.93884459090806 0.43067350839888624 0.032050212328455674 -0.9019385306400328 352.8837792735358
-0.877992577989034 0.11631989628411792 -0.4643260866294547 328.66346179613424 0.0882957933677427 0.9927352128559359 0.08173524349655859 -26.89382862923958 0.4704602914909297 0.030764896949818734 -0.8818847063227383 352.30875360456486
-0.856760506351631 0.1207121149955563 -0.5013880932465371 328.3045121247506 0.08938055600008951 0.9922637017868082 0.0861618379879165 -26.844444956395453 0.5079099831320617 0.02900571339651512 -0.8609216675314625 351.74260422881025
-0.8352269100467182 0.12466627043429794 -0.535587835700005 327.91705885415723 0.08972765796367357 0.9918066267148693 0.09093163696330805 -26.788351020444352 0.5425356726798386 0.027891508035160273 -0.8395695966680581 351.1804174051298
-0.813585725568937 0.12791120418396085 -0.5672010146276867 327.5099151382204 0.090222608607655 0.9914592085848849 0.09417281246869764 -26.733836213108184 0.5744024269155693 0.025443300816595023 -0.8181775421001645 350.6258472048791
-0.7928753021237859 0.1295931822074305 -0.5954446761937408 327.0816547569521 0.08958721127162667 0.9912973694868749 0.0964554655008004 -26.67758671705312 0.6027627119013649 0.023132928343704336 -0.7975850931202031 350.082134857806
-0.7725329921864429 0.13208566960347612 -0.6210846575700165 326.6343688510053 0.09154328770005782 0.9910747386939095 0.09690556640288618 -26.61784743954967 0.6283411513346279 0.018006615678720566 -0.7777294898171722 349.5490982038795
-0.7539328700481155 0.13367034413748957 -0.6432087270545842 326.1633058014208 0.0934755322848463 0.9909466110602271 0.09636980280314175 -26.55309261661087 0.6502672929842591 0.0125320838816587 -0.7596021291100444 349.0235689193862
-0.7369985107924274 0.13679255967140028 -0.6619070861596004 325.67104980071224 0.0972553213402899 0.9905771008276565 0.09642826238646317 -26.487262988016 0.6688606712617668 0.006693499415258709 -0.7433576524828694 348.4978294595879
-0.7223750850161111 0.1389668071832871 -0.6773938758575039 325.1611619252447 0.09999924334811158 0.9902950524510521 0.09651870503054738 -26.422716122405912 0.6842327000938874 0.0019838327176924108 -0.7292610482741985 347.97283475430055
-0.709828060830856 0.14005251232282168 -0.6903111022207121 324.6372119909622 0.10036076983157498 0.9901440754935229 0.09768533996404756 -26.356555177391094 0.6971885253903138 5.964179612989111e-05 -0.7168878270042962 347.4429901687554
-0.6980565046943737 0.1407344817157837 -0.7020761510762672 324.0945788693096 0.10071294333966302 0.9900452047636614 0.09832291476732456 -26.28741077619322 0.7089245512025493 -0.0020732054096305823 -0.705281279009729 346.9066300587912
-0.6873793182146345 0.1401433928847798 -0.7126496350392164 323.53440554902113 0.09978943841534624 0.9901252540802822 0.09845836284037701 -26.21731581452337 0.7194106899897541 -0.0034366645457165933 -0.6945764525703932 346.3706338167974
-0.6770759980726623 0.14021134445036762 -0.7224326070446506 322.95579354031776 0.09935314580683971 0.990110379408026 0.09904740787512048 -26.14421065669692 0.7291755928802016 -0.004713329599764428 -0.6843104114887456 345.82959184092556
-0.6675354126615364 0.13998745427770404 -0.7313002020289902 322.35744918283837 0.09972817968790001 0.990127253260242 0.09850031739779973 -26.06849773819268 0.7378690690216867 -0.007178787932311351 -0.6749056985867715 345.28546045517726
-0.6604707756688984 0.14125923231807394 -0.7374443597806101 321.7413046346366 0.10099701266408234 0.9899318966493053 0.09916876236618631 -25.99340550179885 0.7440281969927319 -0.008981607941697828 -0.6680878481147012 344.7408659254423
-0.6564336161372926 0.14263321924463923 -0.7407770733309923 321.1116631783385 0.10294085477895001 0.9897140071822608 0.09934467476725674 -25.917573853546475 0.7473272964520281 -0.011043041027886866 -0.664364330185302 344.18646881700363
-0.6561243091477135 0.14523439302922886 -0.7405456515481468 320.47649988776647 0.1062950002650863 0.9893091353378276 0.09984391646848745 -25.838442424755947 0.7471293488172457 -0.01320627951212957 -0.6645474628025992 343.6245441328119
-0.659294942689852 0.14736749920345485 -0.7373011587689975 319.83374321360645 0.10802417394098088 0.9889963035396578 0.10107961925760693 -25.7601983783888 0.7440839713284745 -0.013005066836192068 -0.6679595136298593 343.04195141460133
-0.6634007244432374 0.14680588172485973 -0.7337216855860106 319.1883954671361 0.10604234587539621 0.9891135411275571 0.10202658300339375 -25.68157547973091 0.7407121571092457 -0.0101210596822701 -0.6717462798270508 342.4440472943625
-0.6664746518236204 0.14409438190549692 -0.7314699908949506 318.5375188141057 0.1027900348256923 0.9895340619751929 0.10127462135900363 -25.60234184077805 0.7384075752706751 -0.007690857829229072 -0.6743108359567856 341.8327739124094
-0.6684850770183938 0.1412086580230242 -0.7301971081174252 317.88000416919357 0.09950779458048582 0.9899641253868826 0.10034554930196847 -25.523942077992594 0.7370386018530105 -0.005580801584233354 -0.6758276067402418 341.20840432388434
-0.6695219259508912 0.14041310969629126 -0.7294001297617301 317.2143824992069 0.09893422625821101 0.9900785176928673 0.0997825018617236 -25.4434052159889 0.7361741706591578 -0.005356064647955115 -0.6767709383726477 340.5836949182274
-0.6707056025199498 0.14002786377781332 -0.7283860186152499 316.534125566185 0.09813523206839654 0.9901376960240162 0.09998409443074259 -25.361828439856705 0.7352030134427043 -0.004420438674599385 -0.6778325668973841 339.9437848151491
-0.6719603118233461 0.13930383546839512 -0.727367706705534 315.8438978814675 0.09741837623944997 0.9902420176028445 0.09965142520163776 -25.27920445539112 0.7341518911677208 -0.003897178164131426 -0.6789740883842491 339.289264364405
-0.673116150973738 0.13881328110877314 -0.7263921257049244 315.1501691936786 0.09841713587169053 0.9903033432828644 0.09804772128711338 -25.194513574223848 0.7329588765170347 -0.005491927767099259 -0.680250780274667 338.6306703171603
-0.6746343608511917 0.13771391071667924 -0.7251919455937335 314.4442650029133 0.09765675293167463 0.9904582994413809 0.09723947590629502 -25.108238897160916 0.7316636097044505 -0.005218798981338697 -0.6816458951475113 337.9572659761304
-0.6759207008001878 0.13660372676266172 -0.7242034438362861 313.7341497879604 0.09660802522001387 0.9906150465570344 0.09668877389797904 -25.025198750540575 0.7306148750832224 -0.004609920753923152 -0.6827742327722802 337.2721466181751
-0.6773394862982814 0.13607418046245423 -0.7229765125594699 313.015814573863 0.0972967014929188 0.9906817353256754 0.0953050427349319 -24.94270415494567 0.7292081816462144 -0.005789361241174902 -0.6842674266079358 336.5852130479167
-0.6787530925984452 0.13420423733016956 -0.7219996274034189 312.284695767668 0.09804650315514254 0.9909186579080345 0.09201682796526611 -24.859744632546313 0.7277919500153154 -0.008332832193696824 -0.685747359747409 335.8866447278112
-0.6805565875703592 0.13104238657243014 -0.7208818377764774 311.55711288428233 0.09627807923565422 0.9913392734293249 0.08931392061326375 -24.77471342558508 0.7263423866010307 -0.008621941661894249 -0.6872789823271941 335.1776627388884
-0.6823390041737416 0.12799709387982125 -0.719743167624055 310.83035048395567 0.09560666397405256 0.9917208741373273 0.08572673797625228 -24.699692038493993 0.7247570966792525 -0.010317546152873228 -0.6889272088214036 334.46659036048425
-0.6841446976587234 0.12622751773301943 -0.718340202433649 310.09602208323383 0.09533679301480535 0.9919363358118292 0.08350569797238688 -24.624172017803506 0.7230884652399775 -0.011354270701530143 -0.6906621112915751 333.7511138453807
-0.6859186258374429 0.1238350704412437 -0.7170638144949777 309.3611280388014 0.09349781333331153 0.9922434652145418 0.081921087889071 -24.55389963271442 0.7216465877638192 -0.010852698643743042 -0.6921765824563775 333.02720995038766
-0.6876104842951749 0.12451755447846656 -0.7153231441202351 308.6182029404028 0.09378128158776712 0.9921637860358614 0.08255963240435657 -24.481068187097446 0.7199978424350391 -0.010315052384194676 -0.6938996372554217 332.29556480837533
-0.6898971640520614 0.12556632292366798 -0.7129340794073137 307.87736350335706 0.09313913294421203 0.9920526569290623 0.08459685451829838 -24.40981478128976 0.7178906636440704 -0.008038931982477552 -0.6961094530497797 331.5603450468272
-0.692051911706026 0.1275996708600976 -0.710480453989011 307.139215746734 0.09450091053630416 0.9917968344958561 0.08607332334591462 -24.338271794960047 0.7156351929662519 -0.007573841851776395 -0.6984331804172579 330.8203673930381
-0.6957924673055017 0.12770741743478098 -0.7067981734364219 306.4004021442133 0.09425280588842838 0.9917906500335538 0.08641594232652013 -24.264773642246226 0.7120317766947486 -0.006490149317298662 -0.7021172458633707 330.07876178668215
-0.7000298473389329 0.12942239426367763 -0.7022877307042241 305.6622232102131 0.09433543751811821 0.99158084569584 0.08870316610690485 -24.188639922614684 0.7078552380698296 -0.00415575651129198 -0.7063453062241793 329.3280796999124
-0.7045093579147016 0.13018213050164318 -0.6976526195096445 304.93049736539103 0.09354182401450135 0.9914890137899353 0.09055088455615982 -24.114649439576034 0.70350301475591 -0.0014657530201578328 -0.7106907624258495 328.5720293389723
-0.7090856638402575 0.12955581503561642 -0.6931181804906572 304.20218733588064 0.09315100047604495 0.9915718731243447 0.0900450528290795 -24.03700266364845 0.6989423527348534 -0.0007149959000009483 -0.7151776536877648 327.80528984703375
-0.7144173048186273 0.12817568490312478 -0.6878800101582428 303.47408047660684 0.09359716985216988 0.9917498289582279 0.08758907784073958 -23.956438207144064 0.6934316724604894 -0.0018084692261624968 -0.7205201212094718 327.03103965174563
-0.7204404267619986 0.12931017552731452 -0.6813548781597482 302.7423867156346 0.0971613805589583 0.991593351282365 0.08545344826563141 -23.876876066808013 0.6866769674416533 -0.004637261875805304 -0.7269478923467867 326.2485694501335
-0.7279502754936548 0.13031553897410791 -0.673131678581985 302.0306732503658 0.09968560914424332 0.9914552932484993 0.084137867925655 -23.80112171775326 0.6783444373902184 -0.005853357277802088 -0.7347207377434858 325.4603275271602
-0.7369939561928278 0.13088270106824926 -0.6631060451363148 301.31453877709345 0.10296145625315344 0.9913622608189028 0.0812391922058915 -23.730360437204162 0.6680111129775258 -0.008401570395773945 -0.7441038681215262 324.6661778149153
-0.746762366270425 0.13219215544850982 -0.6518214497545118 300.6205459716143 0.10734612111882416 0.9911550378315297 0.07802884890810112 -23.660569675243963 0.6563709154151613 -0.011701496445223522 -0.7543475965216639 323.8705609466034
-0.7572530874002882 0.13202487065998925 -0.6396383315202002 299.94191136342226 0.10926908086337986 0.9911620437014858 0.07522015084249747 -23.598130452378808 0.6439161665853734 -0.012932001110000733 -0.7649867539750568 323.06003538137014
-0.7678768499352422 0.13174797657886106 -0.6269031934843738 299.2736560156798 0.10988042619752612 0.9912072165584425 0.07371937181716266 -23.53401471739211 0.6311033475368182 -0.012276991074484643 -0.7756015989011269 322.23066341859607
-0.7783928636251944 0.13062143515887858 -0.6140379390024734 298.6219239559477 0.11015495250314318 0.991357488838345 0.0712475667174878 -23.475861795017618 0.6180375686771785 -0.01218072252239218 -0.7860541925989833 321.39035557880067
-0.7883429424508717 0.1270356313797611 -0.6019778679053308 298.0109511671663 0.10737855654471358 0.9918426793381965 0.06868729895404938 -23.423527264966484 0.6057930757959137 -0.010490367161099969 -0.7955530790051389 320.5498286339282
-0.7968617483836961 0.12609740854436158 -0.5908559871248462 297.3825488001214 0.1070659437661285 0.991971152321501 0.0673061412311198 -23.36946943643374 0.5945992243926542 -0.009626864512998283 -0.8039646048373694 319.6788400048668
-0.8046126012678778 0.12724429386071234 -0.5800064237237625 296.7820516870089 0.1058756922837155 0.9918611815910613 0.07072293995748023 -23.31566613806037 0.5842849473196977 -0.004504012952254526 -0.8115360831182735 318.8157227596699
-0.8119425286803393 0.12713161774284798 -0.5697252687833526 296.18323358598303 0.10468617959269177 0.9918852816376438 0.07214147124158678 -23.25761574018731 0.5742735706285473 -0.0010676332237339308 -0.8186627671006198 317.92253144090733
-0.8196619528550414 0.1257616706573438 -0.5588723335747926 295.5953360178201 0.10453164083272645 0.9920598732170558 0.06993099468317972 -23.196861069542585 0.5632294551128127 -0.0011000663774765483 -0.8262998068178973 317.0350113909061
-0.8264362016682515 0.12657327390630346 -0.5486186388601776 295.01377489339654 0.1073358743760981 0.9919515073173881 0.06716559537949342 -23.14071826980739 0.552704455060813 -0.0033783817728660044 -0.8333704889738608 316.1322529234516
-0.8334807744235357 0.12482786796473926 -0.5382636919259202 294.4373859961793 0.10650222861620648 0.9921738745882265 0.06517881468981382 -23.086551639480277 0.5421873052424995 -0.0030009938296228092 -0.8402522954862527 315.2178349109495
-0.8403325307041462 0.1236863628666377 -0.5277716565724129 293.86612678475365 0.10683599589608787 0.9923136636390102 0.06244728125561614 -23.034109830442134 0.5314389031876151 -0.003908528642515568 -0.8470876079736976 314.2855727429993
-0.8469681845436399 0.12279727123844474 -0.5172675560551269 293.3043263277094 0.10774912850625017 0.9924158553591318 0.059168364333889445 -22.984107963311995 0.5206102377758176 -0.005621406247206101 -0.8537759542847386 313.34144124668785
-0.8531078465159118 0.12313169360421909 -0.5069966353371012 292.7559867194226 0.1099949543878713 0.9923576232111334 0.05592367713197853 -22.939044656314188 0.510007953097001 -0.008058144011394592 -0.8601319399329991 312.3995324548993
-0.8587829219156735 0.1234482288375597 -0.4972448368991366 292.2115198300871 0.11113997035188122 0.992314277445819 0.054408471466918525 -22.896611481886247 0.5001397804775783 -0.008538710327269501 -0.8659025871365624 311.4474097912081
-0.8632985913625966 0.12641127258631832 -0.48860590695822026 291.67044538963705 0.11411292490800701 0.9919434925241472 0.05501225325269071 -22.85066186829967 0.49162361875757626 -0.008264248429601035 -0.8707685798635619 310.4718076928211
-0.867066103977649 0.12954332553313477 -0.4810560239128471 291.14146492541363 0.11669217838725295 0.9915491551119514 0.05668517001839311 -22.808901929486353 0.4843338795048892 -0.00698568583554109 -0.8748553556772434 309.50230718273144
-0.8701029562762201 0.13071935907016516 -0.4752192069389326 290.6188892311183 0.1184251819771888 0.9913897960124346 0.055872610786452885 -22.767105869176703 0.4784311044999584 -0.0076629972406344355 -0.8780916562183274 308.52751156918555
-0.8724588023624653 0.1309495704753649 -0.4708161511381813 290.09636183848716 0.11909803810306281 0.9913562589204117 0.0550311295479978 -22.72235856006257 0.4739528410087362 -0.008060886529691948 -0.8805133313062946 307.54616211284906
-0.8741956261540631 0.1295386416141242 -0.4679762254023954 289.5857679421226 0.116796275262282 0.9915594011314861 0.05629017776333229 -22.678826878096654 0.47131797896744937 -0.0054492528421614065 -0.8819465223841559 306.560298069835
-0.8748953358312543 0.12890558910792746 -0.46684205084531105 289.0757175067619 0.11606149287847901 0.9916446710374032 0.05630787044402273 -22.635648315496457 0.47019983114792185 -0.00491889213749089 -0.8825462726047916 305.56985897651964
-0.8757755499150135 0.126788430838228 -0.4657702008250818 288.5519747424395 0.11442339389681376 0.9919159103081348 0.05486450406884944 -22.590910255587573 0.46896105712541786 -0.0052460159326946 -0.8832032643829224 304.56720418586457
-0.8765444227101914 0.12569128118237297 -0.46461981969174815 288.03484762715925 0.11404785931718656 0.9920491120845749 0.05321320322415933 -22.549667162759874 0.4676141152711537 -0.006345159331499547 -0.8839099378060187 303.56879007687127
-0.877559549876327 0.12557893732518965 -0.46273012320480694 287.5193100920511 0.11437241171737476 0.9920589078982158 0.052326615577088516 -22.508897396560382 0.46562666145615916 -0.00700383895282963 -0.8849535345887489 302.5623744117914
-0.8788178188692415 0.12669266733508763 -0.4600306612405646 287.0009847644337 0.1158587364105286 0.9919118343376079 0.05184270535339897 -22.466974914484453 0.46287794766575724 -0.007738277878476176 -0.8863882471130908 301.5480902799953
-0.8801733748401127 0.12940101594402148 -0.45667297631371023 286.4821129220303 0.11770112306141475 0.9915734602191733 0.05411578899968937 -22.42349842425582 0.45982744138714327 -0.006119645547929752 -0.8879872037849007 300.52498954329354
-0.8811662921824964 0.13412048564538706 -0.4533846720518879 285.96081643864545 0.12215650478399044 0.9909451396552613 0.05572717947801664 -22.381123212580956 0.45675349353924916 -0.006278974746061209 -0.8895711442126678 299.50194635283344
-0.8819578169410789 0.1365337594269262 -0.4511196533884085 285.4413818182116 0.12631706739833323 0.9905811078767668 0.05284947683302135 -22.33601184695319 0.45408634379422824 -0.010373102447645943 -0.8908972954977505 298.4694348902231
-0.8830073540994204 0.1345271594482737 -0.4496670501350085 284.9368828012367 0.1265264863556768 0.9908031434095038 0.047960184114898656 -22.29439791156031 0.4519834740970356 -0.01454559660608614 -0.8919077108998178 297.43952775819565
-0.8832875384643898 0.1352995195565726 -0.4488843552645607 284.4211473215642 0.1281804827858875 0.9906660616551992 0.04637367914405898 -22.253057114334293 0.45096883287683404 -0.01657692047214923 -0.8923857447770958 296.40144768488796
-0.8834885577064079 0.13674282697651807 -0.44805063070184575 283.90374549509335 0.12840000300246507 0.9905056597922545 0.04911188398422437 -22.21665025870639 0.45051238343780975 -0.014139914779905793 -0.8926581961642465 295.3495297556075
-0.8837260479123161 0.13845647839847433 -0.4470548912949865 283.38259218495824 0.12791742175686713 0.9903219882392017 0.053846938826940936 -22.175616911527225 0.45018374632182423 -0.009600166636541658 -0.8928843325695683 294.28796989927895
-0.8832228119398469 0.14388849587086977 -0.4463334686364994 282.85508974747273 0.13180734738277278 0.9895659705329237 0.05818945900377184 -22.1280760308647 0.45004920580419283 -0.007435772942558394 -0.8929728000537125 293.2274818148596
-0.8825407672264869 0.1484199845209858 -0.4461987252089303 282.31995149717943 0.13648600420599352 0.9888848228783255 0.0589777732437075 -22.075564593785863 0.4499926275386775 -0.008849591837762794 -0.8929884209132544 292.16144386497274
-0.8815858769777847 0.15228889892509045 -0.44678231027816484 281.7866655644121 0.14191478399783766 0.9882464216980106 0.05682608629781447 -22.024682565738626 0.45018500152287966 -0.013307939933105773 -0.8928361345390247 291.09791382262415
-0.8808583047814732 0.15393608212388135 -0.4476520183332802 281.25036025746186 0.14506852027783515 0.9879321873637396 0.054268937663256134 -21.974848458996032 0.4506037852946937 -0.01713697146664722 -0.8925595514513587 290.02935787800027
-0.8802767463045146 0.15462512261659478 -0.4485576009514732 280.7091791661605 0.14592244370088966 0.987813046383192 0.05414818389863336 -21.92661333224953 0.45146371984899963 -0.017789234130859213 -0.8921121301771134 288.94692677029116
-0.8798449605771743 0.15367151712778457 -0.4497309308582144 280.1637079206507 0.14392334484532043 0.9880014931375368 0.05602785348855518 -21.877418706825196 0.4529447164450462 -0.015430955305651457 -0.8914050535322744 287.8567791373955
-0.8793897338376021 0.1492752518104473 -0.452095781022074 279.6225879884478 0.1387128701690048 0.988711512206558 0.056641727372148634 -21.827146870059924 0.45544751143299234 -0.012901349818973225 -0.8901691521853293 286.7623085593145
-0.8786423859998044 0.14342780117601794 -0.455429493307563 279.07002559579865 0.13174760249791523 0.9896152335141563 0.05748268289472691 -21.77310118425249 0.4589445791820832 -0.009495022197818047 -0.8884141589331234 285.6595874720016
-0.8769076262601025 0.13941566350389126 -0.45999596495691397 278.50535540829605 0.12619923604418407 0.9902167100126682 0.05953671164545481 -21.71881096801549 0.4637960411956253 -0.005842942876621168 -0.885922734887085 284.547727908666
-0.8751137301481824 0.13338345240714572 -0.4651718111946226 277.93442294258335 0.11849160594822344 0.9910633602312017 0.06126300128995308 -21.664875725663983 0.46918620890425056 -0.0015068613713702462 -0.8830979734677633 283.4321898691758
-0.8723259971211903 0.12957818305788948 -0.47144124683987704 277.35409043558855 0.1149359876031376 0.9915672671999118 0.0598671309767931 -21.609020269911262 0.4752231828311939 -0.0019619105782792585 -0.8798631015144791 282.32465446342167
-0.8691474311887064 0.12590768499313645 -0.47825725056473817 276.76258372968647 0.11194261107527617 0.992036270608059 0.05773118415298388 -21.55476685484528 0.4817173389901179 -0.0033604549878506838 -0.8763202112575977 281.220013672481
-0.865427273989946 0.12405599356330033 -0.48543356280273214 276.1600623352428 0.10993817070240094 0.9922689311031702 0.05758443357353332 -21.4993903651644 0.4888243366046115 -0.003532538520282765 -0.8723750851065559 280.1158532973656
-0.8613046985029011 0.12624303075721136 -0.49215537538673804 275.54416023615596 0.11117153684791418 0.9919944304960294 0.059899409510726837 -21.44304444721452 0.4957772743195247 -0.0031220266005667855 -0.8684440956205614 279.01447081718953
-0.8565929115328615 0.13151556616683155 -0.4989511396594597 274.90502496232654 0.11444445645238667 0.9913128464247432 0.06481748915681548 -21.382153238998935 0.5031411832666561 -0.001579990219538857 -0.8642027848438941 277.90591389905643
-0.8515252356929106 0.13584987850243488 -0.5064085144317848 274.2653115358274 0.11914420218487891 0.9907186630205245 0.06543080183335562 -21.319518521385636 0.5105971328394425 -0.0046196594788798055 -0.859807668425007 276.8167045318836
-0.8462441458490172 0.14031687443024038 -0.5139864009547298 273.6073854102667 0.12471224874855888 0.9900645246733478 0.06495453791243752 -21.256740088577025 0.5179939194897396 -0.009133002434513792 -0.8553355409651789 275.7169254379512
-0.8413923813799403 0.1417499417161104 -0.5215034176103481 272.95009678571427 0.12878305255079844 0.989779216363192 0.06125380176908684 -21.19761037216785 0.5248559668437517 -0.015622319896466987 -0.8510476820892997 274.6353707147946
-0.8377030272411282 0.14075385301613086 -0.5276760284608005 272.26380185336967 0.1282614142144652 0.9898976442440198 0.060428995886478654 -21.13519712561703 0.530850871502301 -0.01705892087020915 -0.8472935414860648 273.53201967679814
-0.8332371187701965 0.14417812439834812 -0.5337870102845483 271.5803583418372 0.12949657329267159 0.9894399817122032 0.06510883269429019 -21.07467476289277 0.5375374790737801 -0.014872492539307261 -0.843108692611267 272.44189041493496
-0.828970045555573 0.14644796939602475 -0.5397792658405587 270.8832313224325 0.12894281608802155 0.9891539665680319 0.07034330531061198 -21.00796231712406 0.5442264361007089 -0.011288165595538179 -0.8388624223116774 271.341088244608
-0.8248873609039448 0.15170791820951707 -0.5445599593924069 270.1761994356432 0.13152779568025688 0.9883858660398429 0.07611713851797504 -20.932407729647448 0.5497829396993096 -0.008836705562960328 -0.835260816661709 270.2492130997197
-0.8212597082471523 0.1576752774658586 -0.5483347503905504 269.46227561776266 0.13797152652591774 0.9874159013947901 0.07728968586315088 -20.85637948129331 0.5536211244866904 -0.01217967769610624 -0.8326795938254508 269.17003701696575
-0.8194816593490271 0.15754999240827233 -0.5510243278501586 268.74645722921775 0.1402610653566365 0.9873667343391398 0.07371407915375851 -20.779347744501163 0.5556767437418845 -0.016879923359379538 -0.8312270596243869 268.0934165076132
-0.8175476157099346 0.15803616133643297 -0.5537512688536673 268.02045046369943 0.14346689491102602 0.9871819269328606 0.06992205089752478 -20.70419692391934 0.5577034571450915 -0.02228036909865562 -0.8297411879864994 267.00778535277914
-0.8173821761865768 0.15281211011857038 -0.5554591227566671 267.313191147013 0.13680937439603735 0.9880847367310648 0.07051062413899047 -20.636818241398124 0.5596155583343424 -0.018357887683908832 -0.8285489815514432 265.92379420156067
-0.8164102569884728 0.15164129526723313 -0.5572066132537299 266.5895003086944 0.1351682074223664 0.988281991475288 0.07091023218031267 -20.566263669802655 0.5614301808651158 -0.017424778199952383 -0.8273406366899018 264.830332901252
-0.8166403578084649 0.1465975721888916 -0.5582183066030576 265.87292638166383 0.12860992792023626 0.9891065993686654 0.0716074125053338 -20.495896978179967 0.5626348837734918 -0.013314913205880723 -0.8265982704116404 263.7373864461166
-0.8155934129311088 0.14758160779706547 -0.5594882070458851 265.1458923128525 0.12943306068191895 0.9889571701482676 0.07218586021406377 -20.423183329249632 0.5639631792820284 -0.01354195895603116 -0.825688892841454 262.6507095884942
-0.8155053962206799 0.1481640108152433 -0.5594625766162491 264.41784648130675 0.12802129342406296 0.9889099089259451 0.07528439717572159 -20.35130630361622 0.5644125239264083 -0.010228290532748542 -0.8254295154086783 261.55942877472154
-0.8152323468276297 0.14982623224077007 -0.5594178409904803 263.6754026595886 0.1292781005844269 0.9886613438676429 0.07639319243958743 -20.27651719726126 0.5645204986492474 -0.010042274362109926 -0.8253579583007893 260.4594140900504
-0.8153942037647387 0.14924455227206493 -0.5593374259639512 262.9410799096469 0.1288071037595428 0.9887493732892394 0.07604871360659478 -20.200856761166296 0.5643943855921519 -0.01003695358415151 -0.8254442664861226 259.36515186850824
-0.8154056667447863 0.14855377284337612 -0.5595045801550591 262.2004841172825 0.1286163094839991 0.9888462340371644 0.07510639363753634 -20.124735480432694 0.5644213351523869 -0.010719235258125622 -0.825417260796189 258.262261016928
-0.8156172137416301 0.14707953647608643 -0.5595857133615184 261.4646139997227 0.1267523457588388 0.9890782897627822 0.07521954243788354 -20.05235324162091 0.5645373357830006 -0.009578448199598046 -0.8253519551301284 257.1617865062401
-0.8154761897024884 0.14564400596052066 -0.560166410592498 260.7295513714213 0.12460979875648695 0.9893049154122493 0.07581676856100406 -19.981784680287998 0.5652176413401971 -0.007975454152391077 -0.8249032731471573 256.05974580162143
-0.814135592996713 0.14723429802378313 -0.5616985826057728 259.98382162259395 0.12553758875607343 0.989072602753725 0.07730265384374635 -19.905729609296582 0.5669422810350256 -0.00757944374073407 -0.8237226487158095 254.95289532439116
-0.8129217718092294 0.14841768559918272 -0.5631433063794019 259.23271860606013 0.1253487248801143 0.9889076763005322 0.07968252584358773 -19.827651757310306 0.5687230346042517 -0.005813635288424807 -0.8225085480134963 253.84542709367673
-0.8115892163355738 0.15082527701567888 -0.5644242019447364 258.47143365634975 0.12828177456161338 0.9885302631867675 0.07969758515304326 -19.74488755791042 0.5699708152555962 -0.0077236375527964295 -0.8216286358080697 252.73466763680966
-0.8107514067931639 0.15005922608698516 -0.5658307035227766 257.7128268858725 0.12839757149604514 0.9886338280408089 0.07821264403724773 -19.663814830436014 0.5711359032811891 -0.009240277028010927 -0.820803507097546 251.6249521318859
-0.809999791225307 0.1487739733755352 -0.567244782312728 256.9578873834529 0.12731584706290305 0.988826459264412 0.07754294645720224 -19.583261961227166 0.5724430218821877 -0.009409479510827335 -0.8198905100034577 250.5136753215663
-0.8096609498396777 0.1477655840915197 -0.5679916183033007 256.1996048333753 0.12570127104534345 0.9889887614341789 0.07810518686026212 -19.50270100743978 0.5732785856477565 -0.008158548583140383 -0.8193199017006298 249.39763566670987
-0.8095449439189644 0.14816554515823654 -0.5680527748398058 255.42437457124947 0.1252227672439625 0.9889393035415031 0.07948781337169837 -19.421479963335933 0.5735470707265458 -0.006784182987818626 -0.8191445125996949 248.2705112033347
-0.8095799306791207 0.14976233019008783 -0.5675839852370966 254.64808130624166 0.12674915758329222 0.9886965027183926 0.08008668156658699 -19.340821738794972 0.5731622692514851 -0.0071042218755707045 -0.8194110953227542 247.14694341692126
-0.8095305041791523 0.1512321972387758 -0.5672646519234025 253.87108244338452 0.12888314858591668 0.9884601980091835 0.079596299928004 -19.257486738864802 0.572756053494002 -0.00867522160986932 -0.8196799642031031 246.02154817461593
-0.8096397048974788 0.15093931796070148 -0.5671868039253742 253.09916561682385 0.12977260215233494 0.988486112943302 0.07780922984361001 -19.17462679516113 0.5724007512085666 -0.010607865562980719 -0.819905392837534 244.89610608644722
-0.8098545237984341 0.15056480648620185 -0.5669796198550554 252.33107798996207 0.1295893360409238 0.9885413427598951 0.07741199932141468 -19.096684849882713 0.5721383174265467 -0.010782054639022294 -0.8200862716995606 243.77069249550735
-0.810111690718094 0.1504782229372906 -0.5666351144991861 251.56445008620446 0.12913471240871463 0.9885621303016635 0.07790468910507439 -19.024597001441748 0.5718769750680527 -0.010060763145751482 -0.8202777008013467 242.64799086212167
-0.8102704774601649 0.15065734295251879 -0.56636041384525 250.79431028920942 0.12866059868070295 0.9885455853482007 0.0788928135872266 -18.94986106461726 0.5717588684957985 -0.008943752180881955 -0.8203729673711437 241.51662774366775
-0.8103453329301189 0.15097516413868753 -0.5661686508556175 250.02224192762546 0.12877642434599965 0.9884995747229348 0.07927940025781204 -18.871753512460856 0.5716266910589721 -0.008665482437567526 -0.8204680587829724 240.3801681658435
-0.8103050795670623 0.15142288288289985 -0.5661066936251925 249.25222251393075 0.1295998116681652 0.9884238981904577 0.07888020221550036 -18.79402385963112 0.5714976525265777 -0.009450292345414916 -0.8205492825730832 239.2430134509988
-0.810189719409281 0.151743256767845 -0.5661860141234483 248.47235702691376 0.1307280441693113 0.988359121743687 0.07782303600937751 -18.713731639309355 0.5714042325982309 -0.010964966554359782 -0.820595498694267 238.0991516680102
-0.8102573774997173 0.15140796153851857 -0.5661789570356973 247.6844081211993 0.13107824173479624 0.9883980208991877 0.0767323062750323 -18.633147059246543 0.571228042686098 -0.01204082494356644 -0.8207030777228093 236.94754681628874
-0.8102490051297135 0.15231114581906327 -0.5659486412613712 246.88902914178038 0.13200754881350957 0.9882555366221588 0.07697403063306688 -18.554795478071938 0.5710258809743687 -0.012341361145982627 -0.8208392863785907 235.79025559452765
-0.8100763120856806 0.15402100143405614 -0.56573306401068 246.09712783466605 0.13355712513094772 0.9879874437846328 0.07773869853982515 -18.474211591372043 0.5709105559756406 -0.012583403401306075 -0.82091582700934 234.6320052779376
-0.8098469137424728 0.1557480635936498 -0.5655886464460006 245.3004140942659 0.1350084963406689 0.987715895160669 0.0786766570387439 -18.391409155409637 0.5708946332009254 -0.01264322481762625 -0.8209259812240051 233.47010213158646
-0.8093815429820491 0.15762528529806347 -0.5657347322859894 244.4937859055516 0.13701643931114516 0.9874066563715695 0.07908596785533094 -18.307129708822558 0.5710761886460404 -0.013504235921492974 -0.8207859784217152 232.29684204473136
-0.8088056615196706 0.15910534437164922 -0.5661438786087026 243.69085248125495 0.13893685960710445 0.9871504320559437 0.0789339821260871 -18.222153334458504 0.5714279927832018 -0.014816000949806419 -0.8205184551121443 231.127449160176
-0.8079620085816516 0.16096009483854043 -0.5668238179172341 242.88015998795214 0.14248967347545977 0.9867881636289134 0.07710909852109343 -18.137255407008098 0.5717465221945434 -0.01846531861211629 -0.8202224980863431 229.95456717282562
-0.8072803822006592 0.16124641400151765 -0.5677129366903727 242.0730528457279 0.14443083247083904 0.9866787025109302 0.07486569737289474 -18.05406287904293 0.5722220890054256 -0.02155764326174519 -0.819815313879455 228.7868579220218
-0.8064400714025717 0.16209805572273717 -0.5686639003551409 241.26690357470522 0.14519548031538979 0.9865329828280519 0.0753056856311106 -17.97114200565536 0.5732125990696587 -0.021837905652714495 -0.8191156341717041 227.61575193129767
-0.8057846010941252 0.16028971748310028 -0.5701038353745461 240.45638613976652 0.1424566008359721 0.9868698046007007 0.07611902288939913 -17.889257282916095 0.5748193572922167 -0.019879518016398697 -0.818038820133618 226.43837108662026
-0.8046465546084992 0.15793370079789495 -0.5723642793789201 239.64748511222666 0.13918262551438776 0.9872874518173985 0.0767573073969603 -17.80287085974699 0.5772106365197962 -0.01790066021661834 -0.8163990736473333 225.2643769797462
-0.8035611875565237 0.15641147142924083 -0.5743038128535165 238.8256103045004 0.13583371419766185 0.9875840657581706 0.07891080501319873 -17.71892597654488 0.5795158496020727 -0.014600159790324035 -0.8148301757998953 224.07811479045557
-0.8016400339696909 0.1581854228701011 -0.5764985931712914 237.9914584157682 0.13619733190265398 0.9873216651437449 0.08152432962240712 -17.63067861347142 0.5820855115184249 -0.013164403867699948 -0.8130210057256485 222.88497597638406
-0.8006004572328008 0.15714380718105664 -0.5782255025016377 237.16708839442765 0.1353479031538298 0.9874842866545593 0.0809674547098989 -17.541318995265947 0.5837121319541745 -0.013439028051944293 -0.8118494562014159 221.70880152232087
-0.7992279572694986 0.15604337311960584 -0.5804180717588647 236.3308695497585 0.1356793035585609 0.98762287956576 0.07869037008492243 -17.45098458942249 0.5855132781625748 -0.015859176009291428 -0.8105076727777629 220.5306566246034
-0.7984609885800906 0.1544876118828642 -0.5818879853463489 235.49075986808123 0.13444755327264502 0.9878631121598741 0.07778384827719305 -17.364323024663047 0.5868423170960833 -0.01612604751759328 -0.8095406385455668 219.34741363046868
-0.7977766133064388 0.15371823691911393 -0.5830293122131912 234.65020091560007 0.13409316927377943 0.9879727132602767 0.07699960913694867 -17.277831519469213 0.5878532956575293 -0.016751760850983538 -0.8087940907876222 218.17166271912765
-0.7968527194479846 0.15559859374798085 -0.5837934747254384 233.8092731554285 0.1355473351485318 0.9876775969620344 0.07822968997404582 -17.19286623974622 0.5887721659882362 -0.01679410857874314 -0.8081245538124489 216.9946307429482
-0.7959024307184496 0.15922760490973561 -0.5841111971287416 232.9580465427539 0.1377004229447399 0.9871186423065643 0.08145783898242856 -17.105974877513624 0.5895573884680774 -0.015599866844198422 -0.8075758353598425 215.81266404924247
-0.795238254349748 0.1616266510656383 -0.5843568639830209 232.10956550902355 0.13964130425537516 0.9867272650671342 0.08288311359374632 -17.013958996483723 0.5899969703012206 -0.01568853206780655 -0.8072530241485265 214.63536873094174
-0.794337218069967 0.16327743308231862 -0.5851229476229022 231.2666399842416 0.1421244554867355 0.9864200922537956 0.08231671003274699 -16.920795415850865 0.5906174930879212 -0.017773053875613568 -0.8067559081993001 213.4615938631938
-0.7936248575691901 0.16469481996074942 -0.5856920707388635 230.41651317329814 0.14360533177641038 0.9861718202566495 0.08272030958039726 -16.82785706151383 0.5912166220038692 -0.018459610228444525 -0.8063015246522555 212.28212931005382
-0.7928366333668165 0.16785377826360937 -0.5858627671342513 229.56220505413143 0.14595771242351388 0.985643487667504 0.0848720295665011 -16.734655892368693 0.5916979119243728 -0.01822153509651079 -0.8059538179592346 211.10423499319919
-0.7925026985270823 0.16928052086668066 -0.5859040690099331 228.71652236379396 0.14720054845999336 0.9853959548151412 0.08559679180341195 -16.63948261732987 0.5918373690131146 -0.01840971181373843 -0.8058471388238423 209.9244812866478
-0.7923152748313845 0.17027224265562194 -0.5858701807140312 227.8609401285156 0.14898959559645883 0.9851926528759298 0.08483829986094045 -16.542786632459222 0.591640605158966 -0.020069880426058614 -0.8059519800998195 208.7389671568622
-0.792499990641427 0.1699344143127823 -0.5857184132887653 227.0147308849783 0.14963978334227138 0.985219200246374 0.08337303345313153 -16.44798372836821 0.5912289743192669 -0.02157364823275498 -0.8062151559151692 207.5670532724696
-0.7933084820347828 0.16818628961111892 -0.5851282118634449 226.16255258440285 0.14741923409735277 0.9855505468433828 0.08341276302139093 -16.354715309295045 0.5907023122942847 -0.02008710042683522 -0.8066395022850238 206.38130167214115
-0.7943037826689224 0.1673776197780991 -0.5840087612658377 225.31477059353998 0.14658741147119075 0.9856984603076686 0.08313047663324703 -16.264799193043963 0.5895707180958133 -0.019577480545596458 -0.8074794676147977 205.20647317310002
-0.7951642246514122 0.16628706369390636 -0.5831487531347177 224.47040514107582 0.14499729476261294 0.9859090251614021 0.08342169152457504 -16.17158063571158 0.5888035668591335 -0.018221046988476146 -0.808070759958934 204.0111049086115
-0.7961406692200458 0.16607383362962835 -0.5818758601260365 223.62386848921992 0.1442274634463714 0.985966923319555 0.08406940530062164 -16.077180832720504 0.5876720799916215 -0.016991406749684954 -0.8089207739296792 202.81946735619232
-0.7974705897601699 0.1658262208665994 -0.5801226792159286 222.77066873590948 0.14324424931980623 0.9860353684109134 0.08494314145099231 -15.98004832224936 0.5861072798595558 -0.015359580588675365 -0.810087859296617 201.620854392006
-0.7985744443754009 0.1646107785722849 -0.5789491759803657 221.93711643616172 0.14250645273347567 0.9862360836767207 0.08384687342608275 -15.885944509835682 0.5847826670822562 -0.015546023023081388 -0.8110410306811437 200.43338588995434
-0.8002233319519441 0.1599357671618667 -0.5779819801534237 221.10775476626375 0.13981006588273112 0.9869783236360997 0.07954202757250048 -15.795283387473738 0.5831773010651145 -0.01715631239000115 -0.8121637128483324 199.2482069393646
-0.8021045690202561 0.15468012300685952 -0.5768035366599366 220.27940052233248 0.13615821714249488 0.9878018209392945 0.0755546322444538 -15.70946182731928 0.5814543836462174 -0.017933825459180416 -0.8133813236379357 198.0611080337383
-0.8039866059953708 0.15174626133483268 -0.5749596590639591 219.45149042584103 0.1325614628181596 0.9882973167207492 0.07547100329318797 -15.62550802933772 0.5796835308645146 -0.015539817678192434 -0.8146935117643819 196.8657685612143
-0.8058026154281778 0.15096857132664931 -0.5726173551689623 218.630014452809 0.1300022359717601 0.9884674125264731 0.07766333121599671 -15.542540281540536 0.5777383175897609 -0.011860221111484983 -0.8161358781132847 195.6759282046646
-0.8075161838548709 0.1505902105992898 -0.5702983441008108 217.80325251073833 0.12855389309074158 0.9885504722483774 0.07900544531060835 -15.455263627913531 0.5756661440311364 -0.00951589665638482 -0.8176294627318361 194.47821758083947
-0.8089407300583652 0.15182076014640336 -0.567948370929265 216.98380884536815 0.12924225064669173 0.9883707319546493 0.08012326043797684 -15.36778281774726 0.5735079213929072 -0.008587956916666164 -0.8191549982119302 193.2865655853024
-0.810362175221892 0.15319857610646426 -0.5655469399162141 216.1682463042261 0.13119513836879007 0.9881485906685928 0.07968813229127181 -15.280518590757364 0.5710525200347457 -0.009620760813427954 -0.8208571497668398 192.09605554303513
-0.8119206815936195 0.15589571887212184 -0.5625667352749316 215.3537067021021 0.1339248171578914 0.9877224771774474 0.0804266835551207 -15.192224968465037 0.5681979849927079 -0.010041559430418486 -0.8228306125409013 190.90011562202443
-0.8136619184753272 0.15769894504875587 -0.5595402801886182 214.53797404333605 0.1359897876516155 0.987430804476622 0.0805430569641011 -15.10374606725484 0.5652088641179596 -0.010556945636096892 -0.8248802887821511 189.69724594489344
-0.8155543367972495 0.15874883607400198 -0.556479946427853 213.7327139941002 0.13822300422274406 0.9872406113314216 0.0790593222941035 -15.016176306893126 0.561930177900096 -0.012441156823761228 -0.8270911030727242 188.49663754538565
-0.8184197539929825 0.15997791010883028 -0.5519023233791237 212.931580522981 0.14014609879870774 0.9870312855480042 0.07828353812239189 -14.928380815221724 0.5572684965665692 -0.013278163527698058 -0.8302261818973007 187.29173916415797
-0.8221445737373543 0.1608616214227037 -0.5460786011440851 212.13810097566682 0.1413217556437991 0.9868901865724445 0.07794819451894282 -14.843258075747075 0.5514584855235924 -0.013088101476818664 -0.8340996585203478 186.08061491537373
-0.8262071647148285 0.15813069017780707 -0.5407184163663863 211.35826499142877 0.1412217612799136 0.9872870129432096 0.07294359611834825 -14.761920015606599 0.5453788913359953 -0.016094685382701975 -0.8380350983029021 184.86499401317016
-0.8306421314018931 0.15425623170058214 -0.5350127704285703 210.5865363368419 0.13797393567554952 0.987914656300971 0.07062453497147146 -14.683170227928436 0.539441231844874 -0.015154103314737866 -0.8418868751432187 183.6381491933901
-0.8346975036944643 0.15267697688968154 -0.5291217421861016 209.8241250324062 0.13595869056414653 0.9881912185729503 0.07066363983968703 -14.60916305150924 0.5336621700910684 -0.012955935440490193 -0.8455985051728485 182.4029116232151
-0.8387019524529712 0.15112776189106597 -0.5232011415673415 209.07269152566496 0.1342220757268245 0.988450583964441 0.07035536545240145 -14.53272212154126 0.5277911228309476 -0.011217960873340664 -0.8493001165752272 181.16184456269204
-0.8427845467537394 0.1497139498868913 -0.5170105810932281 208.32396702348115 0.1323635985776087 0.9886884903859379 0.07053330241782031 -14.457977885328082 0.5217222302381558 -0.008989003706952466 -0.853068058414851 179.91330715310212
-0.8458917573139462 0.15277550319714767 -0.5110056560657429 207.58261983655476 0.13471517932955004 0.9882320491064199 0.07245162232231937 -14.383533198576949 0.5160609996565587 -0.00755398846883721 -0.8565185239629606 178.66818610261348
-0.84949117292204 0.15019903791246647 -0.5057716838037738 206.85863761088385 0.1340396744896665 0.9886087640204846 0.06845492943971514 -14.31385601678524 0.5102921837440162 -0.009641613561108634 -0.8599470486592208 177.4233132967655
-0.8525445651607622 0.149348172999268 -0.5008621443437565 206.1411433474237 0.1349030859872223 0.9887119708439446 0.06519046019939732 -14.244373993717696 0.5049444739829982 -0.011990076382824547 -0.8630685466765488 176.17053609883072
-0.8547631006024201 0.14988138950683988 -0.4969060383292141 205.40909769595686 0.13628012034752698 0.9886157336313189 0.06377036940989625 -14.176369227821844 0.500807119205185 -0.013209856021552885 -0.8654581035828924 174.8833036783208
-0.8568265069010534 0.15120067496428957 -0.4929368042275607 204.70305881051104 0.13697454850835497 0.9884333283962686 0.06509630078897148 -14.111106016669721 0.49707777070863535 -0.011743560185026132 -0.8676265202617525 173.626415326539
-0.858177477469654 0.15419987906132504 -0.48964662202581605 203.99280236048062 0.13981092910494491 0.9879699430463983 0.0660930839022545 -14.046440789946766 0.4939476908202212 -0.01173835313709944 -0.8694123818988334 172.3634994496363
-0.8592910236807163 0.15643802745203192 -0.4869764677976362 203.2894608061934 0.1416698900276819 0.9876245871848844 0.06728534050915315 -13.980334569397048 0.4914759189230808 -0.011172213514143582 -0.8708195006796244 171.102488965522
-0.8601124824586257 0.15677733983613512 -0.48541465082212276 202.5921302026467 0.14348680229435962 0.9875347719869191 0.06470403143610591 -13.914234406204885 0.4895079724439582 -0.013997850929708807 -0.8718864634131887 169.8415786483609
-0.8613065550514781 0.15529893629609245 -0.483769840534376 201.89847278444768 0.1434585463583621 0.9877332402752783 0.06166596737298934 -13.84989503248529 0.48741221127716555 -0.01628761617313119 -0.8730200741433747 168.5757527261117
-0.8625820620964457 0.15449307278389915 -0.4817510525273718 201.2105606065358 0.14294437073639535 0.9878581977535018 0.0608530032618001 -13.790267947877753 0.48530309397758326 -0.016372892016795315 -0.8741926763493242 167.30875218603774
-0.8640621637111862 0.15327420295364527 -0.4794826336288587 200.52624040581546 0.14114048076415786 0.9880769167451207 0.061509115463640074 -13.729972244834245 0.48319348291590314 -0.014526710032966905 -0.875393073289491 166.039442591738
-0.8654720367062706 0.15297298779263002 -0.4770297880481827 199.841843575349 0.14035814082125114 0.9881435272365888 0.062225090483147054 -13.668991448898927 0.48089265536572434 -0.013100938372116393 -0.876681595238018 164.76980293514566
-0.8667912536275013 0.1527379288582303 -0.47470416863870213 199.1624437476788 0.1398050959486727 0.9881934000865698 0.06267646425994687 -13.608044500966246 0.4786725997815656 -0.012038650814949255 -0.8779109368864909 163.49777072237384
-0.868087278515698 0.15266535626574076 -0.47235343322078477 198.49194709788702 0.13974699425623427 0.9882087012971821 0.06256468873802398 -13.548980454117611 0.47633523329221955 -0.011698362141443803 -0.8791859267798012 162.2315824632035
-0.8691220809490318 0.1531255445306466 -0.4702971146190633 197.81808640093027 0.1409512846705381 0.9881204271840837 0.06124342194284936 -13.488647372863738 0.4740881181347467 -0.013060972158994688 -0.8803805241199513 160.95712827504738
-0.8698510695093724 0.15577721821795434 -0.4680732583236043 197.1391391241731 0.14386872249914434 0.9876933274516253 0.06134885161110421 -13.427499597838587 0.4718695874496059 -0.013976737523937332 -0.8815575666105584 159.6725309304211
-0.8707987198227258 0.15754393779728434 -0.46571396502405443 196.4699509298139 0.14607304546149416 0.9873979974759398 0.060892199583431825 -13.36824094780884 0.46943823336484036 -0.015003407740568249 -0.882837834945621 158.39570815712952
-0.8716858021018997 0.15863836836772235 -0.4636784774987875 195.79253822826348 0.14791010058713142 0.9871979877145145 0.05968865216034293 -13.307806062764326 0.4672113703221152 -0.016552979612162986 -0.88399068677656 157.10655782160993
-0.8727368185305645 0.15645759542748483 -0.46244077070928424 195.12317627317086 0.14680080463690445 0.9875190126970349 0.057058946010515955 -13.25114999749763 0.46559635881211736 -0.018089234227107457 -0.8848123022799684 155.8161157674336
-0.8741587524190559 0.15288147901439672 -0.4609487270223545 194.46299990688698 0.14233818729942535 0.9881293365764022 0.05779493605319555 -13.195978512549667 0.46431273513168847 -0.015088657045938278 -0.8855427806848656 154.5185201750794
-0.8753399317057027 0.15099704584240647 -0.4593254794895675 193.79148983212247 0.1382402635242955 0.9884870296960903 0.06150627336568372 -13.139332074834877 0.46332454446336596 -0.009658378200670547 -0.8861360404747969 153.2070501399409
-0.8761462674596883 0.14941243804425072 -0.4583051836649118 193.1299495836155 0.13573915805447154 0.9887491455602359 0.06284909008543556 -13.076148895744407 0.4625392945330334 -0.007144964071082254 -0.8865699918795527 151.90702713228316
-0.8769689341925332 0.14761978688659458 -0.45731158631809027 192.4729598464487 0.13368563121964191 0.9890261009196537 0.06289295433570599 -13.012766151520823 0.46157733963726494 -0.00598082094898517 -0.8870798100025524 150.61310737644772
-0.8771904099420932 0.1483271721298585 -0.4566574588393156 191.81319306629226 0.13458661238580827 0.9889171538147812 0.06268418187537353 -12.950733071437105 0.4608941618985117 -0.006474017209750758 -0.8874314951752837 149.31906034074242
-0.8774566857174564 0.1495503186018008 -0.45574605527183226 191.1587026744407 0.1356716195054674 0.988733756799079 0.0632358270819929 -12.889916731448883 0.460068447462437 -0.006345106151989255 -0.887860779220158 148.03133624851714
-0.8777225576502447 0.14969649314308542 -0.4551857551951451 190.50361810631216 0.1364531056389217 0.9887023057637838 0.06203467207030998 -12.828138237274196 0.4593295785744731 -0.007662278906427993 -0.8882328679623158 146.7371424230098
-0.8780120574694432 0.14916144127064046 -0.45480291487229907 189.84554798406663 0.1373560418555081 0.9887563669497141 0.059111458975315036 -12.767642790816613 0.4585064282036399 -0.01056935449626884 -0.8886282372519323 145.43804660367692
-0.8786732838024706 0.14746857227394863 -0.45407739486046395 189.18743490308168 0.13630692957062154 0.9890006666955159 0.05742910609486293 -12.708844115892912 0.4575518345311375 -0.011432474242642108 -0.8891094517830106 144.13930868172554
-0.8792925066689855 0.1460306170168704 -0.45334285767997246 188.53376315284717 0.13507354613103406 0.9892142242571406 0.05666000055534469 -12.65491668368741 0.4567272981236795 -0.011413913483834694 -0.8895335281638521 142.83620904353242
-0.879741263341423 0.14592030280514312 -0.45250698867939304 187.8822416715035 0.13468625465374404 0.9892388186679255 0.05715043698725894 -12.600518162390939 0.4559768879908074 -0.0106688738741853 -0.8899276671440658 141.53188275513318
-0.8806643359011096 0.14448524613110403 -0.4511699692159176 187.23789543813447 0.13313181345616978 0.9894577744094408 0.0570020430036339 -12.546743813133522 0.4546495878341109 -0.009865409831876932 -0.8906157566375782 140.23181499871765
-0.8812249037633295 0.14547374326078613 -0.4497555547283495 186.59293335963017 0.13460041958588875 0.9893014283373278 0.05626198483013304 -12.492564419407937 0.4531284542319218 -0.010957824210051361 -0.891377882861121 138.9371807359545
-0.8820984419251966 0.14492694830507244 -0.4482170438616983 185.95712868920538 0.13380000537277273 0.9893912826266642 0.05659017957747328 -12.438553861887616 0.45166347795165407 -0.01005333364330653 -0.8921317353212338 137.64316881303736
-0.8824516569428016 0.14668230602570165 -0.4469489615804996 185.310366233373 0.13580941192416277 0.9891240065900415 0.05647568698189518 -12.3854202259945 0.4503719316206498 -0.010862812078205738 -0.8927749562583185 136.34152863308225
-0.8829997591140119 0.14684465250186765 -0.44581170177127816 184.67138966494454 0.13683636890532277 0.9890787180625307 0.05476401757164821 -12.334700583874197 0.44898466961512334 -0.012646640162002752 -0.8934499588355328 135.0460500771432
-0.8833104049011117 0.14731691320929213 -0.4450398360550664 184.02817989663032 0.13832752093037218 0.9889770311290783 0.05281977709506188 -12.283851945948234 0.44791542231395626 -0.014904998544130302 -0.8939516851998845 133.74688124299038
-0.8831028263827119 0.1487424452682015 -0.4449776207973863 183.39207573001585 0.14031232675193403 0.9887386704333494 0.0520412581626509 -12.236585979926966 0.4477073251537469 -0.016478063154670954 -0.8940283129959316 132.44939798054543
-0.882748617685573 0.14825721064925984 -0.445841538514203 182.76136062346757 0.13959412078510933 0.988820061441961 0.05242487512764985 -12.19210719190871 0.4486294232620513 -0.015958871527098246 -0.893575377348293 131.1562289613709
-0.8817826526427873 0.147385176873728 -0.448036787704034 182.1202601910522 0.13873439637302315 0.9889487846009233 0.05227875954315059 -12.145951222062424 0.4507905508784101 -0.016059610028193064 -0.892485276161173 129.86453368547805
-0.8803399361750212 0.14552154437792683 -0.45146990696747746 181.48501326483702 0.13619042870775935 0.9892478747060117 0.05329924500437652 -12.099363247617354 0.45437183440850976 -0.014564426233222688 -0.8906930523950132 128.5770308752644
-0.878469761390176 0.14391092493929533 -0.45561005696341267 180.834368966119 0.13338430878682697 0.9895163195653879 0.055372190522235146 -12.050320932248514 0.45880224987738005 -0.012128437528671765 -0.8884556243901944 127.28228160420946
-0.8761254162348108 0.14275286381044935 -0.4604626748188122 180.17798309753496 0.13058211003980474 0.9897175727479012 0.05837327069435531 -11.997239490799524 0.4640609524242801 -0.008985881588333005 -0.8857576905492572 125.98840446691766
-0.87318000898915 0.142045955820582 -0.4662398721009664 179.51671471646105 0.12830327286874338 0.9898399382321696 0.061279416215437005 -11.939659453503898 0.4702073394502415 -0.006312140330612525 -0.8825334071929376 124.70536824977061
-0.8696448711024315 0.1419477681603534 -0.4728304445353858 178.84163467816208 0.1266170705920979 0.9898662260611909 0.06428819439098139 -11.877607038552412 0.4771644534119336 -0.00396050724927628 -0.878805097153187 123.42199699466775
-0.8655581231184901 0.14096248719446314 -0.48056083143297085 178.15753781441 0.12455493901362324 0.9900113127921207 0.06605806317881437 -11.812863446447968 0.4850723684883604 -0.002679131869571941 -0.8744699077621373 122.15077759341455
-0.8610943307826789 0.1379787895054783 -0.48936531052020243 177.46641559610376 0.12165834291650242 0.9904293290675501 0.06518429045111268 -11.747813095259223 0.49367580565867275 -0.0034055497951622376 -0.8696393511898229 120.88737464066175
-0.8563885674059027 0.13480649519511856 -0.4984233446275111 176.7627510514515 0.11873237615414658 0.9908622652049793 0.0639890166016717 -11.682290071883326 0.5024950193477086 -0.0043795257811027445 -0.864569011290991 119.63583784875858
-0.8512508599516118 0.13267923810019824 -0.5077087681031255 176.0446684283277 0.11587220649812872 0.9911520494618028 0.06473983788151252 -11.618413130564498 0.5118062183999866 -0.0037194925487898586 -0.8590928705223247 118.38494831835007
-0.8460069553758438 0.1310334235969617 -0.5168195752447414 175.31268761425045 0.1130957243776996 0.9913749778503704 0.06621941119990635 -11.55486570944743 0.5210389511189892 -0.0024280017788646424 -0.8535294466063772 117.14340493277423
-0.8402338869625476 0.1318265430007088 -0.5259551100239368 174.5682436532364 0.1135686227714902 0.9912669098723885 0.06702299093471098 -11.488417032934692 0.530197305841508 -0.003417009296117715 -0.8478674076327499 115.91666833534103
-0.8343706501541376 0.13284167686864037 -0.5349567338094643 173.81346017925776 0.11362875533755873 0.9911317645872939 0.06889362224847258 -11.419182306777948 0.5393645558634689 -0.0033036514352829385 -0.8420658892066585 114.70278791724593
-0.8281899602626106 0.1343326875771573 -0.5441103920791386 173.0328058979295 0.11495631876387907 0.9909244231927814 0.06966945023689933 -11.348397715496644 0.5485311609165617 -0.004849388451372521 -0.836116049920811 113.4927780357956
-0.8219952355579748 0.13557336127118674 -0.5531217736029039 172.2460323018675 0.1156355957892536 0.9907514565019502 0.0709926786769555 -11.276755339195185 0.5576309188938967 -0.005604922202624224 -0.8300700832704754 112.29955408885075
-0.8150578233566889 0.1371352429967524 -0.5629162190888432 171.4504172442883 0.11743514479792605 0.9905198870037303 0.0712694900810184 -11.204687418398981 0.5673532685649606 -0.008017392240622796 -0.8234354802109989 111.12222307839727
-0.8077791736098193 0.13840498467424495 -0.5730068646181821 170.6405461879368 0.11844201096120642 0.9903299840992206 0.07223581267974845 -11.130118121403633 0.5774636756729381 -0.009517500268471769 -0.8163609008685694 109.95088612876337
-0.7998899142744973 0.14213813513919968 -0.5830719300232933 169.81262094684425 0.12219084901189127 0.9897700100147279 0.07365272359661468 -11.05464438508949 0.587575970798405 -0.012331983400768288 -0.8090750278717777 108.78914907727564
-0.7922792560328847 0.14572920528229294 -0.5925002777955213 168.97415538782369 0.12404712999244644 0.9892499718512848 0.07743902590341506 -10.976206973493387 0.5974160108338351 -0.012144625149592051 -0.8018395214002396 107.64054013659637
-0.7843771231732805 0.1497404408055904 -0.6019388083765291 168.12151271677894 0.12720531688157857 0.9886306765149573 0.08017601144130188 -10.895278616117041 0.6071007626411474 -0.013681587661019153 -0.7945070661483217 106.5079099777339
-0.7769198512090097 0.1518435273590049 -0.611014801781876 167.25295376646778 0.128906663095692 0.9882861789494854 0.0816914971521526 -10.807908528383773 0.6162618088174059 -0.01529613338728503 -0.7873927935258869 105.38228313733573
-0.7701379032685105 0.15199181428364011 -0.6195047201918236 166.37862557553655 0.1304909369881548 0.9881980999545285 0.08022861465969719 -10.721524059254097 0.6243874801060098 -0.019052654330258642 -0.7808823669733114 104.27319228124719
-0.7639030651854443 0.1524043895371362 -0.6270765575670131 165.49676144654177 0.1323577679837524 0.9880568671167017 0.07889897716630247 -10.638542278916821 0.6316118493621212 -0.022727283017169416 -0.7749515741980404 103.1761298174784
-0.758865846675062 0.152232695013409 -0.6332044166926627 164.6153982713582 0.1324560219152565 0.9880514879500047 0.07880139223495712 -10.556958578092402 0.637634714400434 -0.02407205285672553 -0.7699626661486529 102.08801693462237
-0.7537092832138987 0.1549434656186136 -0.6386821109591876 163.70103940689754 0.13690728141158223 0.9875078785575535 0.07800375685344353 -10.474501794100338 0.642789788884109 -0.028648075831632078 -0.7655067439660279 100.9977180000418
-0.7484215945364696 0.16066426526042646 -0.6434688109767366 162.8069785584079 0.1434067761201383 0.9864648863756881 0.07950801538606436 -10.390030544116193 0.6475334843807796 -0.03277227206236335 -0.7613319675342414 99.93498165087868
-0.7442849108261793 0.16150898811009243 -0.6480392104464977 161.8875312344618 0.143434596957028 0.9863325815803201 0.0810836291052479 -10.303581809797077 0.6522779222940467 -0.03260192130468097 -0.7572784341409751 98.84729275079202
-0.7393568455172124 0.16259743247584849 -0.6533862027462004 160.95979228602621 0.14627087138100012 0.986016089023932 0.07985677411086355 -10.211857418042833 0.6572338146902341 -0.0365287166242202 -0.7528010133425118 97.77627607798748
-0.7354817550643642 0.1616744685753093 -0.6579726089878923 160.03822248124726 0.1448303567945196 0.9861821672410079 0.08042947697580906 -10.12409894597919 0.6618842464647514 -0.0361399948356598 -0.7487343621439241 96.70841734558226
-0.7327425671634529 0.15761535014107633 -0.6620013079040092 159.10293881549103 0.1397924431394316 0.986923891541236 0.08024528114607529 -10.038451705795607 0.665992795087018 -0.033743646883671694 -0.7451945807553714 95.6373515222704
-0.7286038803375473 0.15973570348062813 -0.6660487148779871 158.16527730422717 0.1421393143302036 0.9865184329855377 0.08110361706792284 -9.948248708732182 0.6700244778206285 -0.03557929753817061 -0.7414858816645717 94.58363492605903
-0.7253058811089711 0.16138393583917626 -0.6692433070877857 157.2173002946843 0.14140225189599756 0.9863306889698581 0.08460008956843483 -9.855915427617525 0.6737483075952603 -0.033271568182205405 -0.7382115013756034 93.52485086207025
-0.7224219422936847 0.16209661027904712 -0.6721839229174283 156.28319387300104 0.14031439049602734 0.9862739367318694 0.08703788567716007 -9.760278660923479 0.6770660300977638 -0.031438999021357286 -0.7352504200802555 92.48914267273179
-0.7204183390461519 0.16005870596151708 -0.6748174771091137 155.31663620253298 0.138388249202808 0.9866132185307951 0.0862731099641635 -9.66167801767472 0.6795926053515909 -0.031234078603856946 -0.7329245002626178 91.42626517279317
-0.7180137460378234 0.15714085437472938 -0.6780582662184076 154.3744787398568 0.13612710028697753 0.9870720008440796 0.0846066056352945 -9.567890715020402 0.6825874838203446 -0.03155339975418409 -0.7301223937777602 90.38953163904709
-0.7151973789438859 0.15754329941305772 -0.6809352524005821 153.41032291793064 0.1342034480205269 0.9870902402462559 0.08742020447237829 -9.471164480679453 0.6859170093321755 -0.028861157645501782 -0.7271072065989783 89.34475793638396
-0.7111692426966337 0.1592488040392973 -0.6847467609666738 152.43489752712836 0.13327618704230632 0.9868834144119126 0.09109656594049748 -9.372174911978853 0.6902722406483972 -0.026475361579039722 -0.723065203850596 88.29782504345843
-0.7057103431414439 0.1601116256145048 -0.6901718473874947 151.4483919968248 0.1347955854990747 0.9866797114232639 0.09106754194370441 -9.266340456099993 0.6955595313940752 -0.028764811989435323 -0.7178924180391311 87.26237381748152
-0.6999459093427478 0.15856200493818567 -0.6963718938787935 150.45978172853606 0.13375233438638687 0.9868945433655003 0.09027443337731145 -9.161113988331834 0.7015597173730432 -0.029954146046673777 -0.711980836886832 86.23437797283822
-0.6937641610433726 0.15716638271846287 -0.7028442338064531 149.4517533701124 0.13305901129807887 0.9870693605376442 0.08938331499886024 -9.05625638159342 0.7078040607146597 -0.03150881830538211 -0.705705750298834 85.20759833348654
-0.6880245340497788 0.15727963956479238 -0.708438674497627 148.44178873192993 0.13419663075362062 0.9869692353972921 0.08878621894000609 -8.9538837494017 0.7131714414079965 -0.03398298629690259 -0.7001654460214305 84.19508238301658
-0.684359557419425 0.1575583752696548 -0.7119180813486032 147.41450296942193 0.13417761768690492 0.9869132025066205 0.08943543833399799 -8.849848943332864 0.7166926559415505 -0.03431747514772008 -0.6965442899191231 83.1810873374525
-0.6817409628421421 0.1583834429341558 -0.714243617113512 146.38348668001208 0.13442382724125257 0.9867815411398277 0.09051201431590247 -8.74502367240734 0.719138021698812 -0.03430561280652843 -0.694019906542378 82.17351633797978
-0.6799497931634149 0.15813350080061864 -0.7160042420974692 145.3526091755002 0.13211791408792484 0.9869086915814758 0.09249914193113672 -8.638862959951412 0.7212580228698211 -0.03170221452015284 -0.6919406289852029 81.16433656612055
-0.6785905653884435 0.15821385866476126 -0.7172748563083753 144.31210727447413 0.1308696503366795 0.986944145432218 0.09388497439859887 -8.530754350444653 0.7227641241695286 -0.03016005178174377 -0.6904363780175405 80.15177207050202
-0.6786336787226825 0.15801476494233033 -0.7172779546058416 143.26877629279218 0.13026227111310423 0.98699555326141 0.09418873906503115 -8.42084043363747 0.7228333631119782 -0.029514604900365494 -0.6903917853435149 79.1399793633473
-0.6797995681762278 0.158936811430984 -0.7159690196367207 142.2288166003357 0.13023896290102352 0.9868806910235418 0.09541653015784746 -8.310899242703954 0.721741199911629 -0.028382946588569713 -0.6915808330868314 78.13217895547322
-0.681606347376184 0.15813681547106342 -0.7144267175919224 141.194261635219 0.1287907370443436 0.987052232180376 0.09560772457972712 -8.202156137276043 0.7202955874278764 -0.026844711591098212 -0.6931476236643422 77.12131869148074
-0.6831914636644124 0.1572500657786324 -0.7131071734239492 140.15999605432066 0.1278564662347685 0.9872129472616537 0.09520147478331448 -8.091242189902514 0.7189590725611806 -0.02613452834042648 -0.694560896113792 76.10933113453459
-0.6851090343504052 0.15246985218553782 -0.7123050998174704 139.13126416671383 0.1253679401491246 0.987938368388435 0.09088817221599133 -7.988325684711837 0.7175712442916165 -0.02703191522106114 -0.6959603328676613 75.09616763340051
-0.685918905461416 0.14858199952586051 -0.7123472780515915 138.10373327899578 0.1256780860510592 0.9884102512495847 0.08514807050824387 -7.886299993880729 0.7167428226478127 -0.03112177118403904 -0.696642779006011 74.08603593855429
-0.6863848152007623 0.14779048847566806 -0.7120630990143638 137.07612687757108 0.12712686077658267 0.988440292230057 0.08261083443019016 -7.7911938601035065 0.7160409532498158 -0.0338195241285936 -0.6972385481718679 73.07452398933472
-0.6867727423642589 0.15117030519570165 -0.7109787192121257 136.03888076355406 0.1302662322749765 0.9878957622539645 0.084218000745338 -7.694869454667694 0.7151041246380524 -0.0347778916511405 -0.6981522679028909 72.06338420089726
-0.6869179685673008 0.15548357656235356 -0.7099074319083809 135.00316355491964 0.13434750792150077 0.9871767174215048 0.08621412701052104 -7.597174774918393 0.7142089691222399 -0.036152261343972474 -0.698998256381994 71.04785339519387
-0.6869682586126474 0.15819242455083646 -0.709260014714939 133.9653826782154 0.1365796391903884 0.9867312318257131 0.08779224509223686 -7.499402999455694 0.7137370761122945 -0.036559991171226616 -0.6994589003138323 70.02509416973673
-0.686782927542673 0.15847203085559378 -0.709377068893843 132.93611846646016 0.1369907922956069 0.9866742924420427 0.08779159105641789 -7.402158059589695 0.7138366292521943 -0.036884360784746405 -0.6993402681580471 69.0073731621827
-0.6867658645738134 0.15631678884000763 -0.7098716142958048 131.90640516632564 0.1360151356045264 0.986988659451186 0.08575120408037584 -7.304003979072492 0.7140395858372715 -0.037662284071742505 -0.6990915692638844 67.98737104132003
-0.6864243890470271 0.15436997139163727 -0.7106275185031619 130.86656484337095 0.13474142430700026 0.9872869235899159 0.0843165409874099 -7.2067393152286225 0.7146091985813883 -0.03787403386102316 -0.6984978531548708 66.95661870913406
-0.6860393349724531 0.1535654595921066 -0.7111734531679458 129.82666579613237 0.13301501779577854 0.9874699083125825 0.08491280950439342 -7.109605329169362 0.7153020592108905 -0.03634322216598232 -0.6978697115445383 65.92662212390131
-0.6852931645862862 0.15379714030434455 -0.7118424813155786 128.78455695537087 0.13227403114733194 0.9874746432677334 0.08600819488454643 -7.011386971603923 0.7161542147158982 -0.0352174464927454 -0.6970529909606507 64.89681935552376
-0.6845421348301806 0.15493289556650439 -0.7123186530714454 127.74950221496947 0.13197869201647253 0.9873457466541815 0.08792042662270609 -6.912151401562079 0.7169265586486225 -0.03382564759581673 -0.6963276061373481 63.874259607408234
-0.6838288504514625 0.15526397653245033 -0.7129314138692183 126.70437611779224 0.1309163258106951 0.987349321694906 0.08945519875802554 -6.811646389068373 0.7178015177794318 -0.03216231552517377 -0.6955045409870493 62.845077098674295
-0.6821458995118599 0.1546812497720218 -0.7146682326423368 125.65222416893101 0.13080569951015072 0.9874176022246656 0.08886139652601045 -6.7084647599043326 0.7194211845329633 -0.03286624082334793 -0.6937960575409263 61.81330233203248
-0.6801378097746614 0.15310300380568262 -0.7169184262805662 124.59761168611206 0.13034795158370296 0.9876215531085235 0.08725296186056469 -6.604639824331358 0.7214027801671234 -0.03410480994208663 -0.6916754229448676 60.787863043352615
-0.6780790864091826 0.15275288051414562 -0.7189404078705823 123.54046281398467 0.1299149775687778 0.9876727562379484 0.08731909979287976 -6.50197453811606 0.7234160982296344 -0.03419187154816591 -0.6895651272666331 59.76627829960937
-0.6761720898991427 0.15439304124925476 -0.7203846844951879 122.47986862155379 0.13009126681978833 0.9874521413199252 0.08952391244755677 -6.399492143809429 0.7251672683861593 -0.03318218522793959 -0.6877727643959572 58.746540155666416
-0.6744520941330355 0.15389961990181528 -0.7221006022111044 121.4191982964966 0.12869595135588072 0.9875666881092623 0.09027396436131883 -6.293607107958351 0.7270156290095582 -0.03204595966702935 -0.6858726788878953 57.725985064023476
-0.6728693744998135 0.15297899166953285 -0.723770842855667 120.35380135327442 0.12732811600558208 0.9877326673486169 0.09039761460821973 -6.185293263949341 0.7287210410950778 -0.031330591442875616 -0.6840935888496161 56.707733313156346
-0.6713124035790827 0.15332998083857116 -0.7251410716384216 119.28290025492825 0.12563409864773756 0.9877502328128565 0.09255026112939384 -6.0775591067246095 0.7304489920985866 -0.028972306677101788 -0.6823524568637306 55.68353771077158
-0.6698568370018352 0.1546044299061554 -0.7262157311538285 118.21771102656822 0.12543197087024086 0.987586500249752 0.09455012008482214 -5.9698912025017625 0.7318187197697936 -0.02775562605743438 -0.6809339076714146 54.67291965642522
-0.6684757252594061 0.1542650726755033 -0.7275592705005778 117.13750842475568 0.12645096816991 0.9875833718765225 0.09321607287314602 -5.857659717038391 0.7329054218572811 -0.029687892236080884 -0.6796824785639115 53.659086051726845
-0.667350600254677 0.15299683955482443 -0.7288587952586962 116.05557570929064 0.12725157831336462 0.9877038841926385 0.09081890203880126 -5.747862769338588 0.7337916680887541 -0.03214038327418119 -0.6786138693001456 52.64480212031167
-0.6663965219037429 0.15365916387451137 -0.729592034600146 114.97189922378575 0.1284646628185748 0.987562099297446 0.09065280160112268 -5.6395929379452925 0.7344470750173225 -0.03331608303220686 -0.6778477208119039 51.6369409608119
-0.6659482397826617 0.15470585184540467 -0.7297801321871968 113.88565302980041 0.12809622809190108 0.987444646184094 0.09243607018365635 -5.53096517140381 0.7349178853987695 -0.031924444038355725 -0.6774042600942554 50.623947050982665
-0.6658962658958093 0.15443579822600098 -0.7298847493216418 112.79280226663033 0.12665760460494338 0.9875395910355558 0.09339918272161758 -5.419324984945832 0.7352142641854496 -0.03025128697471254 -0.6771593943634129 49.606005134607074
-0.6661376478713305 0.15232072060971513 -0.7301089180125038 111.70518604231542 0.1230871771497161 0.9879519052548081 0.09381140508866635 -5.3080744811824605 0.7356019174184923 -0.02737573700072318 -0.676860685897702 48.58544356940081
-0.6660658475897235 0.15054470105973702 -0.7305426610797059 110.61588411251688 0.12034813379940126 0.9882779917496378 0.09393049405972907 -5.197084723146478 0.7361199721279004 -0.025355551781375482 -0.6763759920549249 47.56669882194937
-0.6656604662738718 0.15120237889298335 -0.7307762887896369 109.53417892579962 0.11977596483269677 0.9882102314022659 0.0953638128446893 -5.083870916697957 0.7365798408105154 -0.02404951494278541 -0.6759228942287537 46.55075403993429
-0.6649555200291462 0.15499540657079525 -0.7306234189544721 108.44009042428311 0.12373921301623414 0.9875734998866827 0.09688750943074076 -4.970593005482308 0.7365614458718883 -0.025980882654808985 -0.6758714598143591 45.537500910062136
-0.665472960088674 0.1529484742331168 -0.7305836732507648 107.35176911569816 0.1270392802850038 0.9877089612397928 0.09106057956809988 -4.8584564475087 0.735531617712986 -0.032214470605177216 -0.6767240702296238 44.53186386312937
-0.6662359397077245 0.1466769379003425 -0.7311740890717784 106.2640484709914 0.12686283800558484 0.9884671401714087 0.08269542390317737 -4.750513586767817 0.7348710723487011 -0.037664156562131464 -0.6771601866143168 43.51890808857829
-0.6668332221059718 0.14488043499345415 -0.7309877655965766 105.18345508888025 0.1239034336606292 0.988820855400131 0.08295333057123133 -4.651555603324165 0.7348342622815498 -0.035255857412090405 -0.677329780457992 42.50205313493372
-0.6673001081810503 0.14647671953956823 -0.7302432034976332 104.09442926485278 0.12152354832128283 0.9887438058303731 0.08727951440902307 -4.551242668017495 0.7348078611616502 -0.03050011581940176 -0.677589219298866 41.47720748347644
-0.6676007661087654 0.14796198102942984 -0.729668739402228 103.00656753324682 0.1218936706530534 0.9885508850223333 0.08893301285960709 -4.446249895951268 0.7344733828708225 -0.02957025348908885 -0.6779929571631874 40.45680018961069
-0.6677622265367655 0.14971543622804087 -0.729163148387046 101.91785163330724 0.12533934635481234 0.9881931151036534 0.0881159209058545 -4.338522709832297 0.7337463165604342 -0.03255234886741784 -0.6786432697059711 39.44683660013078
-0.6678509313487448 0.15037344167664968 -0.7289464737104733 100.82147064596703 0.12692334130806274 0.9880424161172484 0.08753656027276699 -4.233480083231418 0.7333932089457922 -0.03405894877282962 -0.6789509474775669 38.42657849548755
-0.6674192449760126 0.15227923466165902 -0.7289462162097483 99.72518213938716 0.1296907480834151 0.9876786696456037 0.08758513223518698 -4.130398755449596 0.7333020259737517 -0.03608157726528379 -0.6789449598346267 37.40781549343405
-0.667236668290688 0.15363052115633377 -0.7288298096658619 98.63128136508064 0.13173887532169176 0.9874123164365426 0.08753162901716051 -4.02819477345879 0.7331030604337385 -0.03761090691083602 -0.6790768163205346 36.39395544991374
-0.6672326817774559 0.1537600126309128 -0.7288061517878444 97.53705577158082 0.13341607118110727 0.9873083501389223 0.08615319899201565 -3.926418634400794 0.7328033162579557 -0.03975022341700589 -0.6792784549944471 35.37484363129655
-0.6681262255562659 0.15307075492310246 -0.7281323304944025 96.45640444725865 0.13332200434295977 0.9874002952853936 0.08524024887512942 -3.826877822537867 0.7320058673821607 -0.04012481598200656 -0.6801157322548151 34.365044443876954
-0.6686465053517228 0.15365784926686588 -0.7275308352500327 95.37023448871973 0.1326107219539372 0.9873724915816356 0.08666002129430418 -3.7285742692152106 0.7316599259927932 -0.038533468914114806 -0.6805798443016572 33.34098192761952
-0.669508631163733 0.15233615682492846 -0.727015741315878 94.29155888727448 0.13003244472599101 0.9876673549166738 0.08720527134574031 -3.630816088228405 0.7313342300999195 -0.03615095234863318 -0.6810604617274792 32.3195526439101
-0.6703609911845593 0.14962852142107755 -0.7267925750001837 93.20575088754038 0.12688256562481132 0.9881473250286323 0.0864041583445206 -3.5303610792375184 0.7311066652948227 -0.034295329362785405 -0.6814006709311229 31.29077833372539
-0.6712682110576205 0.14788852569154795 -0.7263112093257837 92.12659222760949 0.12380007324185538 0.9884986399802136 0.08685609145351081 -3.429470729564488 0.7308026619333076 -0.03161364778145676 -0.6818563240046572 30.26908292564906
-0.6719557081699717 0.14758385003945995 -0.7257372344487514 91.04552999997375 0.12209726991019762 0.9886099855349743 0.08799177905359028 -3.3260878290501767 0.7304572423751188 -0.029483956791278087 -0.6823217081067179 29.244479240222823
-0.6723908060267564 0.14733184081779538 -0.7253853683745827 89.9626461250284 0.12237475300493682 0.9886312746925292 0.08736488154176932 -3.2238675033703665 0.730010290199847 -0.030025512169931722 -0.6827762772836143 28.21611053932264
-0.6729826643120214 0.1460839340659087 -0.7250888343805335 88.90256660505672 0.12242635089733112 0.9887808636227866 0.08558149530909945 -3.1278072914552855 0.7294560453800161 -0.03117511734068295 -0.6833169029940245 27.205557388595167
-0.6736541854613018 0.14395062842089199 -0.7248918919312732 87.83024099057617 0.12150691351008269 0.9890727226110768 0.08349382825075481 -3.0326681343653337 0.7289897861971171 -0.031833409555744825 -0.6837839758698212 26.180230265801878
-0.6742330630226397 0.14181827163517355 -0.7247740024017982 86.75163449204395 0.12024981253064845 0.9893737381865405 0.08172875120259773 -2.93957268446917 0.7286629943351374 -0.03204971165556075 -0.6841221065492252 25.150250074966664
-0.6749695964532421 0.13964219879285267 -0.7245109386200083 85.67682177086253 0.11819574344619203 0.9897102915087951 0.08064307231733711 -2.8462053773478613 0.7283171081987191 -0.031202487046307112 -0.6845294695680987 24.122892401158065
-0.6755689198017292 0.13925405292301485 -0.7240268940739972 84.60333776792949 0.11705886955142261 0.9898041818050503 0.08114741364072871 -2.7523398758206863 0.7279449537274523 -0.029933099167158004 -0.684981863932899 23.09608019802245
-0.6761517951649786 0.13965522656655335 -0.7234052581975208 83.52900329165584 0.11633209434112227 0.9897906748755378 0.0823484289809889 -2.6598455745128726 0.7275201672265724 -0.028475210658985995 -0.6854951266468263 22.07019959526712
-0.6770122446776647 0.13880546010295047 -0.7227637683241451 82.4688591934845 0.114813986304405 0.9899493161713054 0.08257178671227632 -2.5694109507389915 0.7269609130519994 -0.02708127872856445 -0.6861446168534965 21.05212060158377
-0.6768122091436697 0.14118903775451286 -0.7224893695910138 81.40454260699349 0.11748483744819005 0.9895727389856275 0.08332530963792853 -2.4765009672999403 0.7267204046425507 -0.02848595925081831 -0.6863424827312746 20.033042934749314
-0.6780820410613889 0.13708142896150688 -0.7220896256171339 80.35116352126543 0.11212165298189727 0.9902471630029839 0.08270000663331448 -2.3871689963750224 0.7263838382856702 -0.024884493131563615 -0.6868386138526025 19.010417022259652
-0.6780216517602774 0.13425413445938397 -0.7226772911368028 79.27504335000017 0.110771754313299 0.9906125501796502 0.08010239617467949 -2.292922490293028 0.7266472721964999 -0.02574107237729358 -0.6865283235251511 17.975472470128032
-0.6792857173271649 0.12872567392448447 -0.7224961004102423 78.23718329194024 0.10451490070031427 0.9914301242263392 0.07837693734862504 -2.2039695424306442 0.7263935226631069 -0.02227127408197329 -0.686918074142652 16.962631900885015
-0.6797291482844495 0.1297167693885728 -0.7219015477971282 77.1738472831531 0.10259559621938864 0.9913758366170977 0.08153584615455542 -2.1148876187360206 0.7262523174550841 -0.01864162844665755 -0.6871754223486013 15.936158910734191
-0.6796378050439038 0.1325787503841612 -0.7214674829135957 76.10004831435322 0.10392015816841443 0.9910137345133705 0.08421626168452365 -2.022493742233765 0.7261494713083193 -0.01773845969747559 -0.6873080040027262 14.90532346996045
-0.6803501621235983 0.131463838055712 -0.7209999418738228 75.04005717605938 0.10487434196567896 0.9911193441013743 0.08175462155333395 -1.9287189881752895 0.7253447658153015 -0.019992624433145312 -0.6880953899515843 13.886957655323545
-0.6804889179565672 0.13133964219160082 -0.7208916221785934 73.97860135740937 0.10664936962723448 0.9910816970885268 0.07989356453582891 -1.8363883528920406 0.7249556845052043 -0.02251595179222163 -0.6884274017051351 12.868418227141692
-0.6807648824119154 0.13049106308604458 -0.720785167251218 72.9216488999025 0.10366655060651628 0.9912634343932653 0.08154783823141519 -1.74739199099479 0.7251292444523483 -0.01920640751271898 -0.6883448937490744 11.842103225342008
-0.6810324546159463 0.12968778497054687 -0.7206773717754802 71.86724425352726 0.10185309744868833 0.9914012684766811 0.08215516662351688 -1.6563019788119102 0.7251349821239373 -0.017452887791516356 -0.6883855419805507 10.819988954483906
-0.6814072371625267 0.12825207732423374 -0.7205800315055587 70.79814634349003 0.10149655114231705 0.9915731318220383 0.08050574112975921 -1.5636433081045398 0.7248328271048041 -0.018279193380885128 -0.6886822517247007 9.787935082769781
-0.6816074203189181 0.12776658763411322 -0.7204769417896215 69.74572731443506 0.1025721529141068 0.9915988460602331 0.0788078799269565 -1.4740310941641508 0.724493117988536 -0.020184835306516793 -0.6889864254184553 8.768799304427823
-0.6818908729397025 0.12795080299014602 -0.7201759711457392 68.6824359928744 0.10429556112906894 0.9915291927264717 0.07740992119855605 -1.3873557892933073 0.723980160867892 -0.02232603828203964 -0.6894594075682285 7.744330153328736
-0.6819654477928386 0.12974571032314308 -0.7197841194896268 67.616162177317 0.10594795697324676 0.9912837711754267 0.07830399362370806 -1.300891417489355 0.7236699236737033 -0.022859038846153187 -0.6897675738342075 6.715383250037506
-0.6829440878317516 0.12952538711064196 -0.718895365814453 66.56146020437996 0.10429734702257044 0.9913608285573001 0.07953471572991946 -1.2135470823237322 0.7229864703434677 -0.02066111555613977 -0.6905531710189103 5.690133798350406
-0.6832542753709174 0.1298832171686942 -0.7185359734107081 65.48830188512588 0.1050684131431989 0.9912998924740619 0.07927894891133268 -1.1246007767733202 0.7225816381191321 -0.021327753721985827 -0.6909565132294858 4.65213835815166
-0.6844534110148742 0.1268772095102889 -0.7179315439907815 64.45251270868421 0.1014445090362408 0.9917351882653818 0.07855143501315708 -1.0392275132496862 0.7219643618188475 -0.019065415366906154 -0.6916675286583825 3.6346422160363216
-0.6850138142213701 0.12378648010286053 -0.7179366139636814 63.38371318974766 0.09967999817817777 0.9921165512518313 0.07595160758913194 -0.9534203881547825 0.7216785796246726 -0.01953601996107045 -0.6919525790363085 2.594789223100232
-0.6856635008226555 0.12022390352505204 -0.7179218457888163 62.32201945377632 0.09550309358782662 0.9925989607742085 0.07500974726739587 -0.8713614003555019 0.72162644266599 -0.01713231131992891 -0.6920706330672244 1.5532840755376702
-0.685889235818023 0.11881352033025186 -0.7179410167804198 61.25842299685029 0.09468785536931469 0.9927651948000991 0.07383412516637529 -0.7904600522633836 0.7215193457105112 -0.017338263472945335 -0.6921771582371247 0.5168404947048879
-0.6864721448240563 0.11646749787919458 -0.7177682887383795 60.20075865751917 0.09211503049531411 0.9930659788195464 0.07303959794540577 -0.71001860141049 0.7212980074404084 -0.01597759834703545 -0.6924405395509138 -0.5229294452354685
-0.6866140301998198 0.11678265694056339 -0.7175813435218795 59.14022699051284 0.09242282922525127 0.9930273553493052 0.07317576214818534 -0.6310576843564994 0.7211235637328439 -0.016077393006039716 -0.6926198981139479 -1.55561379233527
-0.6871784848224485 0.11499776949912811 -0.71732924310065 58.0869508950317 0.09207456058665496 0.9932160824992246 0.07102174848362229 -0.5502066275369162 0.7206302833561011 -0.017243157342033206 -0.6931050917681868 -2.5876832331982964
-0.6874118297607491 0.11330649894986129 -0.7173748069180478 57.03913225300412 0.09236404238368831 0.9933736729238135 0.06839319861213826 -0.47262612186744757 0.7203706406979116 -0.019245343270008135 -0.693322260412071 -3.6140415089599056
-0.6875054803441009 0.11180717511646156 -0.7175202924582038 55.986652530174446 0.09250749233985292 0.9935105330196334 0.06617540812143828 -0.39904098818977457 0.7202628536567851 -0.02088004721076962 -0.6933869376262176 -4.6457538503796005
-0.6875287740461516 0.11178759154859075 -0.7175010238559687 54.93131422571775 0.09270927408312268 0.9935065078067369 0.06595308517913216 -0.3271833248969292 0.7202146731062705 -0.021174355277813632 -0.6934280577832139 -5.679918033447722
-0.6877258033617059 0.10988438011960944 -0.7176061889338939 53.89530616702871 0.09185803590587613 0.9937049596031728 0.06412920161341777 -0.2608282832350855 0.7201356265523924 -0.02181458837083567 -0.6934903049821299 -6.701384200176824
-0.6879746864494113 0.1049737091726949 -0.7181026049161519 52.853752389780475 0.08894838737897459 0.9942201473945546 0.06012056966989969 -0.19544551655085513 0.7202631568999694 -0.022512638612123086 -0.693335536313561 -7.728864612940022
-0.6880531239835938 0.09871723875762477 -0.7189143240668456 51.808440744936796 0.08417372787278746 0.9948734485470105 0.056050021518103295 -0.13239565957750923 0.7207618761507929 -0.02194830627297271 -0.6928351822326433 -8.759676621963703
-0.6881498995189788 0.09335026980618835 -0.7195383540292578 50.767630972785064 0.078711596093335 0.9954410279236623 0.05386691532587761 -0.07579293725902271 0.7212864898446768 -0.01956749992711379 -0.6923603920749299 -9.790139269490464
-0.6882243911762556 0.09069389725254226 -0.7198067826793659 49.74350583156938 0.07441017094746011 0.9957473849595035 0.05431640457434066 -0.027393082754739444 0.7216718879446795 -0.01617907127925392 -0.69204618617756 -10.802990884288942
-0.6885761471819069 0.09049912241583723 -0.7194948216450808 48.712088078003454 0.07213463853539179 0.995809197282415 0.05621953869540237 0.023860053067659183 0.7215673797057937 -0.013189065536229614 -0.6922185818762735 -11.814539126297968
-0.689427732750804 0.09115817683489436 -0.7185955664420889 47.684279333147856 0.07170778221270041 0.9957656584012627 0.057521713455348684 0.0761825204032418 0.7207963618694379 -0.011871829885978725 -0.6930452109140817 -12.821517740505733
-0.6908103437728554 0.0921995663522156 -0.7171333968662282 46.667150733020556 0.07210174506011174 0.9956769313917861 0.058555842181006235 0.12735041365444288 0.7194320032468056 -0.01125558788797054 -0.6944716728892458 -13.819015473733238
-0.692607338495204 0.08801567768062088 -0.7159247971295682 45.65755318507348 0.07327121422525827 0.9959783288613783 0.05156062067563324 0.17598118688597308 0.7175837260059219 -0.016745414922343865 -0.6962709151261021 -14.811663072982197
-0.6940891175314321 0.08727412029760191 -0.714579264218267 44.64109446173288 0.07809068841212448 0.9958945595431719 0.045780679938553316 0.22197219499439197 0.715641070165592 -0.024026114929294278 -0.6980548721222806 -15.80485280741309
-0.6955153781691464 0.09178008347192695 -0.7126252696951728 43.64568365764662 0.0850594563565586 0.9953512224602378 0.045175577818565064 0.25888524126701157 0.7134586516502212 -0.029195208935728183 -0.7000888459050398 -16.78162548643131
-0.6971581507453759 0.09937670565631422 -0.7099963262033038 42.649731680799405 0.09292906869695917 0.9945173768805508 0.04795180156937352 0.29673035866643466 0.710868976000781 -0.03254930806532152 -0.7025708800570037 -17.760489684272073
-0.69973240829735 0.10356153781667866 -0.7068589425503772 41.671363257978705 0.09643771068585594 0.9940735185103535 0.05017576859522138 0.3369592099731374 0.7078660358684102 -0.03305824680007825 -0.705572694754021 -18.734998669642575
-0.7027759202253805 0.10351780846609207 -0.7038395195509762 40.71769035391278 0.0945805672369728 0.9941696401112503 0.05178072017849705 0.3779504183972389 0.7050961085217372 -0.030179297729553276 -0.7084692567331743 -19.70584037699647
-0.7051205726871753 0.10275768961322229 -0.7016023340886665 39.77373888547577 0.09234705400145789 0.9943249246612212 0.05282012698501426 0.41722759111992047 0.7030483621989009 -0.02754635044455213 -0.7106083302260338 -20.67648331337892
-0.7076229186067006 0.09942557080893151 -0.6995601195979192 38.84941175097558 0.08915681384013228 0.994701368599679 0.05118837613956679 0.4550733663750041 0.7009428418982573 -0.026148483230354236 -0.7127379526981492 -21.636981136387707
-0.7099423500114832 0.09774227448307131 -0.697444124958445 37.93992256844267 0.09154327572214847 0.9947278295126234 0.046220924516585375 0.48999906087790757 0.6982848189171996 -0.031032128060855223 -0.7151470608887316 -22.57867544687336
-0.7118743680272105 0.09707935154492343 -0.695564866600865 37.037689379550486 0.09569557858828391 0.9945711837362361 0.040871955179070496 0.5173860017748074 0.6957565956457104 -0.03746678509191473 -0.7172997975953782 -23.50711658804811
-0.713484766144659 0.0975264421148957 -0.693850186688678 36.15731698978021 0.09775315594738597 0.9944361285452806 0.039256932460449964 0.5411329681370567 0.6938182823923151 -0.039816822227400114 -0.7190485461259845 -24.426498952491922
-0.7154657517312059 0.09523664696111353 -0.6921262451137848 35.291067705421426 0.09386297673914931 0.9947870874570943 0.039854638704945315 0.5611878915478161 0.692313873685456 -0.036450400604660406 -0.720675286518416 -25.340964944722256
-0.71734911327752 0.08887047279053031 -0.6910226398215517 34.43835984820768 0.08649272436978143 0.9955182022197604 0.03824287750984894 0.5817529886661329 0.6913242786934684 -0.03233493644849306 -0.7218207489216631 -26.25839916315907
-0.719008957883037 0.08172807102138507 -0.6901787021424779 33.60721877343963 0.07889761322612766 0.9962405091443368 0.035777291220228935 0.6018979333181973 0.6905079906207929 -0.028729259422413094 -0.7227540000179021 -27.15579198389567
-0.7203286857652306 0.07777450035029192 -0.6892588131892118 32.78896959939309 0.0712905703987565 0.9967328170572205 0.03796506253651596 0.6198668198719539 0.689959592321138 -0.021790330342705406 -0.723519828662358 -28.042199513962125
-0.722135427651689 0.0748167398143847 -0.6876938850781368 31.995637123744654 0.06331428568587648 0.9971097261717684 0.04199399006706528 0.6351278751527878 0.6888481148688692 -0.013215499128386415 -0.724785226963406 -28.912562128185698
-0.7237395233322441 0.07092101397915973 -0.6864191956399434 31.22055369436603 0.05815438038082678 0.9974346712665919 0.041739005712075436 0.6526565578363439 0.6876184773617808 -0.009710114905527104 -0.7260072611614784 -29.75490325824305
-0.7250337366305921 0.060773624166243684 -0.6860267103788192 30.465013803204712 0.04964035594836783 0.9981196467858333 0.03595838930552061 0.6714609666922267 0.6869220594862244 -0.007983564731893347 -0.726687241449428 -30.583213428868408
-0.7252262867426984 0.05080556875012369 -0.6866335465161724 29.72240269796553 0.038723530208880294 0.9987050234758266 0.03299642847817841 0.6888018547408358 0.6874207745082733 -0.0026589975799493964 -0.7262545067029317 -31.400943444161047
-0.7239531867445125 0.043837234042999156 -0.6884548498731977 29.002781541281802 0.02645872569903859 0.9990090608341249 0.03578871617852842 0.7016331503408292 0.6893415113257312 0.007693717097972591 -0.7243956705284595 -32.19605019628876
-0.7204540254246643 0.03941376677331611 -0.6923817965820149 28.28437111922551 0.01648015142069551 0.9990747799614017 0.03972390532452949 0.7181616122790406 0.6933068598092357 0.017208690648040443 -0.7204369917679411 -32.97056376957085
-0.7151066802803162 0.03267351388768495 -0.6982512995395711 27.586021203886087 0.006004890256084743 0.9991572704641467 0.040604065949765525 0.7377938154683633 0.6989895400587001 0.024843316382315784 -0.7147002396247386 -33.716894435448395
-0.707834091049387 0.02559915589379541 -0.7059147135212698 26.91312007897762 -0.0028886775577761604 0.9992298583793741 0.03913241195106295 0.7552376715662281 0.7063728159338032 0.02973841523460319 -0.707215010848248 -34.42704669740929
-0.69853102366079 0.01740111159952742 -0.7153681641633994 26.259528021929807 -0.01283417212831828 0.9992388228329417 0.03683828130113568 0.7722222340784289 0.7154646692948468 0.034913840501178024 -0.69777598893361 -35.102448630260085
-0.6871680966138337 0.009017760669329878 -0.7264424870481038 25.613370822355378 -0.024001387222384075 0.9990953370350636 0.035106138013143405 0.7864505451649246 0.7261018801845353 0.041559445464386946 -0.6863300023204427 -35.757133442665946
-0.6738406562250522 0.004941603146852498 -0.7388601698403652 24.979305237691147 -0.029524793830433892 0.9989988910621621 0.0336080675708204 0.7975179440834106 0.7382865680529864 0.04446117649043298 -0.6730201685073288 -36.3623159458257
-0.6577481323713168 0.00033059323239612297 -0.7532378675227122 24.353555101800403 -0.03555029925178252 0.99887189662172 0.03148190531782993 0.8089460973609957 0.7523985450445455 0.047484996024499466 -0.6569943717927941 -36.933452080449705
-0.6372642889251788 -0.005501866969330195 -0.770625690929482 23.736873948812697 -0.04575421386357778 0.9984806452448595 0.03070753954876862 0.81918218193771 0.7692858883239753 0.05482819102674196 -0.6365477919954879 -37.475881866615474
-0.612491171920049 -0.008315300667836877 -0.7904336911435468 23.125342069103713 -0.05401466799890041 0.9980477185542835 0.03135549600249686 0.8268927286546557 0.7886298117374013 0.061899977894966964 -0.6117445649743338 -37.97410943844455
-0.584483216220057 -0.006514890742739016 -0.8113796436660656 22.517418007533074 -0.0553317446266303 0.9979600470451998 0.03184560469076154 0.8327411874978173 0.8095169967293012 0.06350827269070505 -0.5836513782269506 -38.42004025376567
-0.5541618472889663 -0.003424435152029609 -0.8324018982758107 21.912928441566635 -0.05440954217566857 0.9980020600252685 0.03211681655392824 0.8372928715135384 0.8306288272926183 0.06308852058190925 -0.5532409871306344 -38.82158020633584
-0.5213484976446093 -0.004388471297666587 -0.8533325760354996 21.32476686158879 -0.05815305359980317 0.997844791234582 0.030397285455049328 0.8424981487049915 0.8513600685730589 0.065471474137114 -0.5204800857992483 -39.18198386569469
-0.48509794623924724 -0.004682463002868978 -0.8744472866300717 20.734782844755408 -0.05983102146408952 0.9978199913139736 0.027848048490859017 0.8495873731250666 0.8724105864929798 0.0658281055052645 -0.48432058504730746 -39.51103282094793
-0.44736490648324895 -0.0030639042911371813 -0.8943462712717777 20.151416548860386 -0.059306541733381735 0.997894689429173 0.0262473411355227 0.8543007969389576 0.8923829752717483 0.06478272377380023 -0.4466047739843284 -39.80117316171223
-0.4089410908618778 0.002015750419367593 -0.9125585575484719 19.57131528338676 -0.05451708745979098 0.9981575253811874 0.026635346812261092 0.8589880395993527 0.9109308817795104 0.06064232247494043 -0.40807773443947193 -40.051126026233746
-0.36844523132635315 0.008930027274136252 -0.9296065652337858 18.984199679154443 -0.0504909456456913 0.9982857346846837 0.029601627199681933 0.8669439959077071 0.9282773162803624 0.0578432929383194 -0.3673627329239904 -40.2691636883407
-0.3235191514057928 0.016962880648156257 -0.9460695636969807 18.39946655799407 -0.04630738690671038 0.9983574142892303 0.03373572663509788 0.8713363065569616 0.9450878184547437 0.05472416297982278 -0.32220223679331367 -40.4582218947988
-0.2747331390172766 0.025873204983878392 -0.9611723464548799 17.815351464871682 -0.04682630657522714 0.9980917385934768 0.040251439278332524 0.8760638384333687 0.960379612100463 0.056066555229625635 -0.2729973297423453 -40.61660126096565
-0.22077175456560608 0.03663305675461139 -0.974637292298443 17.23528762034945 -0.04848398265317546 0.9976467112843159 0.04848033508216099 0.8865090296969113 0.9741196722231361 0.05795738621095227 -0.21847609839862905 -40.741559601636226
-0.16192204424222276 0.047180581276406654 -0.9856750196382392 16.65805436870635 -0.049313730265244236 0.9972214837090252 0.05583429444794895 0.9041461316451394 0.9855706000057769 0.05764811514346308 -0.15914549074561316 -40.829396969864824
-0.10096628969272588 0.05686389665945762 -0.9932634623313145 16.08551537890112 -0.04783367089258845 0.9969332127683602 0.06193633189250165 0.9235811610258363 0.9937392758035812 0.05376491919515179 -0.0979366386461992 -40.88300581893627
-0.04068997175394099 0.06432734810613314 -0.9970989512000797 15.523099494398455 -0.04706286250624637 0.9966944161229551 0.06622180790376586 0.9440858419952814 0.9980628302724155 0.04962089433855066 -0.03752803850005117 -40.895877112181
0.019103485759497302 0.06939544420573394 -0.9974063009402583 14.969860853933334 -0.048925012266376654 0.9964581385830383 0.06839240620393831 0.9680050218591173 0.9986197474547434 0.04749158215008854 0.022430996819344545 -40.86815180716422
0.07790424800197587 0.07259366428697976 -0.994314380891999 14.43095786770668 -0.05400759717862461 0.996188268938476 0.06849899471055697 0.9927660077991348 0.9954969149074456 0.0483641678803111 0.08152790733856562 -40.80990833605283
0.13576582215523592 0.07527310455312854 -0.9878773209591614 13.900561774449827 -0.0593218392518327 0.9959382220755156 0.06773460856049607 1.0213235092403483 0.9889633769368295 0.04940665481489147 0.13967971054418538 -40.72730874879169
0.19343430679310364 0.07662309262421922 -0.9781165935777673 13.378411906891857 -0.06229176733753055 0.9958934052285081 0.06569673617719932 1.047927330531268 0.9791337521898856 0.04822060865511805 0.19741293833862178 -40.613772498654875
0.2505588197928265 0.07728871461170424 -0.9650112602543557 12.866234335141046 -0.06449698136130508 0.9959261057893534 0.06301849889148503 1.074303285692671 0.9659505252440791 0.046450472558708475 0.25452295845318834 -40.468887421383556
0.30582790653620684 0.07779825630618803 -0.9489029048851106 12.36696312860107 -0.06790795162189209 0.9958999253559311 0.05976494610197688 1.0976844169139839 0.9496619407400759 0.04616026420819395 0.3098571095166693 -40.28970349735332
0.35951375127888413 0.0778359113432141 -0.9298878607373897 11.877438978984644 -0.072960835882305 0.9958090541942628 0.055145661770311875 1.119723346522479 0.930283063948145 0.04801977186640681 0.36368602178411097 -40.07935721069214
0.4119216629014316 0.07696402078652893 -0.9079631507593758 11.399134464103504 -0.0783647369679169 0.995727138579823 0.04885113607266263 1.1417069996887856 0.907843329893698 0.051029452280144064 0.41619284396480655 -39.84061726833198
0.46243646740519895 0.07717894756470346 -0.8832869996023988 10.943044449600773 -0.08214589473863841 0.9956489958800339 0.043990100939546216 1.1585119935493606 0.8828389239217985 0.052215774014064305 0.4667643381329774 -39.57100968268212
0.5112150996900879 0.07916053548141445 -0.8557994691930767 10.501180868390588 -0.08459607486863 0.9955485023922614 0.041553381346758844 1.1760196774837972 0.8552792678217362 0.051154559980747576 0.5156360974829964 -39.27209050363992
0.5588120305048763 0.08302089377494815 -0.8251282601873654 10.066622952112718 -0.08776209793467452 0.9953093533885239 0.04070755732570521 1.195038260680706 0.8246374529022634 0.04966711441316003 0.5634769285576301 -38.947459454730286
0.6049429607876725 0.0862912854172538 -0.7915793253076316 9.644749366732716 -0.08884000063511498 0.9952182474918164 0.040596725809760585 1.210944767503598 0.7912973325372762 0.045765204253431876 0.6097163911188843 -38.59569644603891
0.6478898182375247 0.09072322762555811 -0.7563121573750823 9.237490593281187 -0.09147440081863421 0.9949634583098348 0.04098964043521075 1.223395364198709 0.7562216721431824 0.042626430736543985 0.6529255470447111 -38.21739839102103
0.6883682334624719 0.09365514805029147 -0.7192898500628496 8.846989811188593 -0.09340985478202168 0.9948184218488931 0.040136100703500106 1.2357257993535307 0.7193217459450042 0.039560343701212655 0.6935497134430064 -37.81220375852247
0.7262176772057332 0.09627612302833842 -0.6806899392884731 8.473164060988962 -0.09752512311945712 0.9945590596090672 0.036621405080427535 1.2495397480862307 0.6805121128050965 0.03978925840176578 0.7316557108650112 -37.38321052271673
0.7612845213415059 0.09641524924907899 -0.6412097763431834 8.120833861945503 -0.09983839878544641 0.9945204406101472 0.031006246734467127 1.2637037048756061 0.640685704299545 0.04041278165183219 0.7667389616977611 -36.9274729208578
0.7933541141371122 0.09542309831660488 -0.6012351302854657 7.790351220748986 -0.10037368766672257 0.9946252427973465 0.02541159606369841 1.2740845112911887 0.6004284906680503 0.040187792897608966 0.798667996664515 -36.44446232476873
0.8230176863919529 0.0935053214089039 -0.5602665818646139 7.483284098150443 -0.09903414877488675 0.9948716171125245 0.0205597383336016 1.2803517988583732 0.5593157652547281 0.038564495745832636 0.8280571564846181 -35.9391003186088
0.8499574715425221 0.0914448416674932 -0.5188546400500368 7.198090157828097 -0.09715746087988764 0.9951367004550083 0.016228838618164865 1.2849583288245283 0.5178153380930571 0.03661677675504249 0.8547084223848787 -35.41204643814813
0.874304188827161 0.089654976058289 -0.47702638361758454 6.935022353561274 -0.09538368502833301 0.9953651653988994 0.012253168604057537 1.2851872177957706 0.47591400276699825 0.03478753768825138 0.8788035555184592 -34.86695733981349
0.8963070166656709 0.08693502145136198 -0.4348287409097275 6.691964516686224 -0.09210167160193647 0.995706893795082 0.009223000438057525 1.2822047343469258 0.43376377668498745 0.03178181389100962 0.900465936247328 -34.2948903090937
0.9153189569826875 0.08457846793866564 -0.39374825682061876 6.469588393723805 -0.08913883088848079 0.9959964829625948 0.006728651720688421 1.2778889586073021 0.3927409780198254 0.028939396802486826 0.9191936876941348 -33.69814440319933
0.931434627572034 0.08297257878417709 -0.3543234196742473 6.264698220477075 -0.08711128498216553 0.9961893751030423 0.004284035546979078 1.2711562787239727 0.35332868350660546 0.026875269332892828 0.9351131275464895 -33.08627734574333
0.9448089642053042 0.0820319132949377 -0.3171857284911711 6.079523263978153 -0.08620870190919828 0.9962767206070734 0.0008693052099206557 1.2638820304669456 0.3160760681741647 0.0265228425623837 0.9483630412189076 -32.46305205368261
0.9556503143574622 0.08043860486031801 -0.2833056785816552 5.9081562341267055 -0.08485653286203669 0.9963875948014387 -0.003336128960305057 1.2547366838484517 0.28201391011637206 0.027228510314218225 0.9590238593105735 -31.8204977908948
0.9643852431570257 0.07680330939865619 -0.25310542160606053 5.759378825636109 -0.08142883773071376 0.9966483681922016 -0.007834192086505782 1.2422481985763283 0.25165541354557935 0.028165259545007305 0.9674069831192916 -31.16606676173779
0.9715980773438558 0.07228670282670538 -0.2253260053703721 5.6221960841796825 -0.07710753466784709 0.9969424455845753 -0.012656551240134184 1.2263630042050335 0.2237221584894438 0.029671413621381603 0.9742012127966873 -30.49088157957204
0.9771391947767277 0.07110489973757438 -0.20035739882619824 5.489925294449593 -0.07612313163766965 0.9969458125814623 -0.017444644048053425 1.208569267266275 0.19850507011350627 0.03229767808370908 0.9795675561846853 -29.803497260583065
0.9813589465968475 0.07023907051912465 -0.178888487351584 5.3708212509535125 -0.07518643403715565 0.9969479284254195 -0.021019708490904634 1.1903295470903401 0.1768661020973429 0.03407786643667315 0.9836447940938944 -29.106836369068645
0.984814388081362 0.06732780666705024 -0.16002370911005445 5.261016082836055 -0.07186000479949539 0.9971563995302012 -0.02269921994659156 1.1721141508829225 0.1580403769236017 0.03385382290630808 0.9868521459349815 -28.390295567069288
0.987390460795472 0.0645130440683334 -0.14456190741390174 5.1637255739109555 -0.06858077234000202 0.99737277267819 -0.023328737331233477 1.1491245962538574 0.14267710256155108 0.03294873996465206 0.9892207159877852 -27.66505231419257
0.9892198080074559 0.06224487973993909 -0.13255091999626203 5.072788607719263 -0.06573867316874382 0.9975911591341735 -0.022142855898701682 1.1245073406918245 0.13085334652086722 0.030617873268700663 0.9909288307142929 -26.92415332237747
0.9905227027998874 0.059446423752008065 -0.12381800329962242 4.983555072813037 -0.06253969679194912 0.997816357682147 -0.021243885405134375 1.1028761728076708 0.12228475605398113 0.028786091173207365 0.9920775168260746 -26.168938974705057
0.991479980308382 0.05559184312625446 -0.11780066054788836 4.902916739415466 -0.05824859247203638 0.9981169060532521 -0.01922871097374639 1.0832162987773444 0.11650987135312364 0.025926604646795887 0.9928510769741712 -25.41221527593858
0.9922449689899361 0.05146697335148369 -0.11314182324941194 4.821358832929735 -0.053643847886955295 0.9984274345303237 -0.01627868425517015 1.0627766223444017 0.11212608571624416 0.022221805310012048 0.9934454853039102 -24.63599642417146
0.9925281148993078 0.05191554855509274 -0.11042063644379546 4.732883610471575 -0.053806946128522694 0.9984501476351964 -0.014216723799058313 1.0432500136464802 0.1095114317446041 0.020051895308931506 0.9937832599776326 -23.857570607250832
0.9926057666904363 0.05348843292942272 -0.10896228464770799 4.640468785269102 -0.055306362942529434 0.998375045831901 -0.013728586169769312 1.0253017539092342 0.10805090536855516 0.019653381462392486 0.9939510784973943 -23.068418580419575
0.9927366335475507 0.0528192780479347 -0.10809301679189799 4.553328083363039 -0.05475193687139322 0.9983874857165697 -0.014988454669491507 1.0089376107297863 0.10712703590369375 0.02079789006229903 0.9940277893235429 -22.269129400260873
0.9929875068489018 0.05019314687660098 -0.1070348506264606 4.471453903080882 -0.052021736206982236 0.9985427145729917 -0.014359182957756497 0.9942118385761008 0.10615813771924248 0.019826628049852826 0.9941515752721815 -21.456624206812393
0.9932680126446968 0.04820492904955964 -0.10533252048718893 4.385353050030893 -0.04989250626769968 0.9986641050362383 -0.013444074177836508 0.9792154105735933 0.10454373666167863 0.018608872279066716 0.9943461756336771 -20.636334695838215
0.9933798179182474 0.05022550733623246 -0.10331474127892198 4.28752205344994 -0.05169306651975637 0.9985959381850072 -0.011574934738120837 0.96271265499739 0.10258832402616899 0.016838962355972296 0.994581361739843 -19.80557759457936
0.9935692642132107 0.04922342347825808 -0.10196652289796991 4.195291202784506 -0.05064525553881404 0.9986516289378179 -0.011400969750583955 0.9492728385949425 0.10126783942709566 0.016491773734976248 0.9947224970296221 -18.962628226714354
0.9937784048158597 0.04767342528821202 -0.10065647839526974 4.108278531376398 -0.04903041462375971 0.9987361660123011 -0.011049395498130214 0.936389425013816 0.10000250278604021 0.015915879502598367 0.9948598817000267 -18.11247257214026
0.994037976865789 0.045341849886190756 -0.09915955424198906 4.02519920890827 -0.04659133777629928 0.9988607193047122 -0.010320400878365235 0.9210318586593869 0.0985786376087042 0.014878846695009223 0.9950180260318114 -17.2568117871654
0.9943450643729228 0.04287447986420502 -0.09715797411218717 3.942364018415761 -0.04388829710803421 0.999001792855495 -0.008320772107558227 0.9078335084982699 0.09670424155211108 0.012537816711172121 0.9952341899361943 -16.388876652950486
0.9946168665056813 0.040520952393032016 -0.09536949868581575 3.8598403113425848 -0.04124355549152674 0.999133333003357 -0.005617117768237278 0.8965231643871795 0.095059234127154 0.009520257284684424 0.9954260930417673 -15.507427727203508
0.9948295754507982 0.03834469810890366 -0.0940414798656623 3.7839503836871655 -0.03884805650772395 0.9992389048634901 -0.0035269693488478968 0.8838565301385927 0.0938346647777938 0.007162062143832916 0.9955620324981722 -14.625215784184267
0.9950201718885713 0.035963151515449786 -0.0929597185232242 3.7089042868623494 -0.036370771166295134 0.9993347336539582 -0.0026939037739905276 0.8727617815640454 0.09280099428136951 0.006061505246338029 0.995666226008768 -13.743915802463492
0.9952555723113153 0.03205631550257747 -0.09186260620991293 3.6342930623299923 -0.032494023082256074 0.9994665715682275 -0.003272733045165601 0.8621001208470614 0.09170869232090072 0.006242191446468819 0.995766313348037 -12.874551339044217
0.9954592358592664 0.029007717313403195 -0.09066124904694975 3.561505018641374 -0.029340480400969694 0.9995667375947701 -0.0023395093481929784 0.8509413525923104 0.09055410511031044 0.0049889307888265205 0.9958790411577404 -12.011424462408144
0.9956244214653791 0.02704689872264844 -0.08944538362161622 3.4886820647615755 -0.02704989917740587 0.9996333894301648 0.001178851498240139 0.8405568411963243 0.08944447627564787 0.0012457952679194159 0.9959910309123927 -11.15575458409063
0.9957727173377529 0.02463521417748879 -0.08848616630987756 3.4175024642447096 -0.024251108634955103 0.9996912414746968 0.00541345072548543 0.8315140277774072 0.08859220696972801 -0.003244678907219901 0.9960626952772739 -10.308783316618145
0.9957735972264936 0.024303314327841948 -0.08856800765114521 3.345882783999107 -0.023611333397074948 0.9996820189678002 0.008852450941812489 0.8214995414302372 0.0887549886024715 -0.006723828161634604 0.9960307937674584 -9.473398703173983
0.9957489437322296 0.022824383421519292 -0.08923613941435814 3.2750118490866664 -0.02208598059714461 0.9997132499801755 0.009253500696486353 0.8136055888620475 0.08942175639750831 -0.007243295900682951 0.9959675115922633 -8.65058048222541
0.9956076458787606 0.021962574690284953 -0.09101132226667256 3.203115592580411 -0.021270372760516153 0.9997370392733724 0.0085687541418047 0.8087932269728402 0.09117558176608845 -0.006595272389197313 0.9958129923192067 -7.84239234497111
0.9954117534132318 0.020884541316671352 -0.09337706945920554 3.128592709336428 -0.020439885560544185 0.9997747443735363 0.005715906848831594 0.8012555959152734 0.09347540984168223 -0.0037810642450178808 0.9956144089496242 -7.047227990547704
0.995140499538212 0.02339128804255978 -0.09564639994557675 3.048504068026861 -0.023234394304544024 0.9997262520853651 0.002753872301463808 0.7923693558017683 0.09568463356329367 -0.000518203687598364 0.9954115643113665 -6.262955964473067
0.9947635780941071 0.027092185151713615 -0.09854662450391691 2.9656892443454343 -0.02709922374078877 0.9996319452173497 0.0012673490549682657 0.7840995104781722 0.09854468920271163 0.0014098243457158883 0.9951316277886358 -5.4872280119675905
0.9943749585406664 0.028922543457345542 -0.10189174798386512 2.888591441682853 -0.02865472080806748 0.9995809956042848 0.004091479214296257 0.7766150366544318 0.10196739087896145 -0.0011487848829630505 0.9947870784698779 -4.71321940813115
0.9940220906283346 0.029384881802018196 -0.10515042588766714 2.8096751862856504 -0.028399290484087944 0.9995376799153655 0.01085848651569838 0.7698173968368072 0.10542088807669235 -0.007807377978085505 0.9943970440454024 -3.9453361222311107
0.9936678304404287 0.029116468293447315 -0.10851946379304275 2.733535083810987 -0.027512726087991556 0.9994894157946776 0.01624677252946123 0.762337679200872 0.10893710410609322 -0.013158228928456044 0.9939615527576757 -3.1876596309690757
0.9931907248100238 0.03074249668768644 -0.1123702943341721 2.6481134956890457 -0.029096703366883327 0.999444386347001 0.01625731997131496 0.7590619393974982 0.11280765046982563 -0.012877014284288836 0.9935333997901656 -2.4482638537201873
0.9925157577095289 0.034175538507482554 -0.11723695350018506 2.5559810670717518 -0.0328201712117245 0.9993704645346733 0.013472600988227137 0.7600210705033925 0.11762358207398724 -0.009524031891932148 0.9930125808652228 -1.7176865415634603
0.9917624019092776 0.037910756477505456 -0.12235241191919807 2.4609089766696743 -0.036397158642176804 0.9992309952890137 0.014583034543825403 0.7652269308004755 0.12281117620933399 -0.010009625219435027 0.9923795757677865 -0.995312877674131
0.9910717161956043 0.03750404042607688 -0.12794647438995654 2.3700030459256745 -0.03526695520201971 0.9991836201910103 0.019706217617007762 0.7704827985496295 0.12858108425379475 -0.015017992332845778 0.9915852785708422 -0.27000142587826936
0.9902239803592159 0.03620891029265491 -0.1347048014622 2.2731448077222436 -0.03312924051621584 0.9991374835183977 0.025034824771609683 0.7717056950015834 0.1354951000751437 -0.02032741606660933 0.9905694695535935 0.4414825826542482
0.9891758083730924 0.03670039047554232 -0.14207146605980697 2.1663612710941074 -0.033235105518525675 0.999091163038479 0.02668849376782049 0.7759793852180176 0.14292182440276566 -0.021677852231375562 0.9894965501870259 1.1447482678618344
0.987842980111143 0.03539761066938036 -0.15137125157715856 2.053433466171866 -0.03249863648412744 0.9992387070207466 0.021583443149374423 0.7862823495649527 0.15202001602358653 -0.016401693522584807 0.9882413162673302 1.8437742506621093
0.9861611324099872 0.033902363449243855 -0.16228632313416905 1.9319754653687937 -0.031765889085042125 0.9993713559819412 0.01574233570524058 0.7971861182241761 0.16271800519454524 -0.01036931026515973 0.9866181268303044 2.538183372854185
0.984411415406139 0.031285615964164064 -0.17307621284227878 1.8080482918129417 -0.02947329460385805 0.999480611832459 0.01303194061570116 0.8066367775829597 0.1733940313946245 -0.007727664896971462 0.9848222139411589 3.239489551088962
0.9822574536900226 0.030842129994682325 -0.18498393899953905 1.672868938424409 -0.02883354066297495 0.9994925309222373 0.013539112360135483 0.8112757114812948 0.18530764043404618 -0.007965152104950161 0.9826482762152065 3.939787507898372
0.9800642420423354 0.030523932109886975 -0.19632211041687161 1.5261236972220231 -0.027770995274282003 0.9994737856855928 0.016760774110670496 0.8181563114074876 0.19673040764320707 -0.010974574974193928 0.9803961981835093 4.645324335936923
0.9778832896032199 0.030343461802488533 -0.2069385083560497 1.3676604485814532 -0.026825889718245823 0.9994443338237892 0.019783711187476773 0.8220720359599891 0.20742382591113764 -0.013794850972952995 0.9781539032948882 5.347015534678039
0.9754526492542972 0.029606824738717553 -0.2182099103882874 1.2046897724339414 -0.02560115286320143 0.9994482214061808 0.021162081657994925 0.8216946218720775 0.21871604887353885 -0.01505618334491177 0.9756723842090834 6.05422864789408
0.9728936053590981 0.03106571461793239 -0.2291570510079342 1.0260186862741518 -0.02730737846777744 0.999435808378552 0.01955433486291925 0.8286513334470065 0.22963523190616286 -0.01276660902475206 0.9731930301648368 6.751386692870752
0.9702687689407848 0.030786899863785282 -0.24006391402064356 0.8437378675731309 -0.028105774630210148 0.9994985474464244 0.01458489235224512 0.8383466113673137 0.2403925569783173 -0.007404083283437272 0.9706475148580784 7.451358172459429
0.9676428390245054 0.029109705394270605 -0.2506391053615809 0.6542325102350274 -0.027457381099408977 0.999572076187563 0.010087454051916453 0.8407724830403939 0.25082549373570645 -0.0028791592429987245 0.9680280378864536 8.153061757469219
