gt_x,gt_y,vo_x,vo_y,prs_x,prs_y,base_station,esk_x,esk_y
-0.8096660962134433,1.1425953435689091,-0.8251553964437837,1.435474483658794,-0.7832223845563517,1.1337422867236788,5,-0.8096660962134433,1.1425953435689091
-0.8296190710693031,1.4308722891252168,-0.8369678774487525,1.7295846034742377,-0.8956040741579063,1.582397460746891,5,-0.8112397365117295,1.1460126397461217
-0.8455608886285199,1.7236892889438327,-0.8480008524365629,2.0262270236146898,-0.8593459658210794,1.6989396505374086,5,-0.813671233003673,1.1547730168123562
-0.8594612268640346,2.0223043368301967,-0.8549537437137527,2.331496524865175,-0.8972776376221984,2.048946693501535,5,-0.8152540332244687,1.1704062783804468
-0.868903847296802,2.3283653084397775,-0.8583123853647908,2.6416205736177614,-0.8677045754730595,2.365537753487802,5,-0.8153968760658037,1.2006769220569973
-0.8727091378321228,2.644059018906466,-0.8550863402506232,2.9678746270308896,-0.9410432008546818,2.6869738805543473,5,-0.8126029866492102,1.247080486379435
-0.870330829448164,2.9675681163434637,-0.8374097455327102,3.3030637825079783,-0.9002458260420656,2.8884146658753744,5,-0.8061739147682965,1.3181012313970957
-0.8567384052778321,3.3052647228118213,-0.8032488575766138,3.6467930697241284,-1.125500745654975,3.420218013737522,5,-0.7952361049470618,1.4342733799183118
-0.8320502037663208,3.6600630614173597,-0.7612231515107939,3.997261792388991,-0.7454872084242896,3.8396736368163142,5,-0.7712277770266247,1.5937525502735788
-0.7987390162372416,4.018745827370481,-0.7172800573857387,4.367408424237246,-0.7512936834193149,4.054042373188555,5,-0.7357917720013799,1.8117123960152461
-0.7626074647119976,4.390288208568162,-0.6665732614444903,4.749133506562964,-0.8062373871843859,4.6312433572676985,5,-0.6884269426970338,2.125233986088036
-0.7202539134912849,4.773697972857209,-0.6018880567844364,5.134297629527211,-0.7368782072474633,4.9248138777827,5,-0.6371696051700679,2.5011781843467875
-0.6664754385408336,5.164694745465652,-0.5299915247011764,5.5342199793716995,-0.7088489213848689,5.332637400965292,5,-0.5796978496044539,2.956076714717289
-0.5945053938781992,5.560908071180389,-0.44797695175456553,5.945911226827641,-0.5081565037788327,5.541230442074917,5,-0.4979981207270636,3.5038879124363422
-0.5141622093384934,5.9705715591464825,-0.3587122872273388,6.369214216965249,-0.5363385970442389,6.313393180694928,5,-0.4161278887403999,4.103836252443714
-0.4279284186232764,6.390654660805214,-0.2677977917381481,6.8056139209802105,-0.5733151308447219,6.57848471310855,5,-0.3230468003105095,4.778950798352782
-0.34029095819622374,6.824687220697879,-0.1724726977656037,7.252535810316234,-0.49784036488678235,6.838513789670356,5,-0.23330482846448142,5.437109032816667
-0.2514377231300856,7.26905973295879,-0.06857815878285456,7.711582465968343,-0.39984146578293306,7.1083436500791946,5,-0.1383862797581944,6.101691282212888
-0.15442952911346897,7.727774644540854,0.043080563309669806,8.185760014202824,-0.0845381871450067,7.852511205236362,5,-0.012023141763677081,6.84387126838851
-0.047457177140554196,8.197931976473606,0.1607027378357203,8.673091829343592,-0.09097877516961889,8.226373630379523,7,0.10237837548734599,7.533944746795881
0.06278089573836843,8.688352110268498,0.28162546193428606,9.165890286865263,0.151975529745114,8.854576482597684,7,0.2450943826592417,8.284378922219165
0.17239220222361762,9.18116273327265,0.4020570951278504,9.677795377855713,0.20877878620154872,9.335416591831558,7,0.371997489036201,8.974004220478442
0.28586452222435876,9.694156265982576,0.5418086839129352,10.194113570814235,0.2632247168457706,9.690191824322476,7,0.4971071163583815,9.64661326941384
0.4136745487689153,10.214702527013614,0.6926952352810956,10.705708874583017,0.39426084567980707,10.216055895655385,5,0.640553859432873,10.369001270238572
0.5561854169271805,10.745851002874534,0.8557495802753028,11.248594790045571,0.42276242224651106,10.950170205196006,5,0.7726624041916856,11.040251004029004
0.702434052958254,11.286832829145059,1.0148309636141124,11.799384545462631,0.5077791704810799,11.266687572427545,5,0.9283393484185397,11.747056286826995
0.8445725620521874,11.837296115120461,1.1816047681130402,12.3691353156467,0.8994244162985023,11.837479367285951,5,1.0941214599771123,12.388332368291035
0.9924736520226147,12.39874219465677,1.3644525267136873,12.943524907520956,1.017953982004856,12.41287598063617,5,1.2601414228705794,13.03129456006694
1.1521687255919768,12.96608730586849,1.5533542753259022,13.5240631970854,1.088821475184761,13.067911000734314,7,1.4419661339210108,13.742094132629123
1.3253741803156018,13.547436471748842,1.7471914492330778,14.123010719522942,1.2787063785210262,13.750274575838404,7,1.61788464673187,14.392228206143796
1.5024200549873776,14.137179946569233,1.9494176648268469,14.730719383236103,1.478224106687986,14.181581236064972,7,1.8212175302506592,15.095198341247663
1.689018808657968,14.738927350966438,2.1555515226630435,15.336487472076303,1.6021342452443774,14.75963194636746,7,2.005846318683987,15.727404198564106
1.882057071713862,15.351735194969818,2.3735115115718197,15.960505651943441,1.794210611224454,15.445025832597338,7,2.198270910087034,16.371848860468848
2.083594694829764,15.975892783003005,2.5961422262337104,16.59186669260627,1.9174368250641656,16.085026761635635,7,2.4111886045974704,17.089065037330137
2.292106746342214,16.61100565570526,2.8190766020297016,17.2248142017645,2.223996333321009,16.575151425452184,7,2.617198824258981,17.725644021269886
2.5079068294718567,17.258185461651546,3.0464010850770338,17.86689413000838,2.368198505503737,17.205980219905236,4,2.8416446649982645,18.436347369547267
2.745473866923784,17.928276826558072,3.2965007947476175,18.543833701527234,2.674280751401746,17.888334628506584,4,3.057826686922567,19.083259010988446
2.9806960654279315,18.57479458418058,3.556623832716995,19.222593312502134,2.8978148689524703,18.74224437225993,4,3.2814919339454516,19.75737723109488
3.2314159521487094,19.24708604940317,3.823142400215376,19.901806013319934,3.2078950821719303,19.342346037768962,4,3.5389262302409152,20.5048321468308
3.4900052107524813,19.934091166413076,4.094181565118896,20.605531055014588,3.4635566801574886,20.261462477581606,4,3.780969007572904,21.203266070066324
3.7538418289338673,20.630481373201235,4.373822919302632,21.30472683333862,3.6908735933968524,20.803131661529804,4,4.049509865544348,21.971724928240448
4.021376447356129,21.340564841130455,4.660394420973894,22.020655695592385,3.9977803572322865,21.387369082687627,4,4.3036619168838905,22.659228493001887
4.296555100017111,22.05720609629771,4.956418910822333,22.74418062734799,4.13050243283621,22.248375814956944,5,4.552956536776418,23.371249619608207
4.583140566335114,22.787990327825085,5.265680562298277,23.47579305134435,4.574676515466228,22.814389176762436,5,4.846770652033698,24.154682617878706
4.8770331467891515,23.52237031266521,5.5872749950645035,24.219962495917343,4.989892773103725,23.41522325187126,5,5.2022514817646055,25.07158254301248
5.200865627266588,24.27379354422333,5.914474007001368,24.961019046180837,5.253845860989713,24.53611067384861,5,5.442309169997745,25.624652275240372
5.523777813734362,25.010919861713468,6.258416601806615,25.710912482031546,5.547482279422844,25.094211302683984,5,5.745860866198179,26.35074592124333
5.865655201618537,25.761878617591556,6.609272111543771,26.461169775561775,5.895178516824019,25.680557095937832,5,6.064230230834423,27.073365787101725
6.2098552828915485,26.516544637912304,6.971565129433991,27.219705267126777,5.904046330558095,26.483928799231577,6,6.39416983057167,27.884637600904362
6.566106902987338,27.278252086844354,7.339107090142827,27.98180364669232,6.595466094858776,27.374494500403245,6,6.735735407051011,28.625937404003317
6.930063027950174,28.04484385011007,7.72749126308434,28.758196985520726,6.896998000669256,28.077891558521134,6,7.111223538799141,29.44828920669945
7.309737592522469,28.818536247649327,8.125051619365133,29.536579614193798,7.317268688903464,28.76276298370795,6,7.474394248328832,30.18396712025618
7.693666538233327,29.598202570930685,8.53141712739849,30.322152633940817,7.664850836904519,29.591803375924083,6,7.8477741767816385,30.936035044662802
8.092382780892493,30.38967912435662,8.96764352107065,31.123265534468832,8.033072221234931,30.513598633060063,5,8.261856484816416,31.788931169192793
8.503661697859382,31.187005450692883,9.438844149763613,31.95971875607291,8.293561599884162,31.289469956623947,5,8.647708260757526,32.56196773387593
8.923927675863634,31.990493061334664,9.92378388311918,32.801927060191,8.828856496651817,32.23065177594316,5,9.09134824365084,33.43909963707654
9.354351938502136,32.80012165697689,10.378127338214222,33.62292757600093,9.363268869172966,32.81818793308974,5,9.521312717607332,34.214909358831335
9.795533782708977,33.61596674770559,10.90705677323023,34.47859954378252,9.795457349893965,33.79631780981835,5,9.967857622994725,35.01845110259021
10.250395048687938,34.43957235044643,11.423561194309013,35.33364785036477,10.152789477394377,34.47444090149652,4,10.456028874365618,35.9032939066473
10.71355658202229,35.2732617414183,11.977376948270397,36.21365077603533,10.817304572177498,35.405018495498595,4,10.939759314675156,36.715449843489054
11.188606481036299,36.11676056146674,12.547240612068222,37.135200431091675,11.14442210310756,36.18172463974764,4,11.42605674949669,37.540021363238374
11.670109935989785,36.96276458114093,13.053671370926645,37.993606314510124,11.541909901498089,37.029984997700915,4,11.951081907142424,38.457590364841906
12.164711319961054,37.83889890280505,13.569647256814914,38.862503044500365,12.110751196184195,37.911229317761716,4,12.451942692247759,39.290836213070094
12.664884401443215,38.731591562382675,14.115814241693432,39.7661638570858,12.670016017752134,38.615836363280955,6,13.006490735001782,40.21021769554788
13.165597586106536,39.630595445234334,14.611893793189374,40.64795990105652,13.041326745083229,39.4709476072717,6,13.510911278873232,41.04351938443689
13.67512159960184,40.53952938034265,15.136159416530521,41.55511694914631,13.677854979560234,40.616271869123146,6,14.031126516092906,41.913526560883994
14.198084061760149,41.45394523898854,15.674445236612996,42.474323470891456,14.226373419131594,41.52100936457531,6,14.597065984709749,42.8835861558017
14.729326593384977,42.374461958237404,16.209651947958555,43.39106190773289,14.660972921043008,42.47621893020495,4,15.114805687564921,43.76847855257631
15.266654158577039,43.29797910348463,16.769496883671067,44.31935475891217,15.35117727539485,43.17236692311413,4,15.693696340232854,44.73288264075456
15.80930686923682,44.2204527394861,17.330751128890522,45.25189089889376,15.945253871985567,44.27416198592165,4,16.23936638556246,45.61809648184656
16.353602423440307,45.1392387243729,17.897731694681056,46.169864867986774,16.379582195163415,45.121131066343025,4,16.785064432075693,46.501024984850375
16.905399333232765,46.05211906504194,18.44400700344449,47.04667556096967,16.996175186884088,46.12130421280011,5,17.38628626824023,47.47418697005632
17.464129965634317,46.957498454429754,19.004180512920655,47.930395306096976,17.463739382174314,47.16623563979789,5,17.941292238728426,48.354057879734505
18.041259751040652,47.864711580411345,19.58690335403176,48.81669986909683,17.81696941688047,48.01620780779561,5,18.534712468496252,49.31329726615693
18.638627869570954,48.758830962683476,20.19293296740963,49.7132462383676,18.794176600881055,48.86146770841331,5,19.126537734082607,50.169438406277855
19.253559104352366,49.64492155829769,20.811014115291236,50.609999457486786,19.348418427947937,49.79445125639053,5,19.732159259105394,51.033497176204754
19.868951094553296,50.525352747908705,21.437232677414944,51.49669543838002,19.99264310633385,50.54702481549189,4,20.405246066317567,51.97227922865048
20.496348821534625,51.386452553477376,22.0659045000028,52.373822825779996,20.557089053167445,51.55002291234714,4,21.032870624108455,52.82082819067436
21.118722301076666,52.24554540968852,22.69597502681432,53.239257193265246,21.00927576257044,52.22869600558777,4,21.658094999479797,53.65175025033604
21.746475509682035,53.096968903087564,23.33869231493085,54.1267989566152,21.609204154695192,53.140009090557875,4,22.34192785015139,54.56969970003547
22.377430177573167,53.956857067838115,23.977719746425368,55.00210608528932,22.33538332695913,54.06299308089976,4,22.979733467017063,55.39655044987022
23.016493489282684,54.81494245068155,24.629026274058102,55.86992944956784,23.27299003958428,55.027260412570534,4,23.697106345999572,56.315796670238974
23.661971474598385,55.67536736769089,25.274521272072082,56.72769979339971,23.64884119586054,55.82336341565535,4,24.336159953610892,57.13635010050763
24.310630083844806,56.532784052967486,25.928731259138296,57.58027306704506,24.393861879127343,56.5612799603193,4,24.990361579132497,57.95086211136503
24.96394744247249,57.38686065704217,26.587943829698478,58.438109208318444,24.863229660653396,57.38999114286956,6,25.689332810251848,58.84625868505382
25.621733076511592,58.24122021953198,27.25040325811533,59.296457319678645,25.51422836101626,58.43031519855329,6,26.333377069635397,59.664287092943646
26.28658979556268,59.083434809389075,27.920024542119855,60.153904146840155,26.511681112216248,59.20871728542682,6,27.011700534375635,60.47984484294975
26.964337409793497,59.93031588355768,28.593067448552993,60.996220071903196,26.994067506466315,60.0285314501942,6,27.734849843317225,61.37525635808822
27.645620441211403,60.75888269881977,29.270654485328773,61.831257990887025,27.742433023488108,60.80321916291826,6,28.40784097862061,62.17357988751988
28.335030763512506,61.59171626134385,29.95416488565213,62.658021423334176,28.29141241582333,61.614785970998355,3,29.134674505283478,63.05196900302459
29.035343341321283,62.41894206199055,30.65702697073403,63.491482186684635,29.13291541669429,62.40789960678771,3,29.819163834522335,63.83718142716276
29.743263457916246,63.24753548327563,31.37100752329455,64.31908326878946,29.89765287825092,63.310264592377976,3,30.519466480727836,64.63288451784153
30.460165256371717,64.07053536504901,32.09222385063588,65.14017389222522,30.449529814865794,64.04627071969121,3,31.275486086099757,65.50297932215065
31.184711147437554,64.8905983555724,32.82486437685601,65.96042969380665,31.249736323937455,65.04364208218227,5,31.982420415585207,66.29816507837654
31.92786783072342,65.71693721838074,33.57257411325287,66.78308289006237,31.915032430074504,65.8367829117753,5,32.7560195461898,67.17238140852342
32.67521149090411,66.53454178017327,34.328448960576985,67.60125974135072,32.62050665486898,66.51081216730549,5,33.469900359962764,67.94643666616086
33.42089289355146,67.33580882757862,35.09289249340125,68.41413001372868,33.454723057653254,67.35147935581988,5,34.20374904087852,68.72846240423812
34.19618295414531,68.13353237332062,35.851495009531504,69.21039986457619,34.31773914196379,68.23451663998758,7,35.019217534025735,69.59677501273183
34.97903332024084,68.92724182199878,36.64619119839975,70.02270024288933,35.194124556790136,68.93649916824688,7,35.78499430943193,70.36813410156991
35.780891187377435,69.71540465413193,37.4344963227245,70.80983457755356,35.720113196419184,69.77146969938016,7,36.54259955984878,71.1450755944616
36.58879175753688,70.50347441872957,38.24494668940014,71.60551850062923,36.765121368288426,70.55324549614272,7,37.40006885188323,72.00096177537841
37.41327972241801,71.28954823316899,39.0728146888114,72.41064385028896,37.245182785406115,71.33180131124533,7,38.17073765188552,72.76843668183022
38.23454467731334,72.07722072371901,39.90541121555915,73.19940686310298,38.01683583113285,71.98276475723823,5,39.019558753737556,73.60540636582044
39.064726750098856,72.86073034101867,40.738694307746904,73.99420425886984,39.07694939754015,72.86286173733178,5,39.82406558046701,74.36303459394068
39.901299216353316,73.64192353478857,41.59625371053017,74.79825149986871,40.24033182824841,73.96347408188282,4,40.66770198763467,75.15092942426337
40.746422814085214,74.42151717181837,42.441171426154945,75.58484336177192,40.77662706901324,74.51858682381076,4,41.564003127951494,75.9978403664292
41.604548610714204,75.19736851546568,43.33325589343747,76.38024707985942,41.560490522713216,75.16919643806413,6,42.389647797495996,76.74629619482214
42.475737887799355,75.96749985145668,44.20360102460429,77.16334581542066,42.50105097770229,75.94446952982402,6,43.234012128370374,77.49909365306422
43.34889364334132,76.74216782443975,45.08942382398968,77.95379590111084,43.47106308900408,76.70640075890725,6,44.16821072923241,78.33152339454945
44.22717627048872,77.51306732183869,45.990854448417345,78.73576945315814,44.10505098339945,77.49549744113538,6,45.01195248143593,79.07707327767278
45.110948862742816,78.27788234048172,46.89932441585986,79.50777626745243,45.71454974239638,78.27148351911093,4,45.99913613146514,79.90139840852112
46.00874852140525,79.04805438293282,47.81398787376789,80.2917218395696,45.9231625201653,79.18451658332546,4,46.85657460495614,80.65068548266412
46.914309481128385,79.81822965871004,48.72125154258765,81.06007757610955,46.85143959636357,79.8287991205094,4,47.72914496838117,81.39301799825603
47.82306919226163,80.58622872401119,49.643282221643254,81.84325217825274,47.896632217495174,80.5305447530859,4,48.69781309608871,82.21031414709154
48.74003307523404,81.34798889629644,50.5696265711662,82.61558152266733,48.795981752113455,81.33065820404065,6,49.58880637412271,82.94379797560791
49.66758746165645,82.11265380678152,51.49060807571422,83.37340377069715,49.74445922931734,82.12067807446604,6,50.492293151759085,83.68207656545522
50.59696706538143,82.87082518780714,52.43620606775007,84.13691399651685,50.62776748796625,82.83922395450858,6,51.47882717292699,84.49512503375534
51.5398812421026,83.62359624418147,53.403116115872535,84.89715585955788,51.361008743310265,83.53081790334397,6,52.375028649810254,85.21705307562145
52.498444778307146,84.37009751392912,54.38022237961683,85.64673769887706,52.48570900564798,84.57419924355382,4,53.379683217964406,86.04049068092988
53.472850631021245,85.1048615725463,55.36829149849659,86.38305851772377,53.233155219917805,85.13847685226122,4,54.29792040812367,86.76094866338103
54.4586108761908,85.82829893578503,56.35355668442015,87.10334554461701,54.336035210487275,85.78332297666037,4,55.249026846300474,87.47453142511314
55.4550341450585,86.54003046423307,57.35790603846639,87.81940637651071,55.44238286852785,86.4872246678181,4,56.31169963919146,88.25900518924493
56.46150764027296,87.24391844271148,58.38163400160531,88.55070462376844,56.466914460869965,87.22186295523714,4,57.302123747311555,88.95652070814258
57.47953465740391,87.93909115444377,59.432179574962305,89.27446465136448,57.709064522757274,88.03166267291068,4,58.3308279919437,89.6629756425449
58.50466840964587,88.62797368445489,60.48042231792244,89.96864628793149,58.64157048333233,88.67313745839175,4,59.45424897645481,90.43557067439215
59.5436222711659,89.30705254986412,61.54282186899256,90.65167295600578,59.483952946221244,89.37106289291388,4,60.48006575322962,91.11846581459852
60.59451529769219,89.97132054297533,62.60964581310752,91.31822854448481,60.34137736743118,89.96502449140304,4,61.50918095413234,91.79075583541753
61.655459926466,90.62405994664547,63.68716456771955,91.96539123075537,61.629711685803734,90.64518836683594,5,62.66579630495259,92.52990437005616
62.73211540876249,91.2652152671218,64.77913622131167,92.61397375215498,62.48992595307682,91.28893141317327,5,63.72032603121045,93.17576389883608
63.81114750908509,91.89188273023538,65.88352603930073,93.24604896191377,63.84378158805995,91.88252537250342,3,64.90747188539162,93.88196874401268
64.91104472446091,92.51349304533817,66.99139713463025,93.85775477800273,64.95140713516561,92.53741530067548,3,66.0033903928274,94.49858591515836
66.01915278950074,93.12525313313486,68.09390898677665,94.4568141967416,65.94156189230019,93.21303459104169,6,67.1029220998902,95.11375609192757
67.13551469877308,93.72956999517524,69.21184450577128,95.05430482052935,67.19389343387408,93.74282498616766,6,68.3214650550035,95.78481784641289
68.25823942209448,94.3242773726251,70.34031024809819,95.6490815365749,68.32952516926484,94.32234839024731,6,69.440448088121,96.36525219566654
69.38336253040693,94.91056240862419,71.47191738796434,96.23911469334416,69.50033520768706,94.93387598170861,6,70.57234008360093,96.94187280670062
70.515795595055,95.49096886288598,72.61272195337497,96.8169770295463,70.29479287923924,95.46738214492845,5,71.78287143390153,97.57419727641339
71.65188576359671,96.0615700692795,73.75530029934578,97.39303753739524,71.78721377998241,96.06794451625807,5,72.9184057322917,98.12249109068098
72.79366070932608,96.62764609585325,74.90243011092508,97.96546911750362,72.68054112719022,96.62101488926754,5,74.14065324851141,98.72798417368257
73.9283237081759,97.18341616693503,76.04661826123233,98.52245865854975,73.75425575220223,97.39743770463237,5,75.2500873416369,99.26605835878328
75.07125840068313,97.73568667262299,77.1938176707868,99.07707595480429,75.16187799441238,97.72589433569729,5,76.38900863001702,99.77942229477895
76.25144464655293,98.30203336151514,78.3451022340218,99.62765603306845,76.26575389989443,98.24721275791448,6,77.62837818947713,100.34565750162977
77.34995784039229,98.82257692407704,79.47677247882082,100.16812331090307,77.18081112172173,98.75380616017148,5,78.73480291265955,100.82839865333847
78.48361593281928,99.35422968639215,80.61254434921574,100.70369010119417,78.55396079557764,99.33934710365367,5,79.86490417519242,101.31000825847875
79.61436223145334,99.88119813028555,81.73897383252772,101.23043467165657,79.43126095527657,99.8334509438924,5,81.0748833422832,101.84032062121855
80.74466448066772,100.40323465596353,82.87055235823162,101.75148656552248,80.69990285472362,100.39172717956873,5,82.18250371438629,102.30032091461476
81.86427917968784,100.9226847886379,83.9965686138239,102.2755013797994,81.63178526479088,100.87132353008668,7,83.37513328129134,102.80851856742125
82.96668077486449,101.42459446776039,85.09584552487273,102.7896084634629,82.94996728973193,101.45956585675984,7,84.46851048391234,103.25380617370686
84.05981244352215,101.92055209406452,86.19516804599121,103.28791260989911,84.11742876142706,102.01149705811467,5,85.56710208410439,103.69925250331706
85.15333158788415,102.40732894998776,87.26533448497041,103.78573617191111,85.13657159544815,102.43660398487306,5,86.75435088435161,104.18423846107014
86.24060597721748,102.88234004951234,88.34818703874667,104.27956126972788,85.98502953587955,102.87702037440663,8,87.80571779436069,104.5991026368526
87.3164655775696,103.35451994067071,89.38592608056923,104.75872633374104,87.08082921912812,103.49394931074306,8,88.85656364743059,105.02017906687067
88.3811304977828,103.81797840664483,90.4279266527942,105.22536932911706,88.36520266677957,103.79252000014402,8,90.01871607451386,105.46706581516244
89.44078582336614,104.2655674607253,91.46563813301103,105.6983071303621,89.22884630861378,104.10506751551014,5,91.04678762116936,105.84195577632599
90.48905466782148,104.70780379086833,92.49715804593403,106.16987440345115,90.56476052825855,104.6471819201831,5,92.19136953984548,106.264765500334
91.52771528235317,105.15661025695412,93.50297807510445,106.64405716158069,91.4489142479989,105.13697283774286,5,93.20302840442244,106.64004283722963
92.55747980865151,105.61003937429341,94.48871405072755,107.12649221150774,92.47400861669153,105.67554546953878,7,94.20670704934132,107.02875409129244
93.57999014800168,106.07735066097042,95.4861632844408,107.61045658057245,93.66892954000541,106.07345224684316,7,95.3080884969598,107.46081938659526
94.59416127250961,106.55113828365579,96.47301309525415,108.10383735573205,94.60046934257939,106.73247552954851,7,96.28021230225092,107.8694748635041
95.60036040638079,107.03022761019417,97.45992079450393,108.60579852483461,95.29068162530916,106.93281201367303,5,97.21881073857406,108.26698472749152
96.59812999699385,107.51957548773012,98.43334436167046,109.12288247591376,96.60778381919677,107.53977290920947,5,98.2644106268418,108.72852311261693
97.58741247647711,108.01723077462847,99.3930152915473,109.64165673024338,97.46995385492218,108.02323061055218,7,99.18282871239126,109.15504626689965
98.56439440172501,108.52130593604475,100.34423396900632,110.1715056678471,98.2794989795515,108.47178953358994,7,100.16492004602976,109.63237622711945
99.52987369863138,109.03849126569092,101.28118658978525,110.70784681484913,99.67426763598209,109.17055795939606,7,101.07204922568222,110.09176005141578
100.48138586417984,109.57401288518435,102.22647588949073,111.25893915656508,100.26227485620677,109.37980465331434,7,101.94295230900964,110.54096495564279
101.42890516927318,110.12427064320077,103.15900577861105,111.81693243265714,101.19173938670411,110.03039556485196,7,102.8880083811227,111.05852870857869
102.36819128625635,110.68774944879691,104.08014432741038,112.39275801712304,102.4387564128077,110.60558489317305,4,103.75528559670381,111.54793426264123
103.2954398959799,111.26356481945997,104.99586834275033,112.98789723386682,103.10267602617736,111.25106351181405,4,104.67138837228005,112.1056390522059
104.21292238450275,111.84464801488629,105.88444843026014,113.58171070117773,104.11139010808088,111.8764813486486,4,105.49388823556225,112.63432903728842
105.11925183076387,112.43553100203759,106.76051861007474,114.18418672547918,105.1292179978752,112.45803858587557,4,106.31827035531913,113.17743361339245
106.00299223656143,113.02839520231193,107.61934957024347,114.79878131209571,105.64802422168586,113.05353090425255,4,107.1772549578164,113.7782044154372
106.87116718439634,113.62914740663277,108.45855958218928,115.41403161349284,106.8054866433053,113.6585026325858,7,107.96754932851834,114.33977138075393
107.72578427120503,114.23814072338685,109.28454117713723,116.03334318467724,107.62059937821292,114.18370872572834,7,108.74843147391746,114.90627713326943
108.56841080606235,114.8498925885013,110.09961788115139,116.66395720807083,108.26816978264294,114.91113915021715,7,109.57632906766264,115.53972194140194
109.39648226251695,115.46992989675881,110.89624618547879,117.29104451002739,109.11581137702295,115.39189402713643,6,110.32144859663481,116.12016160839211
110.20684736361525,116.08921119047993,111.67428268259059,117.91946919902574,110.20709236751865,116.13045840662659,6,111.15012456971527,116.76719291969312
111.00473909285364,116.7132883311583,112.43951663411578,118.55105843119718,110.91905308324694,116.72766900748121,6,111.88773116497147,117.36721653065744
111.78674436622399,117.34048875349974,113.19732944141265,119.1928119962308,111.58350577006698,117.40063358816661,6,112.61167924400385,117.98003174098908
112.55317537641966,117.97275205000217,113.94680897783456,119.84175431026041,112.06961707317666,117.7634689964992,6,113.36993559698026,118.62769330655317
113.31339586416914,118.60283587140376,114.67787233465809,120.4934488584267,112.71530437908787,118.50515073987118,6,114.04099022264211,119.239145063424
114.0599316072934,119.23598553143776,115.39652411508025,121.14253127978245,113.86616321480683,119.22929407241011,6,114.74268842446088,119.86630545728077
114.79267955050662,119.87126306485789,116.10499026285436,121.79451352979987,114.77779102689264,119.84345631017369,4,115.51264523746792,120.5478313193596
115.51133831655437,120.50870686727055,116.79803209679606,122.45154295657484,115.35237015197923,120.44108989389532,4,116.19292950692311,121.17642108379185
116.21830123416991,121.14666882992728,117.47947092469221,123.10649004770005,115.76356487740355,121.07169049551294,4,116.90206153253004,121.86108198483474
116.91057876037222,121.78715250238918,118.14826172684121,123.7630623507059,117.01814030516296,121.81555036925796,4,117.58410131463377,122.50322550750792
117.58080510676002,122.4160858346243,118.79993584248687,124.42001994621957,117.71857331856928,122.49153705628981,5,118.2598415307547,123.15293918740389
118.23914724433648,123.04874118414058,119.43618288063082,125.06947858321531,118.32525702298912,122.933518581431,8,118.97862473571375,123.83921675096123
118.87543654352878,123.67068393973776,120.05823674935434,125.7239188568848,118.48824892600547,123.64647248002865,8,119.58238926161603,124.47486429763794
119.50124911931537,124.29738808344793,120.66622608140804,126.37838722158928,119.4869036992201,124.37499154252511,8,120.20872103166698,125.12009662536785
120.10788575378625,124.92842568661871,121.25801787007522,127.03105526498598,119.91086215641465,124.81574817266637,8,120.86306413662504,125.80204913645038
120.70158643766653,125.57210310259364,121.82973971848303,127.68601822399067,120.74593460444613,125.61692382196975,8,121.46190800601244,126.44063327301615
121.28210169487075,126.2185218730463,122.39673021116162,128.3486241082621,121.10022165376232,126.13703162028679,3,122.08054583478038,127.12263888710858
121.8351625778067,126.85384446804972,122.95753168859117,129.02271515355963,121.59492242723401,126.81542314313678,3,122.62019900976591,127.75257016273956
122.37958832176854,127.50198897425003,123.49882674296735,129.69968436965866,122.09278091791978,127.48512032767681,3,123.14303001993846,128.39134110078604
122.90984189712087,128.15581301837602,124.01412458232363,130.3787067701496,123.05136172182961,128.28680491629223,3,123.73280859629742,129.1023906118019
123.43284313876292,128.81917044729443,124.52541788114941,131.07368044045668,123.45965478219345,128.73849296262406,3,124.24251704183767,129.7460528478369
123.94066419961894,129.48638655290856,125.02423478754609,131.77830677373524,123.89871162211227,129.30173414921137,3,124.77909280787483,130.44635464152051
124.4378387132163,130.1641330351826,125.50859768937181,132.4864315784657,124.17909241345679,130.0647165051216,6,125.23169324639964,131.10555863585662
124.92046438882763,130.85249187797635,125.9788369800417,133.1930882195307,124.61654368689403,130.8985676008851,6,125.66973382678192,131.78862828773973
125.39260874851915,131.54460133441515,126.44016533949642,133.91345258537152,125.5796230600279,131.5589010462412,6,126.17808863675036,132.53494877757112
125.84948127153108,132.24374749273255,126.89218943724202,134.6276364735514,125.74248951686522,131.99020613016165,6,126.60219745425094,133.20645722546166
126.29830591867436,132.95163210975107,127.33641735446471,135.35445574348404,126.1647501941221,132.91378520635817,6,127.01619205404899,133.908698546952
126.74701794985302,133.67690557233837,127.77303059308504,136.09048412143727,126.81689922456337,133.70275750044624,5,127.47789669670492,134.68629196826828
127.17573560529395,134.38293048885942,128.20099055806122,136.83131184262834,127.1881650951165,134.4846432482367,5,127.88400007437374,135.41464110594228
127.60416275512976,135.11108191533052,128.61862446148695,137.57856756165583,127.66943679302973,135.22604458526735,5,128.32467566401343,136.21460968539685
128.0233360440251,135.84791140682077,129.03014407482283,138.3379138866749,127.86982229285684,135.91639684634086,5,128.69815248612747,136.9532119661949
128.4353822485885,136.59869978639395,129.43946354702845,139.10628168666705,128.25662587245,136.62509501329805,5,129.0652304986189,137.70058490777234
128.84424369524186,137.35136493510169,129.84781981866416,139.887260180318,128.8708976047963,137.3682047708606,5,129.4786802879386,138.52188076199005
129.25877494590992,138.11834394696976,130.25944409675262,140.67910134459098,129.10702990625947,138.09561175158382,6,129.8375822329413,139.2826858205116
129.6715773465941,138.899073552378,130.67275986348557,141.4817680248765,129.46992167046335,138.8731367661581,6,130.19479243354246,140.0596378208594
130.09154131070605,139.69240228882924,131.08329304148558,142.29549307067475,130.00503666519344,139.6621318648294,6,130.59663705997832,140.91899271034183
130.50503126925554,140.4903984851321,131.49472742662573,143.126346075069,130.60451540671338,140.3327805686261,6,130.98098183837,141.70952114671417
130.91929018854486,141.30196375115048,131.9044993852128,143.97004121803036,130.4269865567257,141.33089078024815,6,131.35166744113886,142.60136301133747
131.33114294067195,142.13177794924846,132.32038193030232,144.83314121990685,131.09875136283492,142.00439901233207,7,131.712958169112,143.41960835882367
131.74296430068333,142.97528825488624,132.7241849575345,145.70400439953204,131.62647010784573,142.8693843827931,7,132.08653449499167,144.2584555015237
132.15095966076754,143.8332776299284,133.14592537822128,146.61232435770552,132.0818911837914,143.62045297455305,7,132.4965247427494,145.18103963251093
132.5577224183509,144.7046618025707,133.55891270869287,147.52482868184907,132.29385479802218,144.61228790916113,7,132.85807578353058,146.0493967708483
132.95975436908842,145.58986483690754,133.9579287046409,148.45138931240245,132.91755997452572,145.52948651314645,7,133.2404951562051,146.93898956926324
133.3545656744895,146.49078216602814,134.35453176561936,149.3889698702569,133.10721405449087,146.51298044124164,5,133.6353573217548,147.92912151007116
133.74714316884462,147.40513191073106,134.74210061496302,150.34017072985958,133.71505186261916,147.36560941620468,5,134.01303178094204,148.84302660870142
134.1407796915382,148.35161256418897,135.1221091054464,151.30716854117344,134.01414066740585,148.30420947259663,5,134.4102188481612,149.85367401655245
134.51372057095787,149.2795623526815,135.49509016161878,152.29412416667773,134.56272347295905,149.3072154453808,5,134.78627093198966,150.79622717319816
134.87326309324894,150.24866968523406,135.85083821424197,153.30157604531757,134.567327781636,150.04226121735962,7,135.12862287738852,151.7406728153016
135.22009284002306,151.23478387410987,136.18983588583492,154.3273408134876,135.02793261140107,151.17929094162199,7,135.50034142923502,152.80208284125047
135.54603640941167,152.24358543649237,136.50556037977975,155.36431594062626,135.46645266299853,152.19573726887333,7,135.83604235286623,153.7894904646146
135.85581618117544,153.25898701607284,136.80307405649435,156.42666252016951,135.94680032625348,153.2557332156235,7,136.19277491835908,154.885817676305
136.13761934842316,154.29991842086883,137.0760715482187,157.50467052725415,136.01205566228066,154.130099488316,5,136.48092388342894,155.8897912690113
136.40162261738953,155.3604868441634,137.33217878793727,158.59787793884246,136.44242416282484,155.2522395013508,5,136.76161106558803,156.92048065214516
136.64258423425034,156.43254105773352,137.5641119810621,159.71049298585788,136.70718126440096,156.28194100913058,5,137.0401089518603,158.05745242488655
136.8679625192464,157.52695168315796,137.77697229650008,160.84672410390257,136.44381987446636,157.53194440853036,5,137.23278655225803,159.127079695259
137.06523317723946,158.63967383736804,137.9670067217668,161.99861287614124,136.9634006516112,158.63438684241777,5,137.44739258783693,160.30869189188684
137.2434622303961,159.763519162429,138.12940657778177,163.16325138193562,137.17374125201223,159.65260553513878,5,137.6228406501471,161.39682656488512
137.39698376694082,160.90565495021087,138.26960178754672,164.34384204925365,137.1260992678099,160.83380599830505,5,137.75969422428977,162.50962581436218
137.5242792268403,162.06171112846172,138.37768957676514,165.5407282004379,137.32388134167817,162.02799595119268,5,137.88831579152983,163.74058845224437
137.63276873602152,163.2367779277321,138.46734016458456,166.75272516781644,137.43265693712544,163.16626789765513,5,137.9811890001127,164.88116292268214
137.7163609917625,164.4322423464167,138.54053960287175,167.98109155687942,137.65046468660515,164.43413284212892,6,138.0634526626149,166.05100346554536
137.77638753797385,165.63405725163233,138.587743368844,169.22279243691352,137.76263290120616,165.5896443309766,6,138.13161282386056,167.33622465849382
137.8138431552362,166.86190165595002,138.60876967334332,170.4662499499628,137.7348937708499,166.65779488487266,6,138.16611747108192,168.5156884718743
137.83027127270566,168.08481196157246,138.61320743178374,171.73191405036945,137.97170684382974,168.16114951859052,6,138.19770243079523,169.83924498853852
137.82218323328203,169.32476899403156,138.5892489608646,173.01042408966603,137.71193476634454,169.24762454091325,4,138.18359022530575,171.0529733069017
137.79112277225184,170.57045921411748,138.54110955094262,174.32596612666816,137.72286603734784,170.49884553035895,4,138.1504170442022,172.2891480322874
137.73029355657502,171.82284101072966,138.47021931314043,175.62933346832116,137.70789778178886,171.75880749045854,6,138.09125786558005,173.64833793696707
137.64685618388907,173.0935191902978,138.30015862952536,176.71113794558013,137.7319759901253,172.76429994035473,6,138.01407424145327,174.8653502591229
137.53755689885134,174.37261226412994,138.17339014129564,178.0347554789256,137.31287014994967,174.17096477257846,5,137.8868244101411,176.11502189534062
137.39865511675532,175.65283655593598,138.02655166638962,179.39286356721706,137.4124213836905,175.60900947271767,5,137.7446933500182,177.50581258998554
137.23879480940747,176.94158583233616,137.85624358241716,180.73893781871533,136.97683963367183,176.92031967678466,5,137.56802277527794,178.7913249196424
137.04948112980145,178.24080796546468,137.6614567062918,182.08870959084268,136.97656179122893,178.05799284872478,5,137.36740488290982,180.18915452832672
136.84040308615016,179.5477979075018,137.43903602199543,183.45148738806648,136.87171064604183,179.61544406986624,7,137.1670705832174,181.49781777015002
136.6044727172966,180.8656722677769,137.1889682147525,184.8027416840622,136.5955914120105,180.79613266833422,7,136.93853837931056,182.81138145201572
136.34624592050488,182.18481683828506,136.90999709192323,186.21722131389987,136.36889101279803,181.9093778935619,7,136.6662710602451,184.2400115695262
136.05729889084884,183.52126342009348,136.60715095608015,187.62296775525505,136.09428759872952,183.33092755634664,7,136.39181348937035,185.5641255742716
135.7415747161718,184.8624561604587,136.27170323622263,189.01622013687052,135.57354177220364,184.7285625055243,7,136.07224594559207,186.90988721943668
135.3994155130685,186.19735785719777,135.92255505096998,190.40717310273362,135.24568609728087,185.87286222959233,7,135.69992734117534,188.36731221256602
135.03657511974495,187.53628785436405,135.54526138363497,191.83421828027394,134.94554236783347,187.484362177053,7,135.33884442759697,189.72618577623064
134.65256673330683,188.8824099951041,135.13004793243996,193.27325290613123,134.58903347003684,188.81981840721485,7,134.923065643507,191.2151462430668
134.24657068771165,190.23058659415935,134.68960270907044,194.7758868158068,134.01876086915615,189.96371029655313,7,134.5048374003621,192.5713852193825
133.81260283863256,191.5843931605918,134.21616229208996,196.16668278707093,133.51434662527288,191.49634217597364,7,134.056622541092,193.95274580308663
133.34689588475644,192.9310257070454,133.72012831203114,197.58912868020812,133.23241016866396,192.84832143182823,6,133.55882535444096,195.46282086770285
132.85320759104235,194.28229618687251,133.18661134653973,198.98099387595622,132.66459597783708,194.21167803463018,6,133.0662426415355,196.84114363398865
132.33221461117438,195.63383733616493,132.5999107927121,200.44361619977585,132.21153098134408,195.48587829107996,6,132.54602106745807,198.22577306457578
131.78354335980018,196.9709546893752,131.9975520271823,201.85180686833021,131.6440366601228,196.91306891098324,6,131.9470781100611,199.74336641733956
131.2037337259383,198.32166724069066,131.318906253704,203.34026957656968,131.28127138649893,198.15460008800895,6,131.38080123904933,201.12138529533513
130.587820357745,199.65267364070058,130.63497164298187,204.78021542606515,130.45150251442337,199.59156565090987,6,130.71186537001591,202.6375006290694
129.93793024351058,200.98902064210304,129.9093107761579,206.18122930276098,129.6381500165056,200.70761896119083,6,130.04885361190173,203.99638731656069
129.24963409932573,202.3049416481331,129.13639419339012,207.56122212546686,129.27418342714935,202.2131469919068,8,129.36976011766396,205.3727923183719
128.52023417050196,203.60129783671107,128.31333072600643,208.9578060487022,128.20032633044772,203.52926021518348,8,128.5539880112161,206.87314307624519
127.74859272334997,204.88946696195407,127.46512177366364,210.3104882658914,127.64790544247273,204.83711060875092,6,127.77628217200156,208.2257604739342
126.93921101909736,206.1507532394351,126.58309686137598,211.64326811147632,126.7342023955355,205.97480167784187,6,126.87500658627116,209.68505898005637
126.09353600352934,207.39443625163403,125.67049766308217,212.92050038763063,125.86645287744669,207.07099522471057,6,126.00364517847903,210.9766208560797
125.21394359034622,208.61547936143555,124.71862050245254,214.17323302833395,125.19963722126002,208.37489493352214,6,125.10649883576171,212.2640629890637
124.2947328267121,209.8142784412598,123.72058883652232,215.40359909501086,124.11808722022525,209.46779320382817,6,124.07267247408039,213.65051619031385
123.34723351643494,210.99632445555122,122.7122154294236,216.59406145371233,123.26297635166078,210.67511054395015,7,123.09591943860781,214.87915133182486
122.36654854065921,212.1620199264214,121.64774835024707,217.79846030678658,122.3282245599082,212.0946797289783,7,122.08297099097595,216.11601920035187
121.35461830945118,213.29900454963504,120.5392041685706,218.97725196217706,121.0818757003098,213.19544402169257,5,120.92435904079547,217.45253508846037
120.32088594375512,214.41593738564563,119.4389456964684,220.10503499346203,120.31092079712407,214.22031868737932,8,119.8577262742645,218.61932414301899
119.2579313592533,215.50897391569063,118.29343077763217,221.2203388803413,119.16938433268506,215.32861665647718,8,118.6576626659463,219.8861967617686
118.17040691922946,216.58904548958947,117.1459298775026,222.3012032581974,118.02852327836295,216.42947947264418,6,117.53196137528313,220.99537201495087
117.06185489706415,217.64452692726792,115.94760279145426,223.40376296982183,117.03475119127776,217.60339550190926,6,116.3869428250945,222.09889822695513
115.92589925854107,218.6805927470707,114.72851547782264,224.48352890154686,115.71153685303527,218.4616682407438,6,115.09886027489952,223.28437593885283
114.77462776980957,219.6933114745361,113.52545044784965,225.48592195116942,114.68310890032663,219.50872451418823,6,113.91699206704935,224.31574004686743
113.60554905641719,220.68450623253784,112.30427015778429,226.4436201169713,113.54723141856276,220.66644775487833,6,112.71656596948668,225.33677939818585
112.4238903871658,221.63976993804033,111.07898316443665,227.36668957120406,112.29168809934582,221.42075444394905,6,111.38330410799534,226.41723042761834
111.23438421570202,222.56523801107227,109.82740745313698,228.25657702433787,111.32303955118668,222.52717899598204,6,110.17115442478077,227.34795103112683
110.03417642760807,223.4503563396921,108.59650157699016,229.09449931316635,110.121233398037,223.29924542327274,6,108.82876910720827,228.33329780910682
108.83110143593589,224.30198490810955,107.34174392094606,229.90152618919353,108.53896854556456,223.8934053368474,7,107.56536917891562,229.13664468796296
107.6075943776604,225.1275530915103,106.07827929918054,230.67399489516887,107.55235743907298,225.12653056134775,4,106.30400627168521,229.94190879596886
106.37547319453084,225.91003414688126,104.79047393280062,231.4203575692164,106.25784719547923,225.75276407059627,4,104.90335048309605,230.7931862382116
105.13760114471542,226.66177814277066,103.48053027194875,232.13539095490006,105.06320816035684,226.5071427280878,4,103.62389992395588,231.4997564531623
103.89433426211961,227.37420972815806,102.18442869664273,232.80641744380503,103.83102607260678,227.34875827006113,6,102.32843325569796,232.18538307107514
102.64485965819408,228.04450378571138,100.88620918475273,233.45021075686927,102.76127919829031,227.95879535718453,6,100.91000067889274,232.91455677557622
101.38852732350921,228.68288986626115,99.58346192706544,234.049493183131,100.95159509319001,228.43431186107793,6,99.57323537075287,233.49410813747483
100.13508999990499,229.28192353528257,98.2677161859158,234.62137113642615,100.0630438608597,229.0832475599807,4,98.25495488163058,234.04704244186644
98.87225976642604,229.842521512627,96.95899923618845,235.14918472439862,98.70286567735391,229.65575384576098,4,96.79297844808616,234.64034813719653
97.61324538500433,230.37007923423099,95.66265292604385,235.6392255239478,97.41381507293528,229.60935667494363,4,95.47031470226402,235.0648571281935
96.35377234909333,230.86137985794667,94.36508801916544,236.10507828632217,96.03694029591442,230.5374905890087,7,94.0059613657273,235.56387677761637
95.09550265849396,231.32749372462138,93.04704559403537,236.54063795825354,94.63681532093442,230.8573743734959,7,92.67774345689521,235.9416163735978
93.84396326983345,231.76179311027923,91.71867585816258,236.94826718673696,92.97363089802363,231.11370586546016,6,91.31505476041593,236.2802254051014
92.60824283061118,232.15883296900077,90.41130578040477,237.33056496098945,92.45051101910138,231.77783496639034,3,89.8867616162707,236.6694002097398
91.37601520412747,232.53302796851776,89.13185602934186,237.6732989238351,91.39640008135619,232.50505713353584,3,88.63058290852393,236.98970496674056
90.14456511690292,232.88174018296726,87.85317018277586,237.9990636053546,89.69909163097753,232.2799788892288,3,87.33818805702039,237.2399505753142
88.91642699992005,233.20140482759442,86.56362158926173,238.30311305933694,88.55806700330764,233.00838525313782,6,85.9282612890634,237.5499539648671
87.6966626814776,233.49537901072875,85.28683601239095,238.5825050314002,87.64987675922404,233.37217985897706,6,84.70140508646902,237.78459085559362
86.47992145787967,233.75993707970935,84.00839914224704,238.827005269978,86.11133509402183,233.74614958725024,6,83.32133856831045,238.04896936537594
85.26609864123492,233.99795764967322,82.76896546305653,239.03560875369217,85.1224455300326,233.5196828391164,6,82.11467668749542,238.2023980287353
84.05630846392052,234.2121149878351,81.5344587170796,239.21807203759934,83.83014265067771,233.87269134015924,4,80.90084305486822,238.35101179849843
82.85396098798282,234.39472999709545,80.29411222482875,239.38545688492684,82.90090835900449,234.27386520232454,4,79.58429632446747,238.53366902928633
81.66211804542499,234.56230278785057,79.06044843010409,239.52006330861514,81.43058368836577,233.97144322255735,4,78.3989639935355,238.61430316977217
80.47736089285587,234.7045921742256,77.8315744503955,239.6319713960962,80.15106272918949,234.25998369486834,3,77.21078287729334,238.69148089286554
79.29899705329603,234.82178135963218,76.61013758570526,239.71761385839724,79.13933150333791,234.5924972585423,3,75.91537353531167,238.79519048104427
78.12446958147653,234.91636893545143,75.42579630852775,239.78796304744444,77.96861156803328,234.78835885722938,3,74.77079066231114,238.85029322084063
76.94375851525089,234.99361333221918,74.24021297104954,239.83819374009147,76.88962201308807,234.8559139147478,5,73.5127295284009,238.908025197445
75.81503124421909,235.05225421063173,73.08236235229376,239.8776421400922,75.71440700350261,234.87648528233754,3,72.4038364119124,238.91220786570744
74.68428723622746,235.09915974602978,71.9403850072223,239.9205653838221,74.33977979359807,234.8121400131972,3,71.28248138692898,238.8915476937879
73.5686852161446,235.1362723991487,70.80593905121701,239.94797165335322,73.42614970796063,234.75028905617523,3,70.0706684029575,238.86426924775114
72.46129317294822,235.16700239647275,69.70366552405218,239.97345005127377,72.49850380880548,235.24483312393417,3,69.0281095834589,238.84006004337908
71.37046492231089,235.19113038057284,68.61644988147721,239.98553092049585,71.3960981458589,234.9549999494516,4,67.99524239007594,238.779072037345
70.29814351386062,235.2072447927255,67.5338218499144,239.993139324718,70.07472702206933,234.85055889317795,4,66.84382087826933,238.70974791933412
69.22845640433577,235.2195707203625,66.44673099620913,239.99405016112416,69.18957225805907,235.13622951825457,4,65.85541076325644,238.6419691915172
68.15765601729984,235.22542390804134,65.36527849356096,239.98948601457218,67.77873588019443,234.70349180609037,4,64.73943403611104,238.54532569807117
67.09113595078256,235.2261125945147,64.28941882803812,239.98290014214928,67.01791990064005,235.05305364947,5,63.784451014881306,238.47017132185982
66.04194865472024,235.22595483352242,63.22738611697235,239.98239503040503,65.45106312220636,234.66419646319414,4,62.7901914019781,238.36555633807143
65.00533550052847,235.22818599886605,62.17823660585459,239.97872400110847,64.80142763096026,235.10039878098755,4,61.734368649349776,238.3026341353525
63.97769741493439,235.23148077037283,61.14462945751603,239.97963999771542,63.90520690488252,234.98604556515446,4,60.82035583067181,238.2241713294156
62.95885701130566,235.2386768927451,60.109911290960426,239.9852654970891,63.04562048162412,234.91083712295173,4,59.922532659848926,238.14376090244423
61.94225245863281,235.24917815532427,59.091436593992114,239.98865195090605,61.65499489791721,234.73572537464892,5,58.90215593186443,238.05714068784863
60.93444765796962,235.26118559111936,58.08030739007867,240.0017210729955,60.73521450166158,235.06575378154912,5,58.010135893653505,238.00167652168412
59.93144000444452,235.2807895941854,57.079634492267274,240.0181396250104,59.80451057165681,235.06417468574872,5,57.0355200592644,237.953773982256
58.93588082217007,235.30416770601823,56.078769850893245,240.04160692249064,58.90406559863509,234.87495538518365,5,56.181299853784274,237.89589409686505
57.93626239187003,235.33177371152752,55.077085360930894,240.06716099182847,57.86716362567548,235.23362491928552,5,55.321062282930754,237.87697677676778
56.93930349876279,235.363264217055,54.08897821314236,240.09659063877902,56.933159085505174,235.3056560292131,6,54.376965912397885,237.87406644317818
55.959028240138466,235.39924848093162,53.10845613806578,240.13188016739687,55.94586910902862,235.18673401640763,6,53.53193725809913,237.86587139374512
54.9778113002587,235.44448837991803,52.129050384711626,240.1852653635528,55.01948847002295,235.2996898842202,6,52.685182128681106,237.8740540071661
53.996208995536364,235.49685282385818,51.1573397163426,240.2461465538239,53.873301311451435,235.27938887386202,6,51.74009841027268,237.89101811315098
53.01638069185002,235.5581203784736,50.17698292884184,240.30721392515105,52.96074101826668,235.3671755497772,6,50.894715917165236,237.91829551206348
52.03893279416065,235.6251371930711,49.20289396672095,240.37621874852044,51.99342610361319,235.23126225917537,5,49.965706071143465,237.94406442592816
51.06486934871985,235.69869661338709,48.23047036666542,240.44866441393572,51.02803796967776,235.55902967282475,5,49.12346164090919,237.99778444623672
50.10008985186144,235.77923404883842,47.26386424550272,240.52753326904514,49.96073604531042,235.69969505942586,5,48.26393086373114,238.06575623366533
49.138013085736404,235.86557027514417,46.300682147940826,240.61170724617392,48.85875656914804,235.63014081602392,5,47.309706828229665,238.1348049506219
48.17712133413573,235.9570127169059,45.33806157877821,240.70741732999625,48.21352651670436,235.52091280227063,5,46.46381418044626,238.19113794972418
47.21820565642866,236.05809525479162,44.38243002435788,240.80802078097466,47.11929349559408,236.0946348402233,3,45.59775064680408,238.29678098572293
46.263965702132374,236.16635964772362,43.43234985335336,240.91309394326535,46.09711179238546,236.11999311197647,4,44.64674261924915,238.4111166894836
45.310060854786606,236.2796189682738,42.477314948498226,241.02639555477836,45.175969905880535,236.0732357365467,4,43.77986888734486,238.51238813929882
44.35898359018681,236.40058706225392,41.530280735605366,241.14389676197592,44.290519884603086,236.38068397957457,4,42.90968583337652,238.63773261675607
43.40733936279312,236.52758987799325,40.58583841090684,241.26430858692555,43.3011815159815,236.45401980939565,3,41.955489995582944,238.77610206011968
42.46096806319749,236.66082591576173,39.65302625324523,241.38867862865115,42.50249918357955,236.23683499391578,3,41.0919913605397,238.8825654809762
41.51864966347325,236.79818924674714,38.714931214807734,241.51486358174438,41.42337384700247,236.79378723983464,3,40.13593969534998,239.0416753615005
40.579079163639356,236.94125347602073,37.78111955288981,241.65123180476186,40.528009545825554,236.91648290772747,3,39.2614910248826,239.19231797599042
39.64436255979759,237.09132073047414,36.861487645775256,241.79657810253403,39.69657657589928,237.01669491119324,3,38.38939662759239,239.34530990288798
38.71449254247176,237.25043235440847,35.95630922286064,241.95193159058158,38.72478812373984,237.17670192359753,3,37.43893599339306,239.51859711151826
37.79112904296708,237.41835464281277,35.04558826284815,242.11597139930777,37.71143001991516,237.0755703762778,3,36.56264278302764,239.66237121345267
36.87192854731366,237.5950806018369,34.13306768711645,242.28442936873938,36.68587338186396,237.60360244417518,3,35.60606415331874,239.85660454280344
35.95212887416608,237.77990044222616,33.218482148170374,242.4582857161589,35.837668673359886,237.73223598033297,3,34.7377792759697,240.03906766926428
35.02891865378308,237.9685260343543,32.28856152784686,242.63394787254288,34.89698774472252,237.9122194955246,3,33.86191121012418,240.23146134768973
34.10243495361522,238.15812837446106,31.362368663262185,242.81160403814837,34.027116153948604,237.9954885589543,2,32.815133205332714,240.6568384829725
33.1700196284476,238.34957886129845,30.438267560379995,242.9854965651931,33.11088323657407,238.17780095292787,2,31.835770670405118,241.08416653887699
32.23179051339353,238.5444811339413,29.507850909804834,243.1697391455567,32.12457983468764,238.4518653556616,1,30.84159099504625,241.5274705201252
31.288604774916074,238.74045309713392,28.563946270258388,243.35415106285186,31.304709281037898,238.6549167060002,1,29.755385081940947,242.00953167493057
30.34241106755084,238.9411799214746,27.616663153339623,243.542317484862,30.45604901246039,238.88868202847272,0,28.745232531408853,242.46494968040332
29.392407834877726,239.14448093045507,26.670049699409393,243.73481961768138,29.327922956662963,238.9590404332746,0,27.649529743657872,242.9485678121098
28.441278805642494,239.35714848521042,25.716364094143795,243.92982692715168,28.385244187132855,239.25045669541691,0,26.637923740106842,243.38917318830286
27.484849625325264,239.57150810249473,24.76499405408903,244.13307065955632,27.41873215808027,239.21287981067178,0,25.62413663935856,243.818698251283
26.529514370990405,239.78734388481556,23.81162575085905,244.34293322797689,26.59786720151793,239.77613570770922,0,24.52792552137173,244.27072067421548
25.572718873469082,240.00839999503722,22.867283968656693,244.5599348276948,25.653873871552282,239.9238534622064,0,23.522579987693877,244.6678209737042
24.615057178548714,240.23158566745286,21.918489949230413,244.78337022031175,24.557285724966526,240.29198017351047,0,22.51826462249407,245.050069972319
23.656775073206198,240.46123848353332,20.96834833504468,245.01169429885024,23.546552717752945,240.27183230963774,0,21.436314335279295,245.4551131632126
22.695889898165852,240.70219270396,20.022379650335125,245.2517372111881,22.545813530111396,240.67423510585036,0,20.452706762900323,245.80497699459085
21.733502746355654,240.95052695842978,19.077165529508232,245.49288846034358,21.6129299150941,240.8596494696091,1,19.395455536519364,246.1794559088113
20.791945726498767,241.20485952790065,18.139130100220118,245.75046993915137,20.72237628316892,240.6507770913537,1,18.435820773033505,246.50132590336304
19.84632626931461,241.47271090896547,17.19976710297424,246.01635778025002,19.83004898067038,241.31263833978485,1,17.482469780069767,246.81561450160402
18.901924483324223,241.7498237167978,16.26837345892293,246.29377086901297,18.79845782793662,241.74712475865167,1,16.45867504421296,247.16203216243812
17.96160217548455,242.04515387483772,15.344817506084285,246.581994845448,17.95473684700968,242.03436236569866,1,15.53436647217102,247.46325950505806
17.028080818757548,242.3484217001773,14.426400536654269,246.87764185558234,17.06515077321516,242.26413953096835,3,14.910865973177714,247.10928833408934
16.095110898739595,242.66387387276822,13.510130849441826,247.1899921464062,15.873450105573172,242.69860243567675,3,14.127362726544975,246.9741346399916
15.167882349701868,242.9914844941719,12.60213515475496,247.5059037082815,15.149808093324463,242.98501741333126,3,13.411108675895148,246.91312748823418
14.247153450605769,243.32529601284284,11.690160746058575,247.8359220567472,14.241306074089184,243.0796207585218,0,12.431059036091355,247.34091357272536
13.327497724547777,243.67203615038605,10.774817107768051,248.17385131379464,13.34497382226382,243.53514557040035,2,11.532666816346456,247.74286109367114
12.412793444071118,244.0248241213047,9.85671547184152,248.51732806834218,12.378033702381973,243.93349553077704,2,10.633192201732811,248.15126850947476
11.499066222568374,244.38677780733343,8.943103684501253,248.87011850365093,11.45691347733299,244.40122338867346,2,9.660016591139549,248.59925599641687
10.590642807423915,244.7573943008334,8.039985468757873,249.2284583456998,10.567397956378901,244.4000342380927,2,8.764463878950219,249.0143580709623
9.687316263383602,245.1363596445343,7.142851927205675,249.59751606788927,9.708240404546567,245.18369616741631,5,8.066049712589605,248.97129096495792
8.790535885026369,245.51985857377804,6.252671313691633,249.96861967106656,8.74943936524038,245.66155314211923,5,7.2639563670582055,249.06037336432323
7.898073301076308,245.91125266479068,5.369248620470433,250.34649517106277,7.823598058577133,246.01801395199521,5,6.511959578261074,249.1783225971154
7.011721205850346,246.3066607204285,4.490527704921879,250.73753136899245,6.895260227834545,246.40538338607274,5,5.67589000391918,249.37341019625345
6.134469494578545,246.71094933233056,3.6183617857979784,251.12725416112346,6.159813389852391,246.76406397232134,5,4.913651418616989,249.57342813408468
5.263643759728879,247.12106375784705,2.754248040844937,251.52838421359274,5.403242077369582,247.3883537884247,5,4.148938769828765,249.82810157082315
4.40260364612152,247.53448244179086,1.8933498985137343,251.93580007620133,4.447928814378485,247.40179598391057,5,3.3033802591269823,250.1034523406286
3.542041884104347,247.9562617504788,1.037689750646686,252.34862928303798,3.457643654832643,247.84031888365743,5,2.5115516616708975,250.37671366417044
2.6851020938627896,248.39076798841953,0.18782021674556693,252.77189614332244,2.785187252772743,248.40183482102142,5,1.6660670785832297,250.71389607342664
1.8530907958766636,248.82567477093525,-0.6570318537210945,253.19474439541028,1.8096662788700997,248.7897074770179,5,0.8761769007421955,251.03626550112276
1.0190471125815903,249.26916988114198,-1.4831067941174307,253.62334310236895,0.9717785207408095,249.23208838859927,5,0.08342301642416171,251.38014852981289
0.19390224378709398,249.7196578096125,-2.3147143965878705,254.05959275196187,0.22043915000626996,249.6004775658439,5,-0.7681634341171021,251.76842551610565
-0.6308997013312029,250.1801824871841,-3.126265507688045,254.49720349466395,-0.5513889172599461,250.35654595732478,5,-1.5469536367079442,252.16823323598422
-1.4425575063507832,250.64297173992048,-3.9388066760681006,254.94274908556696,-1.5519499683443754,250.95770843873294,4,-2.3441978631916656,252.59566454637834
-2.252022885624522,251.11119739634503,-4.751260185600625,255.39577925383907,-2.25704617186854,251.42818663521288,4,-3.1967630586933646,253.07024749127302
-3.0506909856682434,251.58675742507498,-5.561965148033867,255.86255447501105,-2.9794144071870696,251.68762189165875,4,-3.9741497036412374,253.50535185812393
-3.848310277327742,252.07060291401658,-6.362065298735111,256.33191616777043,-3.8499066390719143,252.22512828215997,4,-4.759214945199657,253.96032256126367
-4.6435240175943875,252.5616202370937,-7.170323880387421,256.8092396456993,-4.670548661813948,252.56531107214875,4,-5.608488480467143,254.45358227405987
-5.43657251320097,253.06250528000018,-7.9735490067945545,257.2897539608322,-5.379548217156596,253.10151218259017,5,-6.380944897453184,254.92515397933948
-6.226524320966479,253.56732839226294,-8.775174808985767,257.779966670127,-6.228267130996252,253.6476813234484,5,-7.220821682846269,255.4522426407033
-7.0173766797598836,254.07871703011472,-9.5849708297848,258.27334868269736,-7.044262698842652,254.2892393686577,5,-7.994546395691463,255.9600576509376
-7.799147787973801,254.615981929241,-10.398129266483714,258.76925971669687,-7.652352796537429,254.66111563351635,5,-8.758606747658018,256.4667031299371
-8.578293273812132,255.16889500867342,-11.210301006353813,259.2680058268893,-8.59675856145023,255.23998447549084,3,-9.604101389707463,257.0291151963876
-9.360316247185601,255.7111037933003,-12.017791481261877,259.770956702682,-9.312500855184519,255.87341267854094,3,-10.379163420205328,257.5630461057252
-10.13972456625087,256.25730753626107,-12.822919723439428,260.27190425681226,-10.060345214030734,256.3545910744268,3,-11.218371679822319,258.14252064646524
-10.922889518604153,256.7959553643257,-13.623522766195583,260.7707884413355,-10.950654978745355,256.72381648492524,3,-12.000553935463316,258.6653600089722
-11.706999756181638,257.3379556331343,-14.436047226715537,261.27754059711117,-11.739491972949688,257.2526383399883,3,-12.79050280533693,259.19463929699043
-12.50148112645198,257.8774748547377,-15.24904691516429,261.7814285109351,-12.460747613970966,258.0535083616624,3,-13.643867030329545,259.7962896583768
-13.294617897703054,258.4161110564521,-16.055357235329886,262.2895866881689,-13.35516524953733,258.36913371061587,3,-14.439343762590141,260.33289928824854
-14.091250836602645,258.9548902112248,-16.862859001527088,262.7984209456097,-14.212067519767068,258.91531945390017,3,-15.24576549541477,260.8754722339468
-14.886643741687758,259.49698142584685,-17.66540698959433,263.3034690604433,-14.827229783983825,259.8067655819351,3,-16.102741372066745,261.4965925033731
-15.686815226558824,260.042833126426,-18.47829888315692,263.8165109266877,-15.64432152398808,260.15880416857016,2,-16.99983846118831,262.21330823570213
-16.487707868250624,260.5902660087553,-19.295852569427336,264.3312375266546,-16.48394460180095,260.5560155820186,2,-17.982117127335584,262.9966498359384
-17.28329835631089,261.1316136261665,-20.121151075442782,264.8586419858217,-17.294523250064977,261.2317848940758,2,-18.89683062412734,263.7277857259163
-18.08681748850628,261.67930679935506,-20.945303631952868,265.38144945855726,-18.081197978785,261.54805244401985,2,-19.819700106887087,264.45955893173414
-18.896085255445158,262.2275608724588,-21.773861917738408,265.9071535301572,-18.86312329122485,262.42971415240646,2,-20.822334338340053,265.2468913501548
-19.713055076341192,262.7768905512421,-22.60732722829231,266.4359960059803,-19.80601606704286,262.74314346454355,4,-21.546089653986694,265.62779399924733
-20.530223465337023,263.32818286667145,-23.43610702953336,266.9655433869389,-20.471720883634063,263.2776375143951,4,-22.274866330798975,266.0430312392947
-21.347258190076957,263.87783015121374,-24.254898271889882,267.4954878103161,-21.200290733328693,263.9817573646863,4,-23.075770451832152,266.54589376213295
-22.163817418882438,264.4285749161342,-25.08459330623942,268.0311922392383,-22.20377191765578,264.2655750040595,4,-23.831567408003952,266.9797224854691
-22.978738329711007,264.9784491014994,-25.900387191964466,268.5605179294988,-22.97271375319842,265.1745901758758,3,-24.657868146830396,267.5091209489199
-23.794754055740093,265.5295507932833,-26.71645391112854,269.0875240608858,-23.8627387455678,265.5095040741905,3,-25.421485003691945,267.9687093474176
-24.60742972897798,266.0822930629198,-27.535453759283307,269.62021335355206,-24.51721282382884,266.3078141387591,3,-26.17978016434669,268.4583531641147
-25.414913297542174,266.6351781411257,-28.345081040845734,270.1520347236439,-25.36237303146047,266.67742536876233,3,-27.012930503229473,268.98538234139664
-26.220874334164503,267.19021399566714,-29.157468172985997,270.68812686337657,-26.280435995943694,267.3746782963801,7,-27.782868544539756,269.4743639489131
-27.025640621606275,267.7456833601237,-29.971437176863674,271.2287713684482,-27.04538965912972,267.7927350260358,7,-28.55414965514809,269.9590860341945
-27.83445914480008,268.30655343748776,-30.76723349466729,271.7695867320091,-27.894693767357083,268.3932961106371,7,-29.397910138557446,270.5012769702979
-28.633784339587233,268.8679641061894,-31.560068560848965,272.3179071265558,-28.568793410293374,268.88034250854616,7,-30.34936428643697,271.12550552954286
-29.427757853169183,269.4369606192497,-32.3451288532928,272.8655835464253,-29.45502076821381,269.47413237194695,7,-30.95304377572378,271.5042236042869
-30.210511034908986,270.0121146605615,-33.136820743530535,273.42575179162844,-30.17212451125786,270.16636750943354,4,-31.70375878208612,272.0122732781711
-31.00107175765617,270.60135676220136,-33.930115203915214,273.99133939776294,-30.961304601271337,270.7452307899581,4,-32.453107305328,272.5289299535114
-31.76901355717992,271.17960118275624,-34.71802199582143,274.56180987371687,-31.756726676598934,271.01363495229566,4,-33.266029569169646,273.0752185562023
-32.54730675376968,271.773710008166,-35.49324461864062,275.1331087074484,-32.48353593552484,271.86230904577496,4,-34.00337481578437,273.6002923355474
-33.31652287960078,272.37294141743365,-36.26024211816835,275.7127815801682,-33.43125981915957,272.3737693909028,6,-34.75657699404134,274.12868023314
-34.080139463068534,272.97536143744304,-37.018284710378865,276.2964635572693,-34.15253511652771,273.0100842571409,6,-35.566716041177756,274.71624429322145
-34.84519881554749,273.5988410922111,-37.777084549364105,276.89945505365324,-34.86085528032871,273.85698504045905,6,-36.299820710891204,275.2821896631884
-35.59094291634806,274.2194380571584,-38.534287237777846,277.5165029138827,-35.519954792185345,274.2618329363648,6,-37.08258780311324,275.8905597494199
-36.34975102784135,274.8711888883537,-39.297569542734806,278.1513660899408,-36.32794084805925,274.92547127401093,5,-37.79408043950485,276.4624942847523
-37.080357959116434,275.51287213240687,-40.023924159145025,278.78945381732893,-37.10377675104175,275.4249245048582,5,-38.503239027334956,277.03890973516627
-37.81876380410273,276.17845250404827,-40.749762612477255,279.43489565831237,-37.859574139592254,276.32121648502863,5,-39.26640582746993,277.7002026810534
-38.551786066883935,276.85447437861075,-41.49184153326321,280.0948857256527,-38.480694933154744,277.0648124621225,5,-39.949017351996694,278.32631939363586
-39.283810655780506,277.5454182216693,-42.22633651089819,280.77066524129157,-39.14131223992319,277.69216040533655,3,-40.62657556146729,278.9632046549933
-40.01050861446893,278.24751588484213,-42.9563148426229,281.4577300658494,-40.17938623728211,278.1699800032333,5,-41.38395901756958,279.6499050544723
-40.73504035851853,278.9641148795825,-43.66541673584064,282.1376919873516,-40.81064026189113,279.0163652892853,5,-42.064209031810606,280.3057405522507
-41.45168940465227,279.6848261554331,-44.38137359758939,282.8334067029099,-41.405900660028465,279.84250380807777,5,-42.787986224997795,281.0381151408455
-42.165226656010475,280.42290462204085,-45.101638135393756,283.5565445991118,-42.12309013854732,280.5414897075572,5,-43.44912742607133,281.72252495589885
-42.87246291715572,281.175148554813,-45.81931197690138,284.29196797880826,-42.786923365665494,281.2297780612855,3,-44.10698934869507,282.4183451928715
-43.56831649340052,281.9375992986539,-46.526834991117894,285.0427342529375,-43.47222905219311,282.01915090213924,3,-44.81409442469071,283.18884876115914
-44.25604851992842,282.7181905183442,-47.22006267531903,285.8036500525976,-44.054862753356296,282.8178496921067,3,-45.44794382971375,283.9149132078451
-44.93480087282629,283.50994814371586,-47.899027468126995,286.5852371908596,-44.763523586904924,283.36625547157286,3,-46.08066427269818,284.6390381794879
-45.60548330675797,284.3170968200956,-48.57188354967567,287.3707180818707,-45.43798807618263,284.37908339424627,3,-46.75896296239224,285.4553259930618
-46.27046653474791,285.1338954372867,-49.24033320527581,288.17920065368,-46.22909414443149,285.1822510502564,3,-47.38653579946114,286.22161003440806
-46.923476282374025,285.96732934331527,-49.900738478510675,289.0002265420331,-46.82607918886951,285.87591835894176,3,-48.00498103762398,286.9947664130337
-47.566908585347434,286.8083263978027,-50.54840734456872,289.828439402679,-47.48804549223705,287.0358223929156,3,-48.664925253601275,287.8707111710643
-48.2016258301457,287.66559391354866,-51.19230038661491,290.6731129340637,-48.19808586693857,287.80308586322604,3,-49.27304446031358,288.6857592791504
-48.82824874328892,288.5318353784881,-51.834263231268494,291.5205858849844,-48.77711229010186,288.98600003132384,4,-49.917750127954235,289.6046996234369
-49.448509272400585,289.4083184417509,-52.466692812491225,292.3772984783151,-49.42792490780265,289.49781472107003,4,-50.510002706347024,290.4353613569412
-50.06565959851551,290.29311886493804,-53.09748607535164,293.2504584255016,-49.96812335298839,290.64798347326695,4,-51.09734940132659,291.30233226532425
-50.67722375814501,291.18685758922726,-53.72989177447663,294.13794382397776,-50.86261707374869,291.2736580387332,4,-51.75312861107069,292.22633467911544
-51.28190166902645,292.0954116263362,-54.35809939027631,295.03448461959425,-51.20744044146473,292.1920264735599,3,-52.33783571656103,293.09232507000985
-51.87774880163955,293.00967060880424,-54.98052678744924,295.9305919357082,-51.85581352219592,292.97488537102294,3,-52.968164739913696,294.02895091473613
-52.470658909410254,293.9328590793913,-55.59785244660511,296.8326190947655,-52.46418410192966,294.0804034384423,3,-53.549069043227384,294.917257002357
-53.058611839537214,294.863189059298,-56.21752501817414,297.747676883078,-53.0901071878551,294.87618257073547,3,-54.13562973442787,295.80811299142636
-53.6451260112268,295.7995440221039,-56.83518640730294,298.66810591123544,-53.56784279110291,295.84825555478704,2,-54.86233091740354,296.86627410496067
-54.23052365638157,296.73719221499596,-57.44710600843436,299.5577378987633,-54.20241865467455,296.88102031589676,2,-55.55659471148831,297.86204039699277
-54.813157025223354,297.67807144727914,-58.06379248088477,300.4793744929624,-54.77201609185889,297.8295032287784,2,-56.26776752282535,298.8749944579311
-55.39960031077182,298.62364849711554,-58.68901063641953,301.40062852734343,-55.28114891318611,298.48271098995576,2,-57.042865911072866,299.9805710512447
-55.98746084788319,299.5780657743021,-59.319421605256856,302.3386726888072,-55.95848676368664,299.6357607371801,2,-57.775766125166044,301.0134651688725
-56.583012977753896,300.53633954291485,-59.951354477685506,303.2854461490604,-56.41340607848813,300.49830550116735,2,-58.5696117436243,302.13707553301117
-57.17546484289907,301.4943630253493,-60.573153299945304,304.21986943838743,-57.02245030489286,301.6044529354237,2,-59.31447311451701,303.1775092852463
-57.77218261269562,302.4555464934136,-61.21108703287575,305.16851663514257,-57.75658132696371,302.47526552591756,2,-60.06304848074413,304.2208206173267
-58.36843627760979,303.4192977509526,-61.84523670829129,306.12468581103064,-58.376469786591166,303.41251245658617,2,-60.86633284103177,305.3473505982345
-58.96522587871112,304.38641665681456,-62.48123594143512,307.0823694275166,-58.806404851224976,304.43776894109493,3,-61.28773888252798,306.15931979190634
-59.56458681343142,305.3554713684399,-63.119213397856406,308.0371934508763,-59.50578243526654,305.3945129299442,3,-61.765835437296865,307.0048142594299
-60.163009505650216,306.33022746903197,-63.755950255756424,308.9939000754822,-60.14313942880946,306.3414570229281,3,-62.323283857966636,307.9451396164452
-60.75693281185425,307.3088623044579,-64.38316667904725,309.95928467374466,-60.82911625057548,307.4142527066064,3,-62.850802873130405,308.82552401835375
-61.34131843073504,308.28882783856125,-64.98806682369695,310.9155153311856,-61.31303513917314,308.2540115719616,2,-63.635414705182605,309.93367789623153
-61.919372951713946,309.27329670431584,-65.58213094189338,311.88687036874114,-62.00172023940083,309.32755115429995,2,-64.36157949744543,310.9557162042169
-62.488255910023526,310.26190130868474,-66.16287700666146,312.8663680453177,-62.366971589273206,310.43021147342125,2,-65.0822183921545,311.98199103739717
-63.04373117880933,311.261928419727,-66.7323654267141,313.85191514425486,-62.968008984027065,311.33172267118744,3,-65.55229309082709,312.91571445503996
-63.58320550566427,312.2640716328542,-67.29392667645126,314.8453835537545,-63.547813963455134,312.31568923628475,3,-65.98415184863654,313.781756939135
-64.10739066708936,313.2717017658322,-67.84142844547935,315.8470742026883,-64.00835787507467,313.26690468738417,2,-66.66007909924693,314.8042649399402
-64.61737017326735,314.2843516194411,-68.37443338840433,316.8476804445666,-64.48456437123721,314.3037092851141,2,-67.37323142201667,315.91765728599916
-65.11199074507762,315.30249419336064,-68.894665042277,317.8510424607317,-65.02146815772389,315.42950163842517,2,-68.01657225116784,316.94662353598284
-65.59344529121792,316.3194259533128,-69.39990286253658,318.8554442635312,-65.50324651563709,316.6318409395048,2,-68.69170311241308,318.0632171441919
-66.05895850392714,317.3424633311612,-69.8874102598124,319.8721939514923,-66.01239088961523,317.345961387712,2,-69.29554231893489,319.09233349890843
-66.50868435208794,318.37291956051837,-70.34858304652582,320.88540281151757,-66.36869728018083,318.5638297974833,2,-69.87744563092949,320.1248995408105
-66.93941343980418,319.40456749806657,-70.79961929260136,321.8990795618957,-66.93747442821235,319.55291353415856,2,-70.47977948774059,321.2423778480533
-67.35267608584829,320.4414234692671,-71.23887172657983,322.92452069802425,-67.37274926752777,320.45051615125834,2,-71.00669744758882,322.26953566315046
-67.75033096443521,321.48157548261344,-71.66975745959408,323.96063464100354,-67.78324463748497,321.58826747217165,2,-71.51107717221943,323.3003958743024
-68.13735455669313,322.5239763577883,-72.09236736820482,324.99007170385073,-68.22443919651319,322.63600891040306,3,-71.59133951279227,324.2093637435211
-68.5175441907788,323.56702851962774,-72.51718045141868,326.0257319042347,-68.6033027116451,323.7155315777698,3,-71.70633964082747,325.0770705590111
-68.89706003665673,324.608656156699,-72.93808971628566,327.05685648618504,-68.9262752655293,324.67427375561994,3,-71.89854144212448,326.0409582147228
-69.27486370877655,325.65089668986656,-73.35318249492967,328.0851194140133,-69.38948575725244,325.6895793105133,3,-72.10177560413429,326.9385036779932
-69.64951872803347,326.69292973570396,-73.76174653974313,329.0964939278974,-69.53703052593421,326.66606818222397,3,-72.31329137772512,327.8504751864949
-70.01843240752518,327.73534979125293,-74.16673831927348,330.10021147151514,-70.07776764247296,328.0725331506396,3,-72.59076120054768,328.8857895102383
-70.37992849351068,328.7774545630543,-74.56453898264846,331.1289573075356,-70.42157218285382,328.8984517481943,3,-72.84962550132772,329.8264211169339
-70.73407005019682,329.81864615384796,-74.95093495303345,332.15986253584293,-70.67722460195279,329.8599832360032,3,-73.11225467617062,330.7751035970927
-71.08177322012669,330.86573266825536,-75.33505955468736,333.2024258065714,-71.19234618058174,330.95777818634957,3,-73.4246952149002,331.81945401837305
-71.41892833893397,331.91236164687626,-75.71454599339673,334.24446292542143,-71.32612639637598,331.8520870125887,1,-73.90683171989858,332.8586415007116
-71.75291150845288,332.9617149150347,-76.08268088246325,335.282260719196,-71.75255414071974,333.0167077480538,1,-74.43002481812633,333.9993152770076
-72.07580163708293,334.01515419658637,-76.44916469656306,336.295645334738,-72.43657038489486,334.12897449795094,2,-74.9279397037302,335.0604106387877
-72.38868716565355,335.0673242434667,-76.79951605136101,337.3034938000353,-72.62025286884152,335.287352521173,2,-75.42532136769974,336.1301912712478
-72.6956678930675,336.1122420452512,-77.15042659414273,338.30138815644074,-72.58511959343413,336.08891960645946,2,-75.95037031887288,337.2902766817629
-72.99958919403781,337.1556124284592,-77.488943771264,339.29611038380534,-73.06586509196069,337.320144730289,2,-76.43459123276622,338.3572127065503
-73.30155312370898,338.1944762067495,-77.82304052152199,340.2924834261234,-73.36541860225192,338.2844159540452,1,-76.91229248863257,339.4229658533068
-73.59919349471768,339.2337886248732,-78.15710980986039,341.31232827979096,-73.47057345386867,339.25078386873145,1,-77.41325199414928,340.5733888998007
-73.88852141812826,340.2640123576064,-78.49084979579052,342.33097692100813,-73.81483471549326,340.3936311203022,1,-77.8669561913417,341.6248652573665
-74.17379485994275,341.2854558030838,-78.82279914915672,343.32184174867325,-74.14940276700577,341.33619555559653,1,-78.34125940912574,342.7491127449978
-74.46646722198736,342.289024725162,-79.16654870388341,344.2998348241077,-74.35168368549071,342.3317705896087,1,-78.76941829708251,343.7678480469936
-74.76872585127234,343.2754533444417,-79.52873704578043,345.26518991602705,-74.68971577371823,343.3226379761205,1,-79.19747050417773,344.774878635417
-75.07930452794723,344.2400428015095,-79.89740478759087,346.2042965733955,-75.19687611921206,344.4026796946256,2,-79.66614650344479,345.845708481122
-75.39923868762139,345.1914694332101,-80.26259973491887,347.12177918509434,-75.35952546423897,345.1706861574465,1,-80.10283621673307,346.8056180194009
-75.72217763413667,346.12202153483946,-80.62719692244345,348.02367553296153,-75.68990433640347,346.19440558421354,1,-80.58304270110352,347.8235918786803
-76.04388643497285,347.0346780854627,-80.99384028959346,348.9203068474876,-76.34526156905825,347.2890479217921,1,-81.02321955801929,348.73371760696773
-76.36294821647442,347.93460775086976,-81.35503889818257,349.80391787919825,-76.5859527457568,348.0480732151484,1,-81.46086214045773,349.6276716735466
-76.68237513076348,348.8277702059504,-81.7109367531378,350.6783197586765,-76.55654847436278,348.72195379167357,1,-81.93272154889837,350.58227737970014
-76.99557778148443,349.7235788666105,-82.05908861470098,351.5556330224098,-77.10958318428382,349.78047740803356,0,-82.3509339272678,351.44480483256723
-77.30246410789462,350.61877197201795,-82.39731454318083,352.4306479402854,-77.33841366060561,350.6893403958684,0,-82.75788517850197,352.30428469537645
-77.59774291749582,351.5110629507254,-82.72428144694855,353.3095071040047,-77.59586717280735,351.5551844771399,0,-83.18908893095845,353.23434581574
-77.88103906046672,352.40755854744003,-83.03489960127173,354.18997210065686,-77.75694476266702,352.55891474364813,0,-83.55679773887105,354.0812369027821
-78.14841151731461,353.30489095908626,-83.32800002071517,355.0634979175882,-78.25555728725165,353.32455453963803,0,-83.9033029922968,354.9280952021031
-78.39946596908148,354.20184966760735,-83.6071657824486,355.9433901091379,-78.07599435216001,354.0739813339622,0,-84.26120403948453,355.8470755973145
-78.63458516830026,355.1018298097199,-83.86609633143951,356.8283928926931,-78.66939837700468,355.1443856206968,0,-84.55385806803407,356.68637633754236
-78.84684534050449,355.99560130808675,-84.100552226053,357.71731907519614,-78.78097557925331,355.9187976003164,1,-84.85135719792183,357.5988993906698
-79.035502650014,356.9017362770565,-84.31014520453527,358.6152777456184,-79.12592922124581,356.87030996425113,1,-85.08158081174147,358.4357538388295
-79.19608465967922,357.80882690076083,-84.49448901706356,359.5110072102397,-79.31731160886802,357.85128573883287,1,-85.28090012571951,359.2788623720491
-79.33402678899857,358.7062543357809,-84.65153756867717,360.4124563031088,-79.36676954514752,358.67653938368136,1,-85.4709925339219,360.1988505980539
-79.44235560964282,359.6197742628667,-84.7808978212641,361.3193482923112,-79.37813650912082,359.67046606221055,1,-85.60011904741569,361.0460397337283
-79.52292091832467,360.5398453583778,-84.8826076989226,362.22713003370865,-79.67151316550395,360.6032818978048,1,-85.69773428275674,361.90174730379846
-79.57528326121682,361.44870811305174,-84.95891107557203,363.1450177281167,-79.66836426631973,361.64166281546125,1,-85.77765949104274,362.83878357686905
-79.6043280969139,362.37294509713536,-84.99815311103639,364.0515662921544,-79.61073043449238,362.4007547592551,1,-85.80524249752949,363.704740338803
-79.60097971370529,363.28194499548096,-85.01305936086598,364.9671305393295,-79.61650535273918,363.1454439153535,2,-85.80889120852203,364.6525039422882
-79.57119454896882,364.2066619294612,-85.000508124031,365.8870403279237,-79.4468259370547,364.24577799767474,2,-85.76768576073282,365.52984695205845
-79.51637436703396,365.1322449206688,-84.96088699127439,366.8072492648046,-79.4447420798826,365.0969343680696,2,-85.6949922246594,366.41753645978326
-79.43046551157506,366.04592541822484,-84.90466567296545,367.73497815733634,-79.4396252466733,366.0466771587752,2,-85.59195400504076,367.38892808644005
-79.32867909168081,366.97290508375744,-84.83120243306884,368.6621133158994,-79.28561357639254,366.93136157205146,3,-84.72147471825656,368.1257562991114
-79.20693883099138,367.9076751420257,-84.74122039145628,369.60008959816065,-79.18118040190684,367.9185238152734,3,-84.0343496302631,368.92033914769394
-79.07189798767513,368.84481198410623,-84.65327989516965,370.5482980791142,-79.18208733014464,368.83331776294847,3,-83.45122918495645,369.81651192325626
-78.93756421827274,369.78421430188575,-84.56521217867467,371.4933814329392,-79.00776233106647,369.7489262620537,3,-82.95581422857725,370.65731518310815
-78.7999967912638,370.72372838115956,-84.47807316925034,372.450015950935,-78.56297632325861,370.73796009458397,3,-82.46813523998603,371.5975164958057
-78.66372680203627,371.67608667979425,-84.39280112499699,373.4215133909278,-78.64453724732357,371.64653564299954,0,-82.40908878000596,372.55284064144394
-78.52787293651467,372.6401563523664,-84.30848527375284,374.41330676277767,-78.5144781386671,372.66284336364055,0,-82.37230499658779,373.5315499838609
-78.39607155586597,373.6163129634638,-84.230969034098,375.40851462377714,-78.48342138840907,373.5808082853701,0,-82.3397090093246,374.615446307667
-78.27080523345512,374.59950535000667,-84.16026080546627,376.4023628687474,-78.05980046973315,374.5162015785821,1,-82.35201393242318,375.6294465871784
-78.15003457055681,375.58973870667296,-84.09162639472333,377.4106778424654,-78.12023414651821,375.4915759982881,1,-82.37002521324973,376.7445150979416
-78.03055043335726,376.5909053802061,-84.02260755558373,378.43369911565975,-78.13122727921292,376.5778799870608,1,-82.42122167542115,377.7831445721368
-77.91184055269727,377.6033954167421,-83.95455820972161,379.4707117014789,-77.88527990119864,377.53840549208155,1,-82.48205256733027,378.839424055091
-77.79266945213969,378.62852946315303,-83.87833465561908,380.5196859175065,-78.08421288020082,378.62459190470184,1,-82.53874425825161,380.0013801644713
-77.6703928767642,379.67097285990076,-83.80360610689034,381.5890050858981,-77.46481057101396,379.4843948959776,1,-82.60736893703468,381.0837905038577
-77.54384394405925,380.72400974758426,-83.72880353712515,382.6631952041657,-77.55611036683365,380.8289577168787,1,-82.66551400183778,382.2736648089439
-77.4163595127689,381.78791403878995,-83.65405333616144,383.7412140501565,-77.30093488128777,381.79637799609964,1,-82.72621075992726,383.3756347124994
-77.28763746808202,382.8610811944029,-83.57612707270167,384.8296634478752,-77.11596960320395,382.83600781391203,1,-82.77990655151874,384.4902074192272
-77.15525113939421,383.94313382978197,-83.49595376942442,385.95193662847123,-77.06165738865383,384.04535518256955,1,-82.82162277295275,385.7139356954292
-77.02212480940673,385.0311819715352,-83.41739789923403,387.06662441118954,-77.0389285264998,385.0094116579357,1,-82.86001315215752,386.8425862084229
-76.88788062630188,386.12516764176763,-83.3399493020242,388.18101290078926,-77.05407765777802,386.1769024924044,1,-82.88771452651667,388.07752278796613
-76.75469532389923,387.2284885383385,-83.26173563038355,389.2982960611654,-76.788372037956,387.3549329301843,1,-82.91033062618149,389.2107169153689
-76.62072088754591,388.3358280203896,-83.17813644317279,390.4239687324,-76.67127560364521,388.32536236384675,1,-82.92309379089257,390.3509791367352
-76.48321373557548,389.4500957504715,-83.09029683250554,391.54899638887287,-76.43200534881939,389.48817185758816,1,-82.92426674876675,391.5945681977353
-76.33899320574588,390.56503091126393,-82.9901392981464,392.6681152458817,-76.62156734675926,390.49064181742455,1,-82.9155144303673,392.72773376011014
-76.18336459658543,391.6756168916562,-82.88026234811804,393.7914802641561,-76.0459116614864,391.7007868986142,2,-82.8919678828675,393.8620800123908
-76.0184643825494,392.78679068443404,-82.75640654843089,394.91410024294487,-75.80747882100185,392.8569063550717,2,-82.84686676362068,395.0943102224205
-75.83956389751567,393.89399633022657,-82.61510358123107,396.0427888812571,-75.97572101156672,393.9093367187806,2,-82.78215027015136,396.2128601761709
-75.64880881585472,394.99826319017444,-82.46373478078479,397.1706163526078,-75.65911884051287,394.7167202677856,2,-82.68943903736636,397.43143658164064
-75.44637112404932,396.1030781625104,-82.30633468827288,398.2986024817993,-75.69149751590156,396.07660290063296,1,-82.58056403971169,398.5384423991929
-75.23340852256008,397.20683955211865,-82.13895942079334,399.41725050804865,-75.29738260261931,397.2758126642171,1,-82.45237632718856,399.6468868820308
-75.01084430984388,398.30484729912615,-81.95789020037563,400.52916185612014,-74.99097474126258,398.3854384845209,1,-82.29568407004825,400.8537044666882
-74.7779916909598,399.3967299683766,-81.76752703689554,401.6277236601679,-75.01795539172629,399.3702663793019,1,-82.13010533638993,401.94439839062665
-74.5337880251029,400.4807515702101,-81.56994331710456,402.72690061005426,-74.31304381203002,400.5415223245888,1,-81.94798250836202,403.0329346111937
-74.2834511260175,401.55767494044153,-81.36416246971044,403.81408945431815,-74.31078162687659,401.5338983364008,3,-80.84430642308108,403.8929821960975
-74.02686999249681,402.63403896508544,-81.15451671646207,404.89686800440796,-73.97859644679173,402.56298093652106,3,-79.96537849847168,404.7231308048926
-73.76694136873807,403.7043393628311,-80.93674566561326,405.9796364130311,-73.32090211522168,403.83626384775863,3,-79.15281753796296,405.71292883471466
-73.50214106891306,404.7687962415128,-80.71771499616342,407.0611969035816,-73.44490238709032,404.7077648677149,3,-78.50217058816605,406.61294991787514
-73.23404476895443,405.83232227530397,-80.49355740771801,408.13578348536004,-73.32504005330551,405.9380435460675,2,-78.38688935247941,407.71845791879156
-72.96052060431334,406.89010363753533,-80.269946618552,409.20389064418123,-73.00242657916517,406.9911752693115,2,-78.25470224108858,408.9234973862759
-72.679058615619,407.94710739518695,-80.0334342722902,410.2814268144061,-72.67376978970786,407.8903962680375,2,-78.16162743519347,410.0254672672774
-72.38863805978829,409.0056481306003,-79.78780977512989,411.34485940957734,-72.60700330087033,408.8348197033238,2,-78.070065709165,411.13009345878703
-72.08832599061611,410.06522921071394,-79.53256983225023,412.4424491956895,-71.7961599947625,410.1671628778383,2,-77.95070248024984,412.3373184602986
-71.78418313471764,411.1240887778712,-79.26920077159126,413.5178797583226,-71.83068677589554,411.1625797727586,2,-77.80743388508105,413.63199799559345
-71.47318291770549,412.1824155590185,-79.00433453207955,414.58930582052994,-71.22840162155171,412.24888216147804,2,-77.73235584098484,414.616018195104
-71.15894663343128,413.24271663023256,-78.74032046883094,415.6709847316679,-71.18548510631202,413.21621473887734,2,-77.61562149799731,415.71219146648116
-70.84378572379067,414.3052290909325,-78.47740394962631,416.7524955089221,-70.5341649111823,414.3956075782106,2,-77.48683120205172,416.8114329952566
-70.5247214378612,415.3697437396974,-78.21340575210421,417.8328461219771,-70.42799450841511,415.43671081694674,2,-77.32637017448377,418.01058938300366
-70.2084761764127,416.43202082778373,-77.94976932384121,418.9184354339662,-70.42240305124768,416.40289612933867,2,-77.17894226001694,419.10286302451925
-69.8930894320485,417.4943762258092,-77.68631165309255,420.0023536348302,-69.96970280175435,417.5041742749778,2,-77.01926833762835,420.1986089627703
-69.57657664090404,418.56369705994376,-77.4196915455531,421.09048337058465,-69.74024330864667,418.51723598176113,3,-75.98703954898677,421.0528970451628
-69.25701187491268,419.633402269347,-77.15178993447694,422.17720388248006,-69.47334655064506,419.46014685803215,3,-75.16332299887146,421.8720856180321
-68.93428207689453,420.7040896726029,-76.87247625127446,423.25673702179216,-68.95558763571682,420.7011783687479,3,-74.39610856517496,422.85419742085367
-68.60864616713032,421.77418536980014,-76.59265010313163,424.34271702881483,-68.69592233828635,421.64921659813245,3,-73.74823318298387,423.75963408175164
-68.27948437451263,422.8473517861157,-76.30911024944209,425.4417692794709,-68.24111732808265,422.83312124669465,3,-73.14257374906715,424.7099872313888
-67.94521745789181,423.9216009493201,-76.02232072075552,426.53448588977597,-67.92993241794137,423.8890890268852,2,-72.98872244505112,425.9522077204328
-67.61052358125103,424.99290908622896,-75.73532006934501,427.6277233253042,-67.45221048173458,425.0420622838207,2,-72.89241918639812,427.09433891025174
-67.27549770818216,426.06238899191345,-75.4476658051692,428.7153852527967,-67.32524488673546,425.9927513925738,2,-72.77535638308778,428.3386424923759
-66.93878348644256,427.12922409868804,-75.15980100074994,429.8071046129881,-66.9078411868003,426.961215708145,2,-72.7040813839901,429.47617452219947
-66.60461856324105,428.19194104782923,-74.87630716074258,430.89772267860764,-66.66881346878631,428.08084137990267,2,-72.63528301574546,430.6140848502915
-66.27489797893223,429.25532388983385,-74.59119053090686,431.9895169941441,-66.40104891127002,429.15223694652445,2,-72.53924070449325,431.8489789978712
-65.94753737688092,430.3204919657635,-74.31549810110631,433.07633724779265,-65.9244312251782,430.27632565217726,2,-72.47416267560095,432.9714305670918
-65.62632321766476,431.38273159208217,-74.04407069000167,434.15670466023363,-65.8163402833445,430.96211125725375,2,-72.40397939757716,434.09047261279903
-65.30613697940142,432.4432613740422,-73.77077046413763,435.2386383120963,-65.40713352774843,432.21837290147687,2,-72.3037815786414,435.30262813481266
-64.9840252885791,433.504428678686,-73.49756904543723,436.3181065615567,-65.14860968113169,433.4869026879078,2,-72.22100029280173,436.40016514931835
-64.66523834998866,434.56260733850144,-73.23042051299831,437.39284156460536,-64.7303890289084,434.4750826499531,2,-72.10484001009954,437.5891452815534
-64.35284429240134,435.6163306267442,-72.96906538037443,438.45948299926323,-64.34229516270393,435.63334479625496,2,-72.00203880011185,438.66217402179376
-64.04670742586329,436.6648061712485,-72.7077170518348,439.5288857659946,-64.06676162324972,436.5941187800491,2,-71.88720005505036,439.730424858861
-63.74158072717459,437.7087251879752,-72.45302195446862,440.5943001066572,-63.82363234526006,437.6452049795007,1,-71.7426886051639,440.88829140308997
-63.43978786046836,438.75797038116144,-72.20156818775767,441.6611633602042,-63.32758662058898,438.85144945722527,1,-71.61008165401941,441.9344195634007
-63.14094467101783,439.7986566200993,-71.9514186150887,442.719842602987,-63.08057059313383,439.78051531314253,1,-71.46616126808499,442.9771155666153
-62.84351715401035,440.8358018848829,-71.7061193874791,443.77107645916175,-62.82766706527698,440.7909583875478,1,-71.2935699038405,444.10788697861744
-62.547269081487194,441.8648259353378,-71.46663791147797,444.81967549835974,-62.59988451461695,441.75173881687755,2,-71.13194674805287,445.12771410821733
-62.25871248815525,442.8874776075289,-71.22535789936332,445.8583070084421,-62.13753906413744,442.77359639171243,2,-70.9425336526354,446.23330419024427
-61.96612556652953,443.9119855153388,-70.9879443437348,446.89632993498043,-62.046314289714964,443.8481594949959,2,-70.76575558877228,447.23013018767017
-61.682010725181755,444.92814143267344,-70.7470291720098,447.9226701465024,-61.82611650653875,444.74660864347675,2,-70.57931587724781,448.22410381216685
-61.39797384229782,445.93692400448055,-70.50873806382995,448.93896027818573,-61.60585195393234,445.7413679148773,2,-70.36663462649886,449.3024110649333
-61.11483297787531,446.9426254665263,-70.27002687267786,449.9634596519821,-61.10980460680369,446.7433670889682,2,-70.16642303274423,450.2759710086689
-60.833426561196774,447.9452083287287,-70.03499008717068,450.96817578277046,-60.97637195773997,447.9630446973025,2,-69.95675493117089,451.24665906587137
-60.55013008961283,448.9417801691103,-69.79675566204939,451.9755852838263,-60.514934399140685,448.94069767347577,2,-69.7169734285731,452.303350510699
-60.2695073327348,449.9294460443233,-69.56004509838247,452.9846896587675,-60.35899833695447,449.7383811569491,1,-69.49089492075109,453.25983965645094
-59.98911060150314,450.90968773282776,-69.32789652552987,453.97870582104554,-59.9887676333217,450.78409409330226,1,-69.23913650978028,454.29778437919606
-59.71217380725433,451.8820602094391,-69.09459952771293,454.9645007495625,-59.78547610728065,451.88395741933675,1,-69.00646560656531,455.2345299792915
-59.43366157519527,452.85507246773733,-68.85998150482722,455.95365630080397,-59.422067005073,452.84625493595536,1,-68.76962082032487,456.1711160526164
-59.15747300838326,453.8228351878097,-68.62812700724486,456.9324926960758,-59.00971079422326,453.86549947117817,1,-68.50778703593059,457.1894624481046
-58.882755255585224,454.78262817707736,-68.39477983082203,457.90652775513877,-58.70254406915973,454.7106297770935,2,-68.26827916261105,458.1113652043724
-58.60684292622171,455.73497332354503,-68.16317871119729,458.871614476891,-58.353095748078175,455.9084683643689,2,-68.02649310642119,459.0320403415277
-58.32822076795768,456.68217546935296,-67.92975164154491,459.83797632727067,-58.251438912294375,456.60220619362934,2,-67.75876347635517,460.032574882842
-58.04935740988902,457.6276844950362,-67.703142662282,460.7931008473636,-57.92842857830187,457.59995342127957,1,-67.5150505544934,460.9387404411472
-57.77298434506758,458.5688749245445,-67.4764538522217,461.7458230768541,-57.75132788845163,458.5207214380806,1,-67.24538227867525,461.9241578085279
-57.499762529777826,459.50411603909424,-67.24912920790142,462.6906459059554,-57.3468918219951,459.49145229938625,2,-67.0033840958379,462.817894869432
-57.21790123828277,460.43275888849377,-67.02485901168416,463.6333277736554,-56.84405134766354,460.43791207988824,2,-66.76264882201909,463.71225821259236
-56.94231969104908,461.3555422311488,-66.80173904759053,464.57107898075185,-56.89728849307149,461.24664575498093,2,-66.49895155416525,464.68434248040626
-56.66515332924253,462.2787552584987,-66.57825406999278,465.5073739835008,-56.62196089923556,462.20591428002746,2,-66.26428706704384,465.5679419758797
-56.38898293939015,463.196206552775,-66.35495053560705,466.4380327457394,-56.407121335282206,463.07807472630975,2,-66.03028012088392,466.45290063505786
-56.112367112224945,464.1146437059275,-66.13155201120708,467.3668391228904,-56.125714252672886,463.90580613269174,2,-65.7722435024944,467.41479119872514
-55.83606494241466,465.02570722420967,-65.9085257628204,468.2903577771536,-55.78827005689738,465.056090826685,2,-65.5415688438834,468.28965584230974
-55.56272740789724,465.92589109049254,-65.68833154974648,469.20390217413774,-55.330359376243194,465.8552255595695,2,-65.31049423884764,469.1646516591466
-55.288249037930754,466.8287264746691,-65.46413203590065,470.1132995343782,-55.3187213801159,466.87517797309755,2,-65.05355571690377,470.11396814983624
-55.01212614533264,467.72433975442084,-65.2424312292707,471.01770713835316,-54.93501600486931,467.75249800003013,2,-64.82411828952772,470.9772348977848
-54.73810729071176,468.615279020138,-65.02154823489526,471.91829184085447,-54.66309885959517,468.4784770860799,2,-64.56814910537724,471.9135943674626
-54.46522694119796,469.4980717603856,-64.79956409678547,472.8058641968869,-54.46621421955634,469.5982974009449,2,-64.34036410688654,472.76273420992374
-54.19209342245642,470.3700263492524,-64.58346915377662,473.68720946201574,-54.187222552543346,470.3750241981196,2,-64.11248681794106,473.60801703306817
-53.924365711687614,471.23669171258484,-64.37656278968186,474.56091626689147,-53.9110430191759,471.19326017264905,2,-63.860418108053835,474.5191760665537
-53.66712956475201,472.09488870306586,-64.16766496260622,475.4267553512206,-53.82785231663878,472.1196750733294,2,-63.64117694070095,475.3430944719866
-53.41079117771813,472.9414850609373,-63.95873748925817,476.2802449042942,-53.17836110004912,473.03835338050476,2,-63.425805241408796,476.16130798810366
-53.154710132250955,473.7790327650487,-63.75723881543114,477.1102447693375,-53.097826248241894,473.7150972778838,2,-63.18624672614516,477.03828543629527
-52.90411345147657,474.5997075308581,-63.55453037439324,477.9422199945318,-52.86276507706247,474.6383702347202,2,-62.97721189195558,477.8281341850788
-52.65637271325308,475.4071971146569,-63.35779855766414,478.7582784855199,-52.58508316732505,475.2269235893762,2,-62.745149615830606,478.673765838568
-52.41393324644529,476.2005234169515,-63.16079583207779,479.5607945120372,-52.397828660813616,476.1830911686289,2,-62.54186939314427,479.4345813609257
-52.17327306435632,476.9821811676786,-62.96849206184031,480.35451893643585,-52.05543438319778,476.99852021189616,2,-62.340053479829805,480.1873644227783
-51.935129144534926,477.7566599509619,-62.78134114847508,481.13959125072324,-51.94675582249197,477.6635001996341,2,-62.11495249005204,480.9947721584839
-51.7012886245056,478.52668608709905,-62.599722934072986,481.922424132207,-51.6960407351425,478.41260498454204,1,-61.922094373817224,481.7277483282455
-51.470637053124065,479.2928148227148,-62.417332785642714,482.706934196482,-51.274330947124746,479.44137413764565,1,-61.73266968528812,482.4614633279336
-51.242379602002664,480.05627311599744,-62.236240421341506,483.4865804049395,-51.13295223425558,480.06506158237073,1,-61.521459528993205,483.25697943990184
-51.01539271872967,480.81786686753844,-62.06327041744767,484.26860142589527,-50.93320917089708,480.8359489466023,1,-61.3412528059607,483.9883867416941
-50.797354349470055,481.5798086491651,-61.894814955613334,485.0473645828165,-50.56092209155749,481.65602616134026,1,-61.13969351282944,484.7851414665812
-50.58428863827147,482.3455075437088,-61.73380109268564,485.82850845181054,-50.502023703228,482.36600259891526,1,-60.9723663295215,485.51930585854745
-50.37796269263663,483.1108960455141,-61.5812199184987,486.6155905324758,-50.36253787150975,483.1030543676939,1,-60.81120443671001,486.2605694273504
-50.1788558740667,483.8764130433668,-61.43925381288072,487.41355144832664,-50.11053906320085,483.7954255149164,1,-60.634271607765285,487.07029247702474
-49.993065585459895,484.6539072727895,-61.31401544779231,488.2083721452603,-49.86772228536072,484.72509373926636,1,-60.49588629307943,487.8194409021641
-49.82244189696994,485.4181861342622,-61.20431169720704,489.00316046926133,-49.75625988264157,485.3695054967003,1,-60.351951961824945,488.63509919642104
-49.67072442386948,486.19280382327906,-61.109647561309664,489.80128649076477,-49.71907862468965,486.20886805595177,2,-60.24912336719539,489.38716757784124
-49.53184337955807,486.97139417089573,-61.03270223487383,490.6007825470374,-49.45252161875886,486.9409257551194,2,-60.163580003864304,490.14401807369615
-49.41199908391684,487.73856687346256,-60.98303454307451,491.3973612273637,-49.46143393911547,487.75161141212436,2,-60.082711797206514,490.96585888674366
-49.31788457252399,488.52375601701954,-60.95526244988195,492.1904863756279,-49.35248685909576,488.15563365277256,2,-60.04479432157263,491.72483985809146
-49.24639391172553,489.2923765112501,-60.9478323022284,492.9868176582056,-49.25358524319676,489.1736542343111,2,-60.018898808420616,492.5481726509374
-49.19918483199623,490.08414643058603,-60.96413848280946,493.78110512418624,-49.092093040183805,490.06211439930473,2,-60.03246850358702,493.30735034739837
-49.17186817158561,490.8739737954388,-61.00456437354948,494.5751551705431,-49.07470383878276,490.76042772936984,1,-60.07012934934674,494.0716403218011
-49.161110561197994,491.6479787411423,-61.068110000213736,495.37219677947974,-49.19907479816488,491.7644923987242,1,-60.127656217401864,494.9014399138234
-49.17245323636741,492.44210735508034,-61.15227366353625,496.1675072360494,-49.114176453581344,492.2880898823554,1,-60.21740700366442,495.6684897471603
-49.20791768987384,493.2359586135188,-61.259979982063285,496.9642213250358,-49.18377860670926,493.23130317433146,1,-60.33054872916219,496.4414346823675
-49.26226239819275,494.0174649221197,-61.3852665911487,497.76002451822535,-49.209229663901795,493.88453533220263,1,-60.4684913742154,497.28043215960486
-49.34110629115674,494.81485192207913,-61.53008132698125,498.55740158998196,-49.333607186630424,494.76689757550986,1,-60.62976599786062,498.0556821096423
-49.43535462422496,495.59742068464834,-61.69886354705471,499.3577121698615,-49.428279745904504,495.52636371947693,1,-60.81907170795206,498.8978394225455
-49.55475308637769,496.3958988353103,-61.88708687260757,500.148775531221,-49.57116813946147,496.2519078850879,1,-61.02442183353074,499.67455493487853
-49.69564066394733,497.1965810355814,-62.093301414453975,500.9430009452906,-49.64654049848434,497.0284116709994,1,-61.24881755716153,500.4559901548116
-49.853831520031136,497.9828774778245,-62.31888522689798,501.7337774427645,-49.86239262548583,497.76857914041943,1,-61.504133127487385,501.3029853979895
-50.03259356856075,498.78274744369827,-62.5627094443909,502.5276321172435,-50.039592037400524,498.9377522853922,1,-61.76697843744436,502.0830450855557
-50.227452827161045,499.56708342281223,-62.824054697190014,503.3231195400078,-50.26390795300484,499.45136441629586,1,-62.063871632797174,502.9289888925394
-50.43827491666698,500.36667192264593,-63.10166394074276,504.1207672282758,-50.405853258051,500.16695348564645,1,-62.36256188047143,503.70820886463594
-50.66511430089343,501.1691801138707,-63.394029789004065,504.92047189627283,-50.570968749988666,501.0686546860214,0,-62.67603208111937,504.4917111628084
-50.90362568083553,501.9593514501997,-63.70084576551487,505.7153007214788,-50.81722004701406,501.97653267381213,0,-63.022813900833874,505.34082281648506
-51.159350182095004,502.75867689519504,-64.02714497872259,506.49958792056407,-51.13822428757346,502.8116908096138,0,-63.36166993748691,506.120112026496
-51.43326171126568,503.556700114473,-64.36557442978325,507.28963695405207,-51.57703765301904,503.311093815056,0,-63.71401076144248,506.902190956684
-51.72151193762778,504.34533253313253,-64.72270825539731,508.0792801303381,-51.806673421555665,504.16485528131636,0,-64.10545116405272,507.7499091949063
-52.028627220982365,505.1409530459397,-65.10127402487605,508.8662976819983,-51.987754663409035,505.0734731591207,0,-64.48567771512599,508.52779626569225
-52.35505094273113,505.92652224042484,-65.49586477638495,509.6478070217821,-52.40325101836921,506.03712113099874,1,-64.90820807685316,509.37080054132065
-52.69935456575638,506.7166371160609,-65.8985902480577,510.42351662265895,-52.541070875056995,506.6578004809307,1,-65.31606123766777,510.14268753144995
-53.053006452571246,507.5033225068389,-66.31762752195868,511.18542128698454,-52.89064878986907,507.69193768541544,0,-65.73850760346525,510.9123459786343
-53.42298353598561,508.2746480362498,-66.75209613269665,511.94171059105753,-53.43662876055775,508.07391884573315,0,-66.2061465015828,511.74133358730484
-53.809113629086376,509.0492329071178,-67.19446437485233,512.6979862833773,-53.74964766577871,508.82808687165493,0,-66.65434816994208,512.4955658799471
-54.206645479675956,509.82369878299636,-67.6511782246193,513.448221238329,-54.178177091506456,509.66878937434666,0,-67.117203414602,513.2462110224103
-54.61358803293989,510.5826883392582,-68.13210828230828,514.1799003347732,-54.6145374069919,510.5304483170168,0,-67.63049186414182,514.053364722108
-55.04397320241702,511.3467387014109,-68.63231607849441,514.9096534368855,-55.00865223461771,511.26214664510763,0,-68.12130188262007,514.7854307349966
-55.496076728364024,512.0995420030192,-69.15429076336956,515.6274831830467,-55.390628074214426,512.2777623980778,0,-68.63157846379116,515.5134716023127
-55.96917128290597,512.8364860057417,-69.69161655656089,516.3367126347545,-55.63754186536933,512.96250138032,0,-69.20371897483625,516.2980371840162
-56.459750604436806,513.5720636461905,-70.25116560458326,517.0339518192378,-56.395479231711384,513.7448425323213,0,-69.75283920511852,517.0059606758737
-56.96780069302338,514.2776441000335,-70.8312652428122,517.7078536953011,-57.23554091746993,514.2563383538362,0,-70.36691607004488,517.7644520059341
-57.497049595976904,514.9813060111942,-71.42600592071486,518.3559824646161,-57.42256917329619,514.9827320662783,0,-70.95485550658647,518.4410360034221
-58.04618077785359,515.6706825524947,-72.03847035862451,518.9901953025742,-58.19478333677648,515.5785152209586,0,-71.5660710101884,519.1045249631435
-58.61075897274058,516.3226316176377,-72.66359183523558,519.6037226915205,-58.68853698846294,516.1897620517494,0,-72.25072808456217,519.8098178633965
-59.19159295109999,516.9734616198232,-73.30020569466004,520.1974310289372,-59.28828562264164,516.7580742212212,0,-72.90146420306607,520.4310885487581
-59.78780361285569,517.6051934615165,-73.9486618170717,520.7735106256082,-59.90411568481466,517.6744596780597,0,-73.57092653646633,521.034403418136
-60.39231169074705,518.2034701554404,-74.59829938851433,521.3331840266084,-60.54843066523295,518.3920055396226,1,-74.31253713335566,521.6721322563031
-61.015425477435485,518.805091359521,-75.2732920829095,521.8832153363447,-61.08069759881702,518.8484051734837,1,-75.0082101532112,522.2307012518007
-61.64840052204472,519.3820073410127,-75.96145033197865,522.4278311654931,-61.68422084084692,519.4035008746897,1,-75.77761563962407,522.8279320988604
-62.2990594905324,519.9599887183488,-76.65582009020494,522.9659857745346,-62.21799767129722,520.0184544586053,1,-76.49369432809351,523.3556725692758
-62.958960798900414,520.5312889293571,-77.3595318085663,523.4918435844352,-62.97161942806754,520.271765823151,1,-77.22060322456926,523.8751438851787
-63.62769103123225,521.0832892462846,-78.06875970665416,523.9959072504124,-63.665387179506496,521.0555621371631,2,-78.01743901195783,524.4323688965802
-64.30830516660522,521.6317571033824,-78.80490399665099,524.5008052810447,-64.27040454751109,521.6639731565278,2,-78.75363805593159,524.9233342831817
-65.0058047622186,522.1686480878262,-79.5517919309351,524.9929032401626,-65.01538050717308,522.2383612485855,2,-79.50251723471594,525.4054442702977
-65.7183632243507,522.6878172772033,-80.30680282910224,525.4699819453851,-65.69272954241931,522.5707941797293,2,-80.32993653491384,525.9246945573368
-66.44571235384001,523.2089695847975,-81.07191548158079,525.9290325966281,-66.33363204653178,523.3634845578682,2,-81.0943555485596,526.381758148469
-67.18120789973794,523.7004121958581,-81.85687510454945,526.3733367403994,-67.14306268024208,523.238083680055,2,-81.9389759165834,526.8729222983255
-67.93470097766122,524.1881118191644,-82.65435133159168,526.7985575536603,-67.87967569753492,524.0474856098876,2,-82.72090018808144,527.3006671220248
-68.70180785987883,524.6587401565803,-83.4627768587485,527.2066117003952,-68.64682100230628,524.4477006779388,2,-83.51911413615663,527.7158224378645
-69.47939279994826,525.0956020646197,-84.29202652655277,527.5986552726345,-69.43902319496392,525.1118698382809,2,-84.40718911931644,528.1587698926069
-70.27487364338323,525.5313568515979,-85.12989581171938,527.9612397482208,-70.320248753615,525.1220382986498,2,-85.23167832091565,528.5389948013429
-71.087064878995,525.945553089004,-85.9787867407731,528.3068937631599,-71.03587805939887,526.1227978300801,3,-84.27525325882121,528.5718989163657
-71.91002155081966,526.3261410932853,-86.84522822810547,528.6378615481095,-71.95262487219695,525.9749503203077,3,-83.85236503757984,528.6595122282913
-72.7505180132963,526.7068169649644,-87.72734325493587,528.9479667641551,-72.75723944965141,526.5845900679756,3,-83.66626212299005,528.7923014617653
-73.60206265136603,527.0539592854307,-88.62171379656957,529.2385611788878,-73.80395556328209,527.2046586645934,3,-83.75971513886242,529.0111214011342
-74.46983418734,527.3976722873294,-89.52927910627793,529.5082760929758,-74.53250063277858,527.3883329194631,2,-84.88306037382928,529.376768151205
-75.34988211349433,527.7222627765411,-90.4483921915734,529.7584225691228,-75.2897481878423,527.8741806261896,2,-86.05802291561523,529.7279557387859
-76.24346843580534,528.009679261967,-91.38098692646662,529.9869116541176,-76.24540688351011,527.8519835875438,2,-87.34931410443977,530.0926016187098
-77.15117155203075,528.2916525794178,-92.32510193580931,530.1879383295757,-77.16142072304963,528.0241872755377,2,-88.60537648797343,530.4029419415921
-78.07377173859953,528.5503091657944,-93.28284014278493,530.3659752394715,-78.20090471943305,528.4629015476094,2,-89.89112890646325,530.6913268986358
-79.0029514817595,528.7669925774217,-94.24742716119258,530.5188202115631,-79.02118423692423,528.3516277729456,0,-91.28395005108479,530.9834273350563
-79.94945889750434,528.976160225762,-95.21577202828703,530.6394174959094,-80.01159137870144,528.8492066538761,0,-92.60149631558929,531.2164159489787
-80.9041634430725,529.1395255328337,-96.19323757801511,530.73896378569,-80.98204502247135,528.8689843842936,0,-94.01893795926432,531.4474630779667
-81.87168556772868,529.2973483754155,-97.18165078414717,530.8148144748354,-81.9712602546957,528.8494484409902,0,-95.33959654035311,531.6203716931753
-82.84918689694966,529.4308651642233,-98.17306486596885,530.8661254428566,-82.79811810937095,529.4756038089076,1,-96.65705164894077,531.7647541625972
-83.82746667531117,529.5249148508333,-99.16664048808113,530.8954896765777,-83.90317781156425,529.3571045192084,1,-98.06898321971738,531.9008332580578
-84.82060384918039,529.6115415576543,-100.17460068781006,530.8996829533528,-84.7850924847059,529.6348106484966,1,-99.36072774881578,531.9811520745145
-85.82147128461163,529.6744452002199,-101.19690534988369,530.8805164938644,-85.82142038729924,529.5182468971094,1,-100.64310378352843,532.0333244242046
-86.82998174596622,529.6985668841343,-102.22335959449993,530.8339623794229,-86.74159853828489,529.6447754992424,1,-102.02193601885094,532.0732454354818
-87.85032903576692,529.7133478653551,-103.25455357629585,530.7657175346275,-87.86453410637125,529.7262303592062,1,-103.26840389729433,532.064269641207
-88.8715421542564,529.702477660214,-104.28867034822748,530.6692408033216,-88.80253499799049,529.7894648482944,1,-104.50455424234309,532.0267714800241
-89.89640784603509,529.6553587086315,-105.3220801731617,530.550123504544,-89.83073626843559,529.7798752174505,1,-105.84153253076434,531.9709733355705
-90.9284368190656,529.5975730027752,-106.3534141081769,530.4001726525721,-91.03146447899513,529.7152846696853,1,-107.039784734632,531.8709533161374
-91.9587412385209,529.498793557877,-107.38875508542598,530.2213848107875,-91.87269744109308,529.6343682326642,1,-108.3416005408627,531.7483742727632
-92.99881033428862,529.3852854817621,-108.4254443664129,530.014531871227,-92.99447587210777,529.4585322175338,1,-109.5056876562857,531.5861913737099
-94.03544083212374,529.2434589004488,-109.46775852536392,529.7808521839581,-93.75870592918974,529.2376569454785,1,-110.66552531597924,531.3954641895525
-95.08085195211773,529.0653587778252,-110.49651155970157,529.5246003517856,-95.12302057897455,529.1656784006892,1,-111.93509144460457,531.1771066012818
-96.12477019367734,528.8719686194432,-111.5305856505444,529.244962550324,-96.26024551273713,528.8625439082801,1,-113.0640793138014,530.9275445420059
-97.16643941361225,528.6585943315712,-112.5634504221891,528.9491153076318,-97.14482048463631,528.4518391568322,0,-114.18673944861747,530.6510912839705
-98.20828637913715,528.4137302593718,-113.60463723884908,528.6247328685827,-98.18810753964462,528.2940585781413,0,-115.420248348434,530.3409940489507
-99.25604237166006,528.155552971045,-114.64622468745846,528.2807075160673,-99.22325858430699,528.0836217946355,0,-116.51108698618762,530.0094558978385
-100.30576901552769,527.8637465481537,-115.68709401486645,527.9163201883833,-100.34056031641809,527.8281536173909,0,-117.71326596180519,529.6423727239994
-101.34854938294554,527.5610966564217,-116.71849851022486,527.5346394527006,-101.24025995887789,527.1376704103116,0,-118.77351954890389,529.2596830817774
-102.3920485844862,527.2352149481792,-117.75164584640096,527.1171228299621,-102.37663630507326,527.3491811090946,0,-119.83139042254633,528.8517102452699
-103.431522378441,526.8745306076136,-118.77543870815532,526.6832069243048,-103.42774026164746,527.0951057875639,0,-121.00210372841416,528.403664013732
-104.47186619323452,526.5003060535863,-119.7982075275655,526.2237019046739,-104.5886626396312,526.6250334523525,0,-122.03356308341016,527.9487454032744
-105.5087278072751,526.1018928734063,-120.81588799416052,525.7476150481547,-105.40678883061966,526.0763370717751,0,-123.06345417475524,527.4709246520392
-106.54102664236132,525.6756102508317,-121.8189883521493,525.2482238771706,-106.47924695400516,525.6242726755229,0,-124.20621926280656,526.9461839772877
-107.56979874774683,525.2346039643282,-122.8179550453369,524.7350686532166,-107.66414579568115,525.3047387348195,0,-125.20992258453296,526.4230401583841
-108.5949452003087,524.7787889051451,-123.81319935832417,524.2100112873725,-108.43608956231407,524.8602656290903,2,-126.20988827937553,525.8793621031926
-109.6207708720372,524.3070713304427,-124.81955756016423,523.66504388333,-109.63595256970764,524.1030068900378,1,-127.32044377183223,525.2844998331618
-110.64775640336104,523.823357217155,-125.83073019170132,523.111191851572,-110.65640816977881,523.8233613908438,1,-128.29190245552925,524.7016884636724
-111.67629153496932,523.3297548908154,-126.84238400728601,522.5537027912409,-111.6392165428784,523.0624449634394,1,-129.37048849747993,524.0694945819165
-112.70784586325685,522.8320341897709,-127.85796563457973,521.9968112833369,-112.74943822060692,522.6093402631011,1,-130.31066770993215,523.4600956969974
-113.74571406484738,522.3310905977667,-128.87860005049836,521.436868780798,-113.74478021980461,522.4802483269938,1,-131.24530670736837,522.8397532328208
-114.79118683942693,521.8291762057117,-129.9046511867324,520.8768168517965,-114.67483676382481,521.7304393890951,0,-132.2803591471613,522.1711326496496
-115.84536605024824,521.3255532235854,-130.93345744116576,520.3162923230584,-115.70685914805244,521.4196291232926,0,-133.1829197640532,521.5370815971484
-116.90214926731353,520.8206909619398,-131.96225714955514,519.7529445187149,-116.73190441181863,520.8715068524622,0,-134.08254348867194,520.897221622651
-117.97086430572293,520.3090346657613,-132.99703756646394,519.1769741151188,-118.01373861374637,520.3506691974118,0,-135.0819808685841,520.2079144722646
-119.02668786975757,519.7956105089108,-134.03770241718806,518.5965547559705,-118.92137948704912,519.7918841626599,0,-135.96534634272518,519.5606413663309
-120.09283199871484,519.2779167360503,-135.0686022819398,518.0226631421267,-119.99255450694301,519.068416632627,0,-136.95169573793999,518.8632111899063
-121.22165220448358,518.7246819210657,-136.12631323895883,517.4310267951695,-121.27107033826168,518.7931615184123,1,-137.8328545818882,518.2117110689446
-122.24051195925918,518.224771580434,-137.18203236299118,516.8395081955806,-122.2633085903252,518.2848205679029,1,-138.7242946551141,517.5568070563652
-123.32222945314102,517.6931385304072,-138.25005929334867,516.2410587773567,-123.37184714373868,517.5356272131929,1,-139.71991103277193,516.8490811174094
-124.41256737217329,517.1573364192348,-139.31566513576857,515.6468837300628,-124.41957012956034,517.1548171081465,1,-140.61532113757477,516.1947504003008
-125.50992720460181,516.6166030508051,-140.38253377008778,515.0487553967928,-125.37058104930307,516.4142920602728,1,-141.5223337639324,515.5389798987698
-126.6107934702538,516.0740199562251,-141.46107545162872,514.4415365404684,-126.56151195816317,515.9574149098754,1,-142.53368497557048,514.8291623029763
-127.71427445035235,515.5281033813212,-142.5429867711369,513.829452034784,-127.80643836052583,515.5069206022984,3,-141.57680064837996,514.3347468042762
-128.82138691776126,514.975679664056,-143.637888162687,513.2068511986835,-128.88815187969286,515.0180875053605,3,-141.20512811502422,513.7717975090784
-129.93421269119594,514.4204680927876,-144.72567911678908,512.5844321068869,-130.08916437634886,514.2409213834455,3,-141.09728303485647,513.2218540798734
-131.04866288737676,513.8604768823889,-145.81532436632742,511.9634523291725,-131.04758323482363,514.0106763645765,3,-141.20798932904125,512.6899467648701
-132.1663313767458,513.2967976141281,-146.91491698000624,511.3411076459895,-132.09257742403437,513.1675967824037,3,-141.53826283549344,512.0678435312218
-133.29620681485181,512.731895488362,-148.01330617057909,510.7185516712067,-133.35506581297162,512.7292350676793,3,-141.94802856404212,511.5072946237069
-134.43609719831144,512.163818829566,-149.13794415769024,510.08328078433516,-134.42446742409686,512.1629803597332,3,-142.4641405470767,510.93707063177897
-135.57866854453732,511.5997818299658,-150.22888430939875,509.46754025780024,-135.60359090499404,511.5637489695518,2,-143.818715718959,510.1913582883297
-136.7263617244641,511.030914667401,-151.35655696246707,508.8281255749438,-136.88573566342936,510.8704313048765,2,-145.17586175973582,509.4952536688779
-137.88018027453143,510.4577705462127,-152.49588393107996,508.18521667812183,-137.83572458655843,510.4402867916536,2,-146.67135450980732,508.730989548843
-139.03941880491234,509.88088181824065,-153.6402439253268,507.5338500190526,-138.9616826376747,509.8288875790171,2,-148.1416607088576,508.0232327171184
-140.21248679358223,509.2980528250678,-154.79719564786888,506.8748849171451,-140.09828823335468,509.1697651482629,1,-149.65105963755863,507.3106603582544
-141.39828874816428,508.7084913580424,-155.96078997414438,506.2126716126674,-141.4352676403965,508.70236118545915,1,-151.275881600898,506.5359441252348
-142.582683587616,508.11952576439586,-157.12457812479306,505.55757265225697,-142.5912439424274,508.14867141646334,1,-152.82399229368312,505.8269601484151
-143.77238510166035,507.5290665273769,-158.28898858566222,504.9041009544209,-143.8489719901973,507.68254026460914,1,-154.37780132908415,505.1174536119295
-144.96980849724468,506.93447234500803,-159.4587755252144,504.24387943957515,-145.09740483068788,506.6597325764504,0,-156.02706221345568,504.3472514771624
-146.17365138240322,506.33601242526635,-160.64310768168835,503.57524467005555,-146.2965489239816,506.5267288420881,0,-157.5649495664086,503.6448567396009
-147.38611690730795,505.73276252775156,-161.82004625386898,502.9041498389282,-147.50879236687084,505.7044296691367,0,-159.19212887105874,502.8811443493012
-148.60120676063295,505.1246224517785,-163.0128287460937,502.22513079082785,-148.61466274220948,505.03782654299715,0,-160.6932132873859,502.18457145925845
-149.82261053751662,504.513827565512,-164.21552589851026,501.54191090502565,-149.9588922732165,504.61111323446863,0,-162.17858107843446,501.4853111080936
-151.05032975911243,503.8999651203212,-165.43005708604335,500.84835753536254,-151.03710142277285,503.81849312144107,0,-163.75420440424887,500.7210539629845
-152.28236464839298,503.28257702629946,-166.6472707116499,500.15419869287024,-152.2897205094914,502.95173215951667,0,-165.19398799660235,500.0246222132229
-153.52340139038944,502.6644929553475,-167.8595569579592,499.4677666366826,-153.54725979004473,502.48547488408207,1,-166.61700929092518,499.3264908367535
-154.76934720129256,502.0446370374549,-169.0741550745382,498.7824236226965,-154.67107495560015,501.9336505888577,1,-168.1325394859115,498.56469729833407
-156.02057230668746,501.4286767126243,-170.31358037412855,498.0827865345549,-156.05546758257708,501.36816835506465,0,-169.51085770727164,497.8710891863848
-157.27591200142194,500.8101809906808,-171.54019516556195,497.39231009123284,-157.29834327454782,500.5375594123969,0,-170.87482703850642,497.1744316712992
-158.53195091858157,500.19178157121314,-172.77647625243688,496.68626664436533,-158.57090891712895,500.25126988902355,0,-172.33690307033183,496.4093304239654
-159.79124323975793,499.5624711481211,-174.0079965176673,495.97632163730464,-159.77607725323185,499.3866969543834,3,-171.9989743188057,496.1510287053676
-161.04614838163312,498.93075947740226,-175.2370531469637,495.26683899294136,-161.03497369338373,498.8681597100542,1,-173.51818200561715,495.3515709896726
-162.3036799889046,498.294101375728,-176.4641441667069,494.55750438766995,-162.252099057041,497.95574571155515,1,-174.92231777078405,494.6159069199732
-163.55960217566042,497.65945000581405,-177.68706704724855,493.85884258413245,-163.82550434742916,497.76966852882373,1,-176.3216777200297,493.8753141777267
-164.81852109759083,497.0250674353281,-178.90957169009772,493.1610163849765,-164.84402604742624,496.94582430482376,1,-177.82147943952276,493.06591820072356
-166.07853428979394,496.3920111596287,-180.13773394638073,492.4638624481318,-166.0737742515572,496.36473029779114,3,-177.69446330998358,492.78793403053055
-167.3370522710757,495.75805471615854,-181.3665638743557,491.7672444754587,-167.44202006198336,495.68385495507005,3,-177.90216111362602,492.4009588271532
-168.5960508765202,495.12777711985177,-182.58840078126855,491.06693886273916,-168.64900921753411,495.1202807009137,3,-178.3907204627334,491.8984441450418
-169.85067257811065,494.49333255565335,-183.8111621834631,490.3608570417797,-169.8742290617432,494.5885542028463,3,-178.9256898023889,491.4246281527458
-171.10799760256626,493.8579710292373,-185.02824323491595,489.66177760673816,-171.1391142724892,493.88038357899586,0,-180.49872118297355,490.5485384789939
-172.36681186639603,493.2248236432351,-186.25032167678376,488.96091806106534,-172.33578575070234,493.19183223772797,2,-182.0081742972004,489.73258116864866
-173.6230080488477,492.59571321400693,-187.48649871376648,488.26757834647736,-173.55868562932093,492.52008934368644,2,-183.5425041608035,488.90975745708386
-174.8888640401031,491.9744217661076,-188.71729420126812,487.5776534649039,-174.84456469229588,491.78342818362864,2,-185.19298194699303,488.01514881256196
-176.15851865276656,491.35266034307676,-189.95704988044727,486.8908709506287,-176.30764416078614,491.2414315373288,0,-186.73820535987804,487.19715285989946
-177.41934222153867,490.7363700733897,-191.17893216068526,486.20950979721476,-177.33214197452608,490.69102866044597,0,-188.28155528266083,486.3798962880256
-178.6751687971186,490.1194534110034,-192.40209823570302,485.53455781337584,-178.67459072334142,490.03207484137954,2,-189.93027927387365,485.4917793455699
-179.92719761646993,489.50336988212723,-193.613595875199,484.8651346111248,-179.8325664955787,489.48165342478234,2,-191.4497926416579,484.68860482154594
-181.17701022566655,488.891148741011,-194.8481206575719,484.1876712501391,-181.10354893858138,488.8764970043728,0,-193.06455397383252,483.81806507826053
-182.42569706074138,488.2843538831284,-196.07081938262468,483.5238228756271,-182.23064913673164,488.1475787415601,0,-194.53745299468747,483.03853921731775
-183.67908718202253,487.67653839286015,-197.29604690504362,482.8498080326756,-183.6333882862902,487.4071818409963,0,-195.99207326174763,482.26567685894713
-184.9302704674063,487.0697753640507,-198.51955192680643,482.17904014659075,-184.93085195527712,486.99549493222946,2,-197.54119584523278,481.42641480093977
-186.17714798365154,486.46374206556806,-199.73238906549298,481.519271325186,-185.9162750452871,486.5235569545104,2,-198.9447421457845,480.68195558999867
-187.42380402354448,485.86178115376913,-200.95231639830973,480.8428571104561,-187.45323327258856,485.6706397559729,2,-200.33165793837014,479.9432721373331
-188.66397285173014,485.25752028641,-202.1632052725411,480.16594089821734,-188.77548258773697,485.32136409959526,2,-201.81415506389487,479.13495946250566
-189.90706808105358,484.6485395649642,-203.36230097513229,479.4917364735236,-189.8020738042918,484.58371697292074,2,-203.1501940414538,478.41859144371733
-191.14005415443847,484.04175404768387,-204.56178832109444,478.81939528937477,-191.16336662339828,483.95550757069606,2,-204.58524081620016,477.631603543712
-192.37174771836976,483.4336882149715,-205.75721534312297,478.1428350876759,-192.29325172373254,483.2626327770356,2,-205.87785326534961,476.9345899321358
-193.59603885395873,482.8257447673109,-206.94736300327745,477.46554231477575,-193.56957989710438,482.7809351966261,2,-207.15798768175225,476.2386786249665
-194.81752525144788,482.21845324202354,-208.12840939593067,476.78443323504405,-194.76565545508447,482.0369233624906,2,-208.5373139336039,475.46797066335466
-196.0343468448639,481.6039160009747,-209.30264074321494,476.106479147255,-196.00440562325804,481.538869429638,0,-209.77484197649179,474.7845918592793
-197.24015853231802,480.99109573923766,-210.47372609806436,475.4228163640771,-197.0946758531462,481.04186042836847,0,-211.0039390644891,474.09897474394364
-198.43920241333805,480.3722985269239,-211.64622542743518,474.7319300083922,-198.5695718312398,480.23811180117616,3,-210.68091116206733,474.1660052999378
-199.63484396645592,479.7543277824628,-212.8263160016406,474.0417811663377,-199.5659080285668,479.65621409458623,3,-210.63929345859435,474.0928707032004
-200.827587377067,479.13650456109303,-213.98319645585883,473.3619680945897,-200.9194162815076,478.9434446190198,1,-212.09476673033774,473.23051815209647
-202.01154709440678,478.5151029622201,-215.13642274241477,472.67662072187943,-201.81542733604084,478.5721268029245,1,-213.44164331536118,472.4462203823869
-203.18959812634293,477.8954781281765,-216.2850946274195,471.99398493009534,-203.28354134757066,477.88375160355287,1,-214.78712292867039,471.6618704700661
-204.35514203925214,477.2771833509401,-217.43000226301206,471.30455881321484,-204.2958756133365,477.3215695357284,2,-216.232467088743,470.8026291570228
-205.5008591892834,476.66452884073567,-218.54028473766724,470.63737833620894,-205.37263912700567,476.60216647140334,2,-217.55110977528727,470.02692951516406
-206.63386112910587,476.0549140528809,-219.62907995198162,469.97374967475366,-206.63097618799483,476.07886706055035,1,-218.8561229280289,469.24933382951434
-207.7486369039618,475.4506239895992,-220.69443145329808,469.32345002155006,-207.625842566764,475.4163513428541,1,-220.25029741036388,468.39286603038033
-208.84296317925046,474.8564641657092,-221.74319063126546,468.6839457357964,-208.69231652703485,474.89656951781745,1,-221.50277955631512,467.626180203889
-209.91824564664424,474.2711205907608,-222.7824136468613,468.0549207931735,-209.9849338752126,474.2944561228437,1,-222.83819842858767,466.78143988993054
-210.97617531203718,473.69651562544,-223.80527130122726,467.43056866949325,-210.85813854092598,473.5049158437603,1,-224.0282229823711,466.03321695654273
-212.0205829589131,473.1264644312134,-224.8090829348085,466.8142174980633,-211.95804419044256,472.87045367546114,1,-225.19391369437992,465.29006385524247
-213.0438343605849,472.5680597323975,-225.80561924266652,466.20639668201596,-213.04836657406534,472.53901288824045,1,-226.44095429937963,464.46943763216694
-214.04963425743634,472.0200877252794,-226.79144070909052,465.60792283372376,-214.07436494916337,471.8797383216982,1,-227.5436596067097,463.7530561623483
-215.03595982675043,471.4871419715439,-227.7436426759867,465.0421307082535,-215.02423593680393,471.48811479086515,1,-228.62088381081898,463.04732822879424
-216.00622280086654,470.9667203592753,-228.68625075519813,464.487426955129,-215.87313361488685,470.994346833332,0,-229.77526358106743,462.2673062228658
-216.96589978109355,470.4635543722834,-229.6295254669424,463.94028514834963,-216.92035382911433,470.36164562486215,0,-230.78652135216873,461.60002350559034
-217.9164887590786,469.97816508258603,-230.5681094697671,463.4155368929715,-217.83428109318885,469.7990085492216,1,-231.77499063171666,460.94857348259126
-218.86472182516408,469.5038512824132,-231.50378519610032,462.91544379276587,-218.69496230577346,469.58131161717574,1,-232.8387367376349,460.2325305652543
-219.81193046717445,469.05454525856186,-232.42717780416018,462.43815125332816,-219.7674786531694,468.92484583421503,1,-233.76418753792555,459.64198776426457
-220.75248102581702,468.61680053328325,-233.36343281733463,461.9851999139376,-220.75235516691748,468.60460753709845,0,-234.76237082654018,458.99206171330064
-221.70205568889526,468.21430365566334,-234.30273771751928,461.5505830956079,-221.79590275107435,468.1881911991076,0,-235.63189674428858,458.4661448696396
-222.6464189669307,467.83464690097867,-235.23598965259228,461.137498833303,-222.63273133707335,467.53981480903644,0,-236.48358951779244,457.9650585710037
-223.58635804803595,467.4598742466902,-236.17207160682452,460.74983174147195,-223.41043383156526,467.53733290374686,0,-237.4077564728104,457.4107965334501
-224.53163155094654,467.1184517770826,-237.11737286160644,460.3678096141666,-224.64714279335394,467.0754436913734,1,-238.22441584323735,456.9789178103391
-225.48652178542972,466.79333190925007,-238.08858335638732,459.99849888947756,-225.27727232572383,466.9827982466488,1,-239.03827462972887,456.57463877386255
-226.4429803054451,466.4748541700934,-239.06573236226635,459.64804651486867,-226.552175130994,466.49956575781687,0,-239.9297108280618,456.12618627195764
-227.41376879483238,466.1894289175234,-240.04142903460965,459.3323033366725,-227.51906851704842,466.05124005508753,0,-240.72960978515752,455.7974564812327
-228.3825144694501,465.9129370312674,-241.02398066007694,459.03345466849726,-228.39329523194183,465.9803655680015,0,-241.6072696080844,455.4289264545513
-229.36171295041808,465.6650997083774,-242.00917822397344,458.76101706844787,-229.42099368246753,465.40839806101724,0,-242.40225370264915,455.1699495949799
-230.346784728321,465.4421326910246,-243.0002358710805,458.5069007710422,-230.27220800274176,465.34856432246545,2,-243.20544304485068,454.9337947588784
-231.32309880548198,465.230385962646,-243.99421977552774,458.27508003461105,-231.24340797892876,465.13518801250774,2,-244.08634694731268,454.65912791313525
-232.30523728481327,465.05376463814395,-244.992594231014,458.067045972375,-232.05826127218566,465.07773519297274,2,-244.89693320388142,454.4795497452101
-233.29434576535695,464.90306490221104,-245.98724915727578,457.8771317419312,-233.20973791955893,464.85738817109643,3,-244.2252414010766,455.57719309573906
-234.2846507024698,464.7531836687817,-246.9800807005697,457.71555839306154,-234.16665368925828,464.7532558813604,3,-243.99579498098876,456.29261115808794
-235.28696931896806,464.64055468670614,-247.98191139015847,457.5736565014955,-235.27052799177702,464.5355909140822,2,-244.95389183004383,455.976433851994
-236.28097424531583,464.5308027893678,-248.98554119477225,457.46109607753016,-236.367116659861,464.5225670950679,2,-245.99289297469048,455.6488328645458
-237.28805262575247,464.46675547465856,-249.99800188740082,457.3751964940275,-237.11344823407762,464.4791294295239,2,-246.9942664869045,455.40552798128556
-238.3074785725205,464.4336131454574,-251.01618319423122,457.31699953142055,-238.259156354157,464.3265503059797,2,-248.0137624657407,455.1985285792376
-239.32315513924217,464.4108065813756,-252.04503643545024,457.2888683225916,-239.41701843243968,464.3264256379506,2,-249.1050195896133,454.9916952660896
-240.35427914866582,464.4382364127673,-253.07760909174362,457.2985556790104,-240.35994777518582,464.47195070102003,3,-249.04781704382012,455.9490349257305
-241.392655090326,464.495300530544,-254.10572004173585,457.3343352250118,-241.4807514662108,464.4100033014473,4,-249.21672712102807,456.6714549522332
-242.4266641579082,464.56585693890264,-255.13627973493465,457.408631665061,-242.44748566793106,464.615737711185,4,-249.56060803660077,457.2593436272535
-243.47239131451968,464.691966534662,-256.1748986791537,457.5140131693928,-243.5974964512501,464.5894953920871,4,-249.97818098180022,457.7720973812323
-244.51836079548966,464.84968336914255,-257.2086926910786,457.65297667756187,-244.49752403655924,464.8150644996068,4,-250.46850172966492,458.23729671865067
-245.54827041408387,465.01829714597363,-258.24982098899693,457.822926407282,-245.56842756602998,464.9678224627772,3,-251.0685113074522,458.66143444239435
-246.5878240752295,465.2381590450564,-259.2875416298957,458.0123122061746,-246.51606122750425,465.2375388876587,3,-251.68459811776614,459.08076362473105
-247.616747210184,465.4642897711973,-260.33790909759847,458.23530726841045,-247.65974205769112,465.4908909033551,3,-252.40087238962704,459.4901707348627
-248.65248437012346,465.747992597702,-261.3775266123036,458.4912077952601,-248.67263628973876,465.7591951676514,3,-253.13148655826603,459.8997860342237
-249.68426542730825,466.0629822646681,-262.4110713790112,458.7730938628734,-249.72882077923094,465.69663599065336,3,-253.91098542528812,460.27975066850877
-250.7138079131132,466.3858841299937,-263.4488214865717,459.09138643334825,-250.61277872996948,466.1350893123014,3,-254.75752099250545,460.68434132825666
-251.74489765410675,466.758376577707,-264.48017184242275,459.43519420793604,-251.80239919478143,466.52145609876106,3,-255.61913414771115,461.09878353850627
-252.769750799673,467.1584709406564,-265.4887283771617,459.81199226457585,-252.57911420474355,467.1189305391612,3,-256.4929847581043,461.5433507711248
-253.774023808037,467.5743372555239,-266.5032244929868,460.21827462623156,-253.6960140390118,467.22363917828926,1,-257.7760697895619,461.5263682321732
-254.77879647621833,468.029740316268,-267.51027666577613,460.6604643570359,-254.74117241613413,467.9169699251051,1,-259.0958979631536,461.5185281045143
-255.7727768879463,468.5041575242933,-268.51643083137924,461.1383270654237,-255.73500094758637,468.4947792418875,1,-260.53898057649286,461.5468978225184
-256.766031737958,469.0234386448811,-269.51482258050675,461.6409204969618,-256.7186395106918,468.8970183396185,1,-261.97625005146426,461.60942384712115
-257.7514483251824,469.5692484788689,-270.49189215157776,462.16096563651917,-257.71190584195745,469.4426999791934,3,-262.8601815197015,462.50020361962135
-258.718627642261,470.1220132415666,-271.4623465657974,462.71325953331,-258.484954285208,469.91425581459686,3,-263.7745078090116,463.3464281921416
-259.68649144321955,470.71697073455556,-272.4227607986421,463.29280485009355,-259.608771236886,470.6479754299535,3,-264.6514714512292,464.1578066628518
-260.63744865130576,471.3326804394038,-273.3810165862759,463.8958927511156,-260.72948808854295,471.26575770688487,2,-266.017149475335,464.32627537168065
-261.5741531503796,471.95880771368263,-274.3242024147306,464.5187862743043,-261.56207046564697,471.85667462084945,2,-267.47724428627475,464.54848720597664
-262.5024816845111,472.61974822451765,-275.2495570553037,465.1629808916693,-262.4711893752156,472.55049878876747,2,-268.8921462618651,464.7927920151709
-263.410533244345,473.29541331544806,-276.1903006793307,465.82957572232147,-263.38386872637636,473.303748266164,2,-270.38252292385596,465.10383972847757
-264.3229547551999,473.99698480002985,-277.1134575992244,466.5092985150689,-264.4396508894064,473.78136342005166,4,-271.019683832958,466.32829454643246
-265.2239004703928,474.71347259293776,-278.0261439610838,467.19849950447116,-265.35125442405615,474.4466684725254,4,-271.69753553306856,467.4387621395252
-266.1143074723167,475.437144481722,-278.94113659124406,467.9039888658869,-266.13292003824125,475.3462772137457,4,-272.44753521252414,468.5325616768672
-267.00502592165435,476.1788551463089,-279.853629962558,468.6213880602004,-266.87808580577564,475.88786506674205,4,-273.14332698436203,469.52304402664885
-267.88701001409447,476.92742249983445,-280.76128421465313,469.35241600202846,-267.6821200057758,476.52996349994845,4,-273.91000908513183,470.5131022804256
-268.76480698851407,477.69381628433905,-281.66354865772894,470.09233446017504,-268.8043389469492,477.6319178824566,4,-274.6581253128314,471.4672996712185
-269.6384567946975,478.47003605912795,-282.56195890734693,470.8457397816957,-269.5873868810015,478.3138751695777,4,-275.416562056274,472.3952464838518
-270.51015373228495,479.2575281124918,-283.4596377309112,471.6077389048202,-270.646864008504,479.3384714998885,3,-276.2619092685209,473.3787584063872
-271.3826268365954,480.05084847079996,-284.3490989504752,472.37116458341524,-271.26242132041625,479.9758456242801,3,-277.0379107392939,474.2847117139295
-272.2418960052997,480.8443333862091,-285.23883675145913,473.13488660244144,-272.2262726183266,480.75027559712356,3,-277.8383212187264,475.17829653708026
-273.0973498249426,481.6404483468344,-286.1231035835714,473.9035255629405,-273.08175026381565,481.56490242310116,3,-278.7098527239055,476.1153741819321
-273.94670380002196,482.4364216093382,-287.00959920167514,474.6752454911511,-273.91910470969674,482.36115158231047,4,-279.5328512052282,476.98727703807907
-274.7949398206569,483.23553643191644,-287.8832427974435,475.4451633789209,-274.7316050057741,483.0214597070377,3,-280.4231995140084,477.8946722964789
-275.6385771890688,484.0343227104444,-288.76029174555424,476.21987611053265,-275.73482570317117,484.12359941427263,3,-281.2723544861391,478.76353970061757
-276.4754136638953,484.8331622286748,-289.63342904291596,476.987394720327,-276.3446891664689,484.59113451271173,3,-282.112161041961,479.6005153109036
-277.3131686420848,485.628647091805,-290.49285114848374,477.7508442889294,-277.1643070892475,485.6678885439923,3,-283.0212910989615,480.51001198914355
-278.1415225384187,486.42495974369916,-291.3474970293694,478.50832108559945,-278.0532974912897,486.3355833620349,3,-283.87782527025695,481.33856107208896
-278.9632731115864,487.22205522129707,-292.19936681692934,479.2610271460405,-278.9608760457973,486.8775641277386,3,-284.8095328372207,482.1924863840037
-279.77649613716255,488.00528532135644,-293.0487719404166,480.01078200648766,-279.69125697787774,487.98278120031324,3,-285.6672173510631,483.00125527501086
-280.58315203532067,488.78176424515016,-293.8882037447151,480.7469372377735,-280.66036545483325,488.74436286356377,3,-286.5415782533216,483.7972755859538
-281.3842739616462,489.5451289164507,-294.7245422063903,481.47232853136586,-281.3717445278528,489.3194989047845,3,-287.4742728814978,484.6172355228753
-282.18344634750565,490.29838298718323,-295.5522853893674,482.18050105849284,-282.0547575765933,489.87519494293304,3,-288.32439163029034,485.34602428919715
-282.9703262014802,491.02973251200905,-296.3697765971913,482.8707148744064,-282.9108179398153,490.83986726516895,3,-289.1810729706837,486.0800514295935
-283.75001916861527,491.7393554885853,-297.183747148918,483.54243542691296,-283.59238184127264,491.5659748186078,3,-290.09740875852845,486.84716303191163
-284.5286012204049,492.43162972780044,-297.99346765446603,484.1969346015608,-284.25944216351155,492.29191286932894,3,-290.9298983309052,487.5394793655585
-285.2941892329573,493.1025221561657,-298.805042247007,484.82594133418735,-285.2535619131558,492.9011213139582,3,-291.8522059600275,488.25267774576236
-286.06619375998577,493.75139798793776,-299.604264389629,485.42956442221913,-286.0656161377733,493.57312219485965,3,-292.69958823118486,488.8928744579774
-286.8325106729274,494.37842248613924,-300.39660291097834,486.0049520382519,-286.88183554664766,494.2631852341485,2,-294.1328961172507,489.1043239247895
-287.5898814412143,494.97505148979644,-301.18111958099746,486.5570722288063,-287.49310122290257,494.95675818350014,2,-295.6988383335405,489.3140650975263
-288.3474275114793,495.55748421687997,-301.95829329436003,487.0855793209871,-288.1692189149339,495.39653110183247,2,-297.19658627392914,489.44902059961663
-289.0978162457395,496.11161233281257,-302.7280745712039,487.587416768048,-288.8105455595564,496.1152933404989,2,-298.7963613304978,489.59035226986697
-289.8389545898993,496.63681679337225,-303.4824354957453,488.062031721427,-289.699831624769,496.59133111336405,2,-300.27840339176726,489.68393354324536
-290.5714182773882,497.1375530901305,-304.22625545362746,488.5163109421774,-290.40509905615767,496.95389721702026,3,-300.551149376063,490.51998402904377
-291.2807620851927,497.60375936953125,-304.9551629519415,488.9538179932232,-291.20733625637433,497.4338561106904,3,-301.00476319553076,491.28773250543566
-291.98673986956373,498.06405445270866,-305.67677928120185,489.3676893048212,-291.9016031747806,497.9982451070597,3,-301.4199160738465,491.96281925493
-292.6784649658358,498.49499779833934,-306.407172622302,489.759860597347,-292.5780449905337,498.35483371359265,3,-301.9545755989147,492.5976614995621
-293.3802695623256,498.9110030054697,-307.1341513890389,490.1358636279496,-293.2076112002687,498.83066479522,1,-303.31968719793235,492.6157787212152
-294.08435753763246,499.3122454872,-307.8545168950616,490.47878405883324,-294.17052487725124,499.1215713979774,1,-304.6816047027083,492.6168262951654
-294.774482908884,499.66568817930437,-308.5820342176202,490.79058829561353,-294.6607088017987,499.2613546970901,1,-306.12876905300425,492.61869748846647
-295.48236616602264,500.00762344220146,-309.30328181293714,491.06300504591826,-295.50792505127606,499.88078224825784,1,-307.45115519737567,492.59133276949314
-296.17375734417345,500.2881007095902,-310.02047157262274,491.30075475956687,-296.0919630699625,499.88995952136435,1,-308.85063950027427,492.56832464469693
-296.87789952731595,500.55844693014427,-310.7355451228533,491.5066939725573,-296.8070537600086,500.16480389516903,1,-310.1055163248372,492.52992397042686
-297.5960793503345,500.8020541356394,-311.4679658014207,491.6844183718042,-297.1085527102826,500.51328161634575,2,-311.3256808198991,492.4931842684882
-298.29252617170243,500.9730585856551,-312.20526194111727,491.8406765803446,-298.3019096534122,500.8848845831955,2,-312.61841661114596,492.4662932052382
-299.0220703087207,501.16461935792677,-312.94167312420166,491.9680541321234,-298.76179253173746,500.8328953159124,2,-313.7520828920459,492.44113361219775
-299.7276760653304,501.2846687676035,-313.6898950233319,492.0561271675274,-299.79634701351245,500.93565666639796,2,-314.95792864197693,492.42370703748054
-300.475530342188,501.41558299371655,-314.44369883140854,492.11264033978546,-300.2611430856071,501.3942311761395,2,-316.00445048081815,492.4066012537081
-301.2295444077963,501.5150938880911,-315.20261750457826,492.1424236108429,-301.2197252645415,501.33542150209075,2,-317.02228725039384,492.39105128330124
-301.95558072230017,501.5492744573008,-315.957812997213,492.13926720403964,-301.8560912383452,501.39072121744164,2,-318.1226631950046,492.37305458596876
-302.70006287165666,501.59389458349676,-316.7152884336283,492.0927082865355,-302.71195609946494,501.56053190726635,0,-319.06778372712967,492.34359352141473
-303.411782463128,501.5503927230065,-317.4415678656017,492.0139963429051,-303.2434093545774,501.20800001089515,0,-320.09523572334894,492.2991567720446
-304.1427843613041,501.50912797159793,-318.18885911680127,491.9136592054981,-304.00196100340776,501.35122750809586,0,-320.9756581378879,492.2390628697418
-304.86710740577905,501.44476709690304,-318.9147100986772,491.78398109590484,-304.7195683627505,501.2697927957456,0,-321.83620535571237,492.1615858012328
-305.5678792620815,501.31127513910116,-319.6358931493641,491.6170397938851,-305.2049597157037,501.2395229518556,0,-322.78268122559757,492.05992445599
-306.2884549195096,501.17708346087977,-320.3500392136575,491.4333443080025,-305.96945113387164,501.0113772735383,2,-323.58274577168805,491.9405059246129
-306.98505875345256,500.9966059481567,-321.0619583258826,491.2389247904317,-306.93585532459963,500.8588107286293,2,-324.4765534784629,491.7965971752121
-307.69610084962017,500.82917804521463,-321.77665840899044,491.02292778118976,-307.44914369330553,500.7108437036993,2,-325.22419253833397,491.63901990547254
-308.4043488817699,500.6403086717545,-322.4873949176201,490.78644479549416,-308.23272350889255,500.5683396313991,2,-325.95069210919644,491.46266609302523
-309.09845781839016,500.4183707425935,-323.1905747039721,490.5373307650539,-308.8033213428887,500.1705920664247,2,-326.7598065851958,491.2590161475844
-309.7962896672704,500.19196405005493,-323.88943902623356,490.27934040923355,-309.62532327537457,499.91447405943126,2,-327.4297303705084,491.04511710395644
-310.4935803581857,499.95318453095285,-324.59088630495097,490.0022981481772,-310.3825436022233,499.86562024938496,2,-328.08438171070094,490.8131703160299
-311.18597389208315,499.69332310412864,-325.28820209914926,489.71717803595595,-310.9939651947091,499.4613522121839,2,-328.8176364256323,490.55385270179255
-311.8791140192043,499.42428229287555,-325.97947483641605,489.41182891219614,-311.7388218547982,499.33015584193885,2,-329.4218703873962,490.2899897165205
-312.57164234944355,499.13821189862006,-326.6746257898834,489.0942951700635,-312.5135285229854,498.83176159007417,2,-330.10769997815385,489.9958351409238
-313.26150260518847,498.8453858052717,-327.3588125075727,488.7653616789877,-312.94081330831483,498.74730208957897,2,-330.6756946433693,489.6989888020986
-313.94961169330463,498.543200136119,-328.03508033965267,488.418982577467,-313.98664041421813,498.4807827760537,2,-331.23750284895243,489.38524694873513
-314.620994393592,498.20679805926017,-328.701532674076,488.05058797221784,-314.5386369696276,498.11410752316095,2,-331.8775304669016,489.0350289059309
-315.2944853386956,497.8699473691301,-329.3525845607425,487.65919447396794,-315.3030795689347,497.7297295285027,2,-332.41217492370373,488.6809722524639
-315.936000326246,497.4875645449585,-329.9947755228247,487.2467438549308,-315.82480259439694,497.3913142670051,3,-330.9546995031457,489.3833273669951
-316.5815055330532,497.10618853899973,-330.61925983753457,486.81234699556967,-316.4329055658936,497.1427035225095,3,-329.9926255599371,489.8311490861081
-317.2185084797919,496.70584205297314,-331.2259994750527,486.3425008163466,-317.0771086716916,496.66839049051543,3,-329.39875293210605,490.0786418293331
-317.8129536301094,496.2372201622936,-331.8094650085081,485.84564802754295,-317.8284306512741,496.07805756572384,3,-329.10425592563047,490.1672907836931
-318.4137405442109,495.7804514512266,-332.3733808178272,485.3275439821072,-318.3141618756654,495.68773842378744,3,-328.91459582040073,490.16321862093434
-318.9636370260397,495.261632052677,-332.91268115447167,484.79219934735227,-318.730936813931,495.25071018114755,3,-328.8865344255284,490.06556763442114
-319.52100512847824,494.7681000879545,-333.4255469888696,484.23625418047607,-319.50318248431705,494.8029074518052,3,-328.9292719335661,489.89953444330524
-320.0453840435963,494.2518492047328,-333.9057106580346,483.6522631382105,-319.9994309051588,494.13490795251386,3,-329.04664861132363,489.64785094954243
-320.51616987308006,493.67402909348687,-334.35803143970674,483.0657521432226,-320.45217725303206,493.5285824573997,3,-329.2623107447563,489.3123585900435
-320.97993438396895,493.119567545418,-334.7813325828765,482.4653400563349,-320.8666738327696,492.99202091494226,3,-329.47274394478956,488.9294256903832
-321.39015318675223,492.5145995854654,-335.17636104103093,481.8578206648,-321.35074998098264,492.3683422139457,3,-329.7674644961979,488.4656585576702
-321.7897249422913,491.93897110371404,-335.5377149457057,481.2500542964755,-321.70450603332756,491.8598133077823,3,-330.03396181081627,487.97387325562465
-322.16352276534,491.358574275694,-335.8763026890763,480.6356812924744,-321.94439358873444,491.28518213359916,3,-330.30907331836204,487.4358972899754
-322.49907885026863,490.7475168673854,-336.1966470178431,480.0121615356871,-322.31988741412016,490.7037784929933,4,-330.64342024542583,486.82759128287563
-322.8353563243265,490.15193229630586,-336.4985800581052,479.3804179550167,-322.5773732147324,489.98933347763824,4,-330.92669934576475,486.20502094346693
-323.1606806733361,489.5475669156383,-336.78080042528745,478.73150256260476,-323.07362958681387,489.31918744552706,4,-331.22727557836015,485.5511326160875
-323.46332901287343,488.91907601972923,-337.044397384486,478.0747652042439,-323.07629825240485,488.908909920114,4,-331.54423753732107,484.8559341789474
-323.7640424443886,488.29757666890487,-337.287245225365,477.40203298219615,-323.6876836387418,487.954583442196,4,-331.82950548565964,484.15381473874055
-324.03139310483897,487.64850801799656,-337.5111090263072,476.720326078723,-323.9327237418233,487.48804625266314,4,-332.1451730466094,483.40924293410086
-324.29140713299586,487.0054492893401,-337.72149721252356,476.033793848167,-324.1539183963092,486.79993506887047,4,-332.3976904858759,482.6918585241627
-324.5385297107926,486.36039664645034,-337.9166687296833,475.3378783253911,-324.27470917324393,486.30317666259015,3,-332.6316571868964,481.97449593544553
-324.7463192558794,485.68139637527344,-338.0892195207141,474.642414146454,-324.196510231451,485.537678772382,3,-332.86949846434874,481.1907574045207
-324.94125659697846,485.0134013643846,-338.23801841893595,473.9336478940451,-324.9669211125435,484.91759387187545,3,-333.09309106515497,480.45203013470905
-325.1159046426068,484.34354393014746,-338.3639852043956,473.22399312742937,-324.8372694762333,484.15802975226205,3,-333.2772096046036,479.69585871446895
-325.25470329635476,483.6432876033197,-338.4664931960589,472.51107395867984,-325.179150552707,483.57304391810476,3,-333.4991222306923,478.8877483364835
-325.3849870496921,482.96473976472646,-338.5443364788319,471.7941335062218,-325.1856954399394,482.6687506342785,3,-333.6462669967608,478.1142744192289
-325.47199833408587,482.2409194836352,-338.5965876421267,471.06774770709575,-325.3561517964815,482.27519558731825,4,-333.8193033311031,477.30774656749185
-325.5532083543628,481.5383929748781,-338.63464797398564,470.3466278475098,-325.47659181446613,481.49136571265086,4,-333.93205984969876,476.5524170314007
-325.620513338043,480.8363379201593,-338.64713780635907,469.6243639337679,-325.53156710083493,480.70658816842314,4,-334.02394781841036,475.78665624665007
-325.64236530569826,480.10430272902414,-338.63449272142617,468.89889972580255,-325.50209874646026,480.01165278305075,4,-334.12055371488117,474.9612274955288
-325.65430806959097,479.39332733454984,-338.59293049292285,468.16106235172475,-325.4036231071617,479.2674831138701,4,-334.1448015869727,474.19589985680835
-325.63900633023826,478.67054089929417,-338.5293647828077,467.4170746763105,-325.4121713763408,478.5348742264086,4,-334.1527612334899,473.42846021223147
-325.5848520911128,477.91816333111944,-338.4404258996721,466.67461876493024,-325.439174104711,477.8707071606241,3,-334.1732788058858,472.6083146772426
-325.52201063249436,477.18392554763983,-338.32904403771056,465.91916371433683,-325.14606719012113,477.23922040809623,3,-334.11562376000575,471.8636863502548
-325.4296784279303,476.4275125902399,-338.19910280549107,465.1570239038319,-325.1166159286776,476.38157747944916,3,-334.0700559554472,471.0476419920907
-325.33329340727215,475.6813419961263,-338.05064152952554,464.38936258903885,-325.2802149585411,475.59943700261346,3,-333.98728671568716,470.2949585701483
-325.2110359091014,474.92896787788396,-337.8902626765471,463.61965198671334,-324.94846729734763,474.7853016290608,3,-333.86415363980547,469.5342803442053
-325.06644974902275,474.162285035008,-337.7180630855869,462.84882822928523,-324.8876439137652,474.10239530804165,3,-333.7465818159063,468.71685069976445
-324.9136744135281,473.3940341455806,-337.528731463519,462.06797789542,-324.94410631469606,473.24975102256184,3,-333.59258734933775,467.9573568366017
-324.7474453263702,472.617199078946,-337.32627945144856,461.2814072396157,-324.67897224900804,472.5355685865321,3,-333.4066030540489,467.19801411947225
-324.56716552786406,471.8309510875637,-337.1146621183148,460.4903524106087,-324.4674455866557,471.6862512054817,3,-333.2102336849501,466.3685186528093
-324.38060792300695,471.0401618488497,-336.891214497074,459.69190183918755,-324.316042231935,471.0540445906887,1,-333.72675289962467,465.1445607041204
-324.1784141055695,470.23761819152367,-336.6540091432925,458.88767909365856,-323.71528403301943,470.05330978214675,1,-334.2519722055742,463.81184720727185
-323.96245068004384,469.4279920202234,-336.40534211565324,458.07494038819397,-323.6765741276208,469.38256782103554,1,-334.71969239061264,462.531687265809
-323.7346099203091,468.6127872486071,-336.1493086711987,457.254279116681,-323.23585617763575,468.36177893619896,1,-335.14377866588865,461.24037730389904
-323.49851992022457,467.78801306367063,-335.89170396898,456.4265025190157,-323.47656398454126,467.7091545528734,1,-335.54482979877696,459.86586062306196
-323.2606620518146,466.9563801360007,-335.63650059119647,455.5947048234574,-322.8739552891806,466.8088332167292,1,-335.8520409345564,458.5859156400301
-323.0197210345601,466.12064701076747,-335.3710971859917,454.7513163094435,-323.0031891416311,466.11003478114714,1,-336.08963182468995,457.3213589381961
-322.76907344349604,465.2660484532714,-335.1041494635104,453.9035477436577,-322.6234900463655,465.18609831201036,2,-336.28338552707174,455.99217832095985
-322.51776929941855,464.40319911961797,-334.8342190020791,453.04512182388925,-322.4576887100058,464.3157364145488,2,-336.37737297188824,454.78352657448124
-322.26720855242274,463.5314250507366,-334.55973484651605,452.17984673370614,-322.2826907538015,463.47122797225865,2,-336.4294228888046,453.5170946056819
-322.0141832717231,462.65265090746914,-334.2785753179921,451.30570639311827,-321.8635231447808,462.49452125078267,2,-336.3901682985409,452.3768274081066
-321.7570918665321,461.76671231454964,-333.9944007412467,450.42415996156694,-321.7971313326899,461.51424980379875,2,-336.29600089800545,451.262717923389
-321.49254767305933,460.86998030254676,-333.7119989763268,449.5342763101381,-321.15219220170917,460.7369020350987,2,-336.16816658021844,450.0853686065127
-321.2266512015882,459.96374783200304,-333.42678641886243,448.6362167346321,-321.0117578891186,459.8260103528873,3,-334.2053202129587,450.30620638613715
-320.95721196541376,459.045650359184,-333.1303680777365,447.72453175154254,-320.9327371048276,459.06440268432556,3,-332.6997354012658,450.259937491015
-320.6834811913984,458.12741602080064,-332.8312299255989,446.8143402980638,-320.40610602897686,458.03507580823583,3,-331.4141587260583,449.9603208532344
-320.40561495142265,457.19648836043376,-332.5270239482154,445.89074020623855,-320.25604465360465,457.1263064834567,3,-330.3356268760571,449.61448084497255
-320.12519065768504,456.25759974610963,-332.21836184491156,444.9607560854606,-319.9599433182217,456.22080811881034,3,-329.35654654348804,449.11734063747
-319.8409922558536,455.3136019289391,-331.90471562885153,444.0222430487126,-319.80948562039544,455.234790703187,3,-328.5094583113274,448.6113961856337
-319.5500239718633,454.3625515742741,-331.5913511683979,443.08425136127215,-319.65915159018414,454.2592433201049,3,-327.74786383454364,448.0387390416486
-319.25769882442023,453.40380515728367,-331.2717303190982,442.1383300319328,-319.163311834748,453.2425395322425,2,-327.7083692531066,446.8090905169955
-318.963375423969,452.445208106628,-330.955821362254,441.19322103096937,-319.02266014030545,452.4757220106764,2,-327.720768640844,445.6082108664545
-318.66907104793825,451.48281213638444,-330.6319294609955,440.2405646584025,-318.65838702768514,451.4012458929082,2,-327.74100603900314,444.3722833102916
-318.3748804063687,450.51794996250385,-330.308909409401,439.28679461794485,-318.3183987934092,450.31020942838546,2,-327.74070409403913,443.0300288928832
-318.0763006317152,449.5497275596803,-329.9842079647133,438.3353564034811,-318.1210949547363,449.3692911461274,2,-327.7617195203279,441.75100149377283
-317.77651490370334,448.58213313580734,-329.65587862031396,437.3856664600738,-317.2186259804871,448.4901511099586,2,-327.75227129022875,440.3795084306418
-317.4683256068862,447.61564542630924,-329.32600818626213,436.4378113539894,-317.34386642894407,447.40114506650565,3,-326.6221264323424,439.99455461788324
-317.15666950545733,446.6423183357336,-328.9881731519165,435.47494504545364,-317.13093578665473,446.75521790223274,3,-325.6714369239707,439.51963219924767
-316.8416154641426,445.6691415175992,-328.6561364916758,434.515955968144,-316.7364197469698,445.5292321717168,3,-324.7948224267326,438.8619909558413
-316.53414634902765,444.6993429286897,-328.32798779714375,433.5568398463893,-316.33890482448624,444.36562518709354,3,-324.03119788170346,438.2009136811107
-316.23088636457385,443.72788376046674,-328.0052422255807,432.59907690760735,-316.22129028345194,443.7159307960111,3,-323.35146607342557,437.51595154881073
-315.93274536662653,442.75276518227145,-327.68735105607925,431.6350267702917,-315.8125520206772,442.7306312154079,3,-322.675129531395,436.7149052870699
-315.64161871704897,441.7748935260744,-327.36500841897765,430.6680447580416,-315.3909167713857,441.82844994275086,2,-322.6925037417969,435.4154307537745
-315.3503906693211,440.79687063407573,-327.05066786941444,429.7048524594661,-315.3196563287382,440.76169353896057,3,-322.03447354626786,434.6080133489229
-315.0661729061372,439.8175729542433,-326.7460386930893,428.74517853247573,-315.0747509864174,439.78292607832987,3,-321.46835566072167,433.8437079251856
-314.78925050596786,438.8401171913941,-326.44296558932615,427.77587459314464,-314.562881202467,438.79733561012125,3,-320.9200263423292,433.0427190247771
-314.5158520000403,437.85867122614286,-326.15213514093807,426.80549551636,-314.39252790101233,437.8856331810804,3,-320.37551011954463,432.1464189747816
-314.25405402824333,436.87764138421545,-325.8677145897768,425.8254890394945,-314.0128654421379,436.8315488065568,3,-319.8995293449447,431.299318970023
-314.00189913560047,435.8885191689389,-325.5896189391313,424.84726072094696,-313.6145751641021,435.77068898512994,3,-319.44034095580173,430.420979579546
-313.75513077845324,434.9022397190746,-325.32024608954157,423.8665800398184,-313.5545983624576,434.88917102848217,2,-319.4696216539819,428.97029309116334
-313.52137326611904,433.91427903070934,-325.0579598737133,422.87909205173696,-313.39449627543024,433.9012718333848,2,-319.59165923014604,427.56635935130845
-313.29284565461415,432.9192106003886,-324.8094727417587,421.89672610301665,-313.38473574830454,432.73036293627905,2,-319.71921528785447,426.041493007776
-313.08048500667263,431.9313935118273,-324.5796811492432,420.91200803513766,-313.13692250231674,432.01511904966384,2,-319.90982772110976,424.59609938206614
-312.88281751301986,430.94415193506717,-324.3675511171001,419.92903951706774,-312.77180049115964,430.7696555255322,2,-320.11161567114254,423.14587543169864
-312.69787287738995,429.95271479690933,-324.17461323362795,418.94708357076905,-312.8413914632933,429.7311479773141,2,-320.29379250655467,421.5996735389101
-312.53042886441335,428.95957398073244,-323.9919296155882,417.96357143141876,-312.1987780142064,428.98057730427234,3,-319.5972166943142,421.12939957970696
-312.37920121162574,427.9646896400412,-323.8200077371817,416.9783579584482,-312.2404051867448,427.91606721717096,3,-319.01898905631424,420.53978175955604
-312.23520173840626,426.96447578755703,-323.65480471077024,415.9855189965039,-312.1312450660843,426.9086598377426,3,-318.4820265234314,419.7935422501235
-312.10529604317827,425.96541765167217,-323.50550633245143,414.99136470672556,-312.05782737323676,425.8175128202643,3,-318.0425649273722,419.0809412708394
-311.9927764155434,424.9697071114632,-323.3727224972811,413.9941373044567,-311.94983020253284,424.96113359717845,3,-317.6502176786929,418.3345205774461
-311.89009182784554,423.9659171693454,-323.25879954500687,412.99752187061114,-312.0292880247365,423.8775711035968,3,-317.27899964302213,417.46290614676013
-311.81008704582666,422.96646923552345,-323.1594509537733,411.98893668488074,-311.8308376861538,422.871421044258,2,-317.4453362915558,416.07837144437036
-311.74071728962457,421.95985256599715,-323.0666832254604,410.9728250962767,-311.60884694747557,421.96266543057476,2,-317.6221089808909,414.57530612470464
-311.68642586248484,420.95749795688033,-322.98930898480063,409.966072506319,-311.6973424387431,420.60423370439895,2,-317.866860221107,413.1618713511707
-311.6421156333527,419.95820806130854,-322.92762531046685,408.96280083072264,-311.5297446929796,419.7641372952583,2,-318.13628030137016,411.7455797003605
-311.6107381609434,418.95306123153034,-322.87895736841006,407.96041992935,-311.4712146457699,418.94391484416656,2,-318.406982505127,410.2310295920268
-311.5986318875286,417.9525750804781,-322.8426173554563,406.96308997751527,-311.55235142801985,417.84558366253583,2,-318.7146012287493,408.84083887528607
-311.5906537528145,416.9460617220681,-322.815014798232,405.95750448962036,-311.5166124400876,416.8905930502761,2,-319.0117941116446,407.3644800996468
-311.5978649311778,415.9403639540966,-322.8030831655729,404.9486757029341,-311.66729044007496,415.88429706163976,2,-319.3254258828597,406.0273998151483
-311.6218125716879,414.92745498170984,-322.8049208755734,403.9511943966509,-311.59944875611643,414.99167542002226,2,-319.63042922380197,404.716728416118
-311.6545766949048,413.9320845227233,-322.80974644741855,402.9475921940047,-311.1727077172289,413.8224824896508,2,-319.9148084328721,403.3254913696961
-311.69756385898035,412.93273676139165,-322.8303980696183,401.9405062456477,-311.71015870135415,412.951073042639,2,-320.198029864955,402.0807752826178
-311.7545459251357,411.93412082651304,-322.86466474276597,400.93515114835657,-311.77397429529634,411.9003493276953,2,-320.46808433586233,400.8607977173962
-311.81693716810844,410.9330585064982,-322.90972168237244,399.92922002242085,-311.81630570571997,410.96508585764974,2,-320.71982591527507,399.5576707299422
-311.8946168955915,409.9343770386178,-322.97154238007784,398.9137607880075,-311.578225904155,409.9451404507434,2,-320.9648269048759,398.3987570973192
-311.9826165538381,408.93174905422353,-323.0419992418164,397.9028933029713,-312.1947162398348,409.0789462917233,2,-321.1951836400996,397.15481654716376
-312.08201527214567,407.9292700485305,-323.1235870189988,396.8954290852079,-312.03741068725407,408.00403111079044,2,-321.4162957993877,396.05315279891636
-312.19489220060007,406.9317214861461,-323.2136669606691,395.88798735102824,-312.1850426551446,407.01847378129526,2,-321.6257764383833,394.9677627002417
-312.3143572411192,405.9368375104199,-323.3133963300124,394.88633640681064,-312.2399839162242,405.9290701155153,2,-321.82640882852087,393.79341562460144
-312.4450169325855,404.94357051257225,-323.42477093561905,393.8856040176506,-312.5042461362094,404.8996154378579,2,-322.023152844741,392.753188935328
-312.5856724935795,403.95149326580287,-323.5423312704408,392.88400295488066,-312.493690116007,403.9870639735504,3,-321.05640150114453,393.1842345263449
-312.73270386618407,402.964244547092,-323.66870149670945,391.8888659676424,-312.69775042468774,403.0133992042818,3,-320.3507871336301,393.16436483683646
-312.8896080160926,401.98232867419523,-323.8064809621238,390.9021098252028,-312.98628667939715,402.0470591403401,3,-319.84272510713834,393.0092077021977
-313.0606962097784,401.0043693598226,-323.9475050638439,389.9205376708915,-312.97708790194014,400.96991988863584,3,-319.41931919228443,392.6096552972005
-313.23406431640103,400.02996613387484,-324.094184945876,388.92656665405775,-313.100899406704,399.94682516571953,3,-319.10229050200553,392.1795258171894
-313.411312538124,399.05958631355327,-324.2491870031953,387.93364611668915,-313.4355692321829,399.17880752286857,3,-318.8757000298105,391.67593435496275
-313.59694269194387,398.0925089896455,-324.41517265519803,386.9663040105237,-313.23732845760827,398.1320770176965,5,-318.66079839153707,391.0252101913273
-313.79524852316456,397.1307435675038,-324.5839597136447,386.0041291913914,-313.7198330348231,397.0517468981769,5,-318.5496313099381,390.3922200216859
-313.9985124404113,396.17695274957856,-324.75930856906797,385.0693572536668,-313.96976177762605,396.366668904858,5,-318.49190657899317,389.7349461472591
-314.2046888313313,395.2204502670822,-324.93337847676645,384.1550733938843,-314.06210676635465,395.24574777124366,5,-318.4552056192165,388.9543741137455
-314.41603796654766,394.2691413572945,-325.12044170949747,383.22411842157504,-314.53407582752976,394.342511662077,5,-318.50399318473666,388.22376581532876
-314.63574690923167,393.3259845089496,-325.3164225416202,382.2819242559276,-314.45188493310434,393.30103351882525,3,-318.5533277334664,387.3806543494133
-314.8591975199288,392.3734193235622,-325.51318606454777,381.35771405277757,-314.90530029306467,392.20510879191903,3,-318.6755214588253,386.57604951960377
-315.07701176146116,391.4678968381977,-325.7166840824877,380.44075386940807,-314.87293668426105,391.5104330028313,3,-318.80694040707215,385.7624348506204
-315.2985807161314,390.55093425217785,-325.92334342573366,379.52575047295966,-315.22611671013766,390.51365620747,3,-318.97035121627687,384.8434031954486
-315.52488283157743,389.64842015741175,-326.1330843708087,378.623739757853,-315.28161645994027,389.6912258410954,3,-319.15698187303417,383.99491007149084
-315.75542692463773,388.75741372283227,-326.34673642044817,377.73782435057683,-315.59032036312243,388.6250632279743,3,-319.37225363795164,383.11431491967784
-315.9899876763849,387.88426496973585,-326.5584898361095,376.8656813884844,-315.7074422072902,387.88669299856633,3,-319.5947039202397,382.15496806143926
-316.22624395281156,387.0327041989991,-326.7780191098487,376.02667961075684,-315.8306536168115,387.0135026193262,3,-319.8309765071754,381.27434519233867
-316.4679976216469,386.20302825527966,-326.9997137065745,375.2006009963119,-316.48809715930446,386.1295911540244,3,-320.1183155878718,380.303520779084
-316.71259241546096,385.40630153061704,-327.21879984467864,374.41239673047176,-316.8363747229643,385.3436681695532,3,-320.42304586851805,379.4255829073798
-316.94975819460853,384.63465252542574,-327.4329955204576,373.651815789262,-316.99230785129174,384.71505303618727,4,-320.72360153715863,378.562121430978
-317.1825475298212,383.8780536876553,-327.646103460398,372.90059510888716,-317.1619150954459,384.12299187093384,4,-321.0279805731668,377.6340504721499
-317.4097991666153,383.1499378063512,-327.85291085009356,372.1745597837403,-317.4772520304263,383.12862740328274,4,-321.3355801314824,376.78994204019045
-317.6361341034782,382.44714995319697,-328.05205793972317,371.4775468728927,-317.28910244619107,382.44223582880346,4,-321.60879961280403,375.9600046631535
-317.85546925318926,381.7647821586546,-328.24780719276083,370.8029855036831,-317.6781679122384,381.7789096647582,4,-321.9084435157017,375.06348459749995
-318.0682234829315,381.09903343348486,-328.4390461297851,370.1319265185652,-317.9695504974481,381.0945401871409,4,-322.2051295850604,374.28529677162953
-318.26796772552,380.4344221235541,-328.6234376079134,369.4628798589889,-318.0400374586384,380.41181141053545,4,-322.5004312838018,373.4452653574442
-318.4610315578083,379.7654245585558,-328.80518849082637,368.7954531873067,-318.25654347502393,379.89708990633403,3,-322.7825842835238,372.74291477308674
-318.6440941525935,379.09656734117146,-328.97974072032207,368.13673295766586,-318.7225305852216,379.0954065415614,3,-323.08383182682945,372.0534580374864
-318.82201143513,378.4375803733698,-329.1436981168719,367.48962654831837,-318.53406507928224,378.41813428823997,3,-323.36402628986093,371.30846264788823
-318.986487436201,377.78535338990673,-329.2972482068334,366.8393792398322,-319.02598055052107,377.8480868265479,3,-323.6456490078953,370.6821318938162
-319.14116098617995,377.13368878580064,-329.4309332033236,366.1871031377403,-319.00830291139334,377.08003768767134,3,-323.9183018085019,369.98593553589865
-319.2766115466983,376.4855015110258,-329.5372866158621,365.52407678926096,-318.9929436452388,376.5649235481496,3,-324.1475308051294,369.4017475396153
-319.399844685339,375.8419977459596,-329.6250030387136,364.87045720747483,-319.2414954424756,375.9568982844803,3,-324.37902423461236,368.8283284881937
-319.49634775206283,375.1838974437689,-329.68928157455,364.21554726176504,-319.35693562686623,375.18657596221044,3,-324.6224317347106,368.18336797431255
-319.5839281080875,374.5506952531733,-329.7284755285148,363.5673891550296,-319.47223293236306,374.5540942212031,3,-324.8312170554843,367.6273935469737
-319.6223058016759,373.8972748366687,-329.7452638763716,362.9125409362789,-319.37778979951634,373.8295415988187,3,-325.0331303448671,367.00004138373515
-319.65583857509523,373.27260154829753,-329.7335240788003,362.2648414873601,-319.7557102939895,373.4522720741436,3,-325.22072677288656,366.472063040378
-319.63002606066254,372.6153601951805,-329.6885992416203,361.6255223267188,-319.6149094878058,372.51663073112013,5,-325.399241045629,365.85408814508946
-319.60323890077177,371.9928934150127,-329.61843409732455,360.993828300636,-319.4219057644401,372.03752885660657,5,-325.5151783939569,365.3225053748226
-319.5525134126339,371.3784563973583,-329.52235447682943,360.37134525924137,-319.48491447520837,371.3565365898019,5,-325.6185352170887,364.78254372797176
-319.44174773435856,370.73033696079307,-329.403754986525,359.7490177176992,-319.20896507010684,370.9040633825257,3,-325.70444690038653,364.19375296409453
-319.34048671872307,370.1208024140201,-329.2525059685857,359.124848762269,-319.1479562043611,370.0259340714429,3,-325.7350662651506,363.651723450036
-319.169990071469,369.4770914819731,-329.06618091601933,358.5058314599937,-319.13571365492663,369.5510476988268,3,-325.770049730626,363.06340771142374
-318.99862136220906,368.86799798444997,-328.8517291126489,357.888436322425,-319.1470923747534,368.8565259108378,3,-325.7601675828206,362.5367850362277
-318.794739880958,368.26099706918177,-328.618553910079,357.2827555568111,-318.9029562842207,368.14442854931474,3,-325.71554817363483,362.0009475317026
-318.54119444788125,367.6257417152178,-328.3520753704819,356.67122311624735,-318.49165746007714,367.6387033660254,3,-325.6435692830826,361.41754116471463
-318.2838305681752,367.03359694543377,-328.0506767575365,356.0723454383432,-318.31848868698984,367.1796188298355,3,-325.51297767506,360.90772370522524
-317.96929390265774,366.4162088300143,-327.72401275405747,355.4949975831198,-318.04750435474944,366.546385950589,3,-325.37126855214643,360.34082928713667
-317.6496478369162,365.8401258143661,-327.3678677717888,354.92630312409614,-317.42764087563455,365.9077766216243,3,-325.14657097472497,359.83057990719374
-317.3082271326173,365.27904848696534,-326.9831954413512,354.361313725203,-317.14588117424904,365.39172283956987,3,-324.8966640602108,359.32416956971
-316.9174149146169,364.6964628703111,-326.5787958284167,353.8038684620522,-316.68838977608027,364.73178547095733,3,-324.6229308810948,358.761266916823
-316.53013478908014,364.14828908839576,-326.1532244005736,353.25714432502093,-316.12672375598663,364.21767180846336,3,-324.27827787583465,358.26204516440856
-316.10151835422056,363.5867478437577,-325.70857206093865,352.72093963618306,-315.9336925175461,363.67056200923133,3,-323.93260201158324,357.71597447083946
-315.6615741174437,363.0492758112709,-325.24010212224465,352.19203679881036,-315.5144163020556,363.0122746608472,3,-323.53527994577115,357.2184803257262
-315.1987170279402,362.51439874728084,-324.7504398648562,351.6627997046654,-315.1601498388939,362.58305917896007,3,-323.11489773961847,356.73117444053656
-314.70151857432336,361.9685501141809,-324.2431430511268,351.1342411758507,-314.4254104436042,362.10760555815256,4,-322.6474255757558,356.20544108805615
-314.199487339637,361.43007444376826,-323.7218075823869,350.6007357918341,-314.14818052434555,361.4885692459985,4,-322.1542795784934,355.7285156142549
-313.67869307029264,360.8838718110558,-323.1818198441354,350.0605717200128,-313.8660706419529,360.7622606297391,4,-321.64722570994115,355.23738508353466
-313.1452415245258,360.32978852353955,-322.6242897016561,349.5206676936532,-312.50126046228905,360.398954395821,4,-321.0344311303607,354.7206369521473
-312.5975772858469,359.7782374841678,-322.0483444169533,348.9755753004221,-312.7193698961695,359.6865201146661,4,-320.45355156305106,354.24039097342217
-312.02347616065816,359.2128162166416,-321.45268081838213,348.4272509735745,-311.61979606283955,359.46020488491376,1,-320.50624147065656,353.2433237061836
-311.44063826559045,358.6549806018613,-320.83921996788337,347.8783853549243,-311.37683712141654,358.6738632619419,1,-320.52143044954283,352.27550491913127
-310.83595103433265,358.0876138940414,-320.21231093716466,347.3196387291683,-310.72492061643834,358.12223680936074,1,-320.4851384890102,351.2969097766191
-310.2186955567517,357.513774187551,-319.5799156830907,346.7532817969727,-310.16553704874957,357.55250537897047,1,-320.38806784240546,350.26102291368784
-309.5888035551722,356.92682755628476,-318.94003108458793,346.1662373729277,-309.72210814181966,356.9298147340922,1,-320.2241558872413,349.28798317323117
-308.95329116225935,356.3233885089704,-318.2976317876332,345.5638645714621,-308.8878068569955,356.4592248815797,1,-319.98912204621325,348.3261766851066
-308.31276559230076,355.70195277802105,-317.64977013288615,344.9480866039113,-308.3031704992225,355.6352770012079,1,-319.67203934506057,347.32133981154016
-307.66311381613895,355.06543748780024,-316.9953366069816,344.31919562566435,-307.52530141149816,355.19913081369754,0,-319.2834248556588,346.3974917589643
-307.0051993387025,354.4206933531029,-316.3327964919309,343.6898879221645,-307.03433720540073,354.53091610180337,0,-318.82598790859896,345.4946164184198
-306.3360341809525,353.76655204243906,-315.65569666385653,343.0452911343052,-306.2816039311006,353.8042688842947,0,-318.29043271934506,344.552928409757
-305.6624833393007,353.1097093950207,-314.9686986175994,342.3860186699149,-305.75616004528285,353.0489453286168,1,-317.714844313811,343.69691335227856
-304.9797078128685,352.4376006092318,-314.2782186660533,341.72262047610457,-304.84701646993926,352.5106515981856,1,-317.0703533349403,342.8006359773544
-304.28535276078844,351.7608763997603,-313.5756364299577,341.04432652311857,-304.47469388622886,351.6447960725912,1,-316.4045244564723,341.9874194819122
-303.59084963504176,351.07499715112874,-312.8689038862673,340.354353650572,-303.729282952969,351.13839710814585,1,-315.70331275330557,341.18829885937765
-302.88621025424504,350.3763715272575,-312.1539608705207,339.6625351543192,-302.72476629486573,350.4842349727615,1,-314.9382933793642,340.34384534522377
-302.1801115135252,349.6710027365686,-311.4262923210168,338.95901201855196,-302.00251590534214,349.75234440566516,2,-314.17472733191283,339.5772209733538
-301.46995209861666,348.9580483778497,-310.7022104111606,338.24505911854067,-301.4418803798865,349.13309931450226,2,-313.39009053824225,338.8181591215662
-300.7531440730334,348.23452982645796,-309.9789658295515,337.5291912490679,-300.55463580761426,348.3189506586615,2,-312.5477033112182,338.0071155802605
-300.03278830543036,347.5004868090001,-309.24817705278986,336.8088736678828,-300.08852317143146,347.517636208639,2,-311.72756222841394,337.26780976148643
-299.3106560041345,346.76252726261134,-308.5168681460518,336.0802168631738,-299.1324957346534,346.78432348676165,1,-310.84892055701494,336.47307666978014
-298.58627742834835,346.01408938613935,-307.7775653703666,335.34373624692694,-298.5996598692096,346.0418279676279,1,-310.0052287670757,335.7454069914536
-297.86480914082244,345.2649217124997,-307.0403671178113,334.6037189422643,-297.56874445660253,345.3365839132226,1,-309.1530394003068,335.01683817640526
-297.1378945642437,344.50491822594387,-306.3058841240609,333.8589529840824,-297.1715487790824,344.5316782048199,1,-308.2457677860679,334.2282857693481
-296.4156812092739,343.74508576919396,-305.5707421853127,333.1125226091827,-296.0599670461186,343.81395153936137,2,-307.39035735312666,333.50189407411176
-295.6938004087623,342.978077012457,-304.83627861989754,332.3569753365002,-295.55052663709426,343.19361995960463,2,-306.5321575888126,332.7681162387822
-294.9761543337966,342.2044241334562,-304.1082962828498,331.596129453791,-295.006348357775,342.33561313847105,2,-305.61622365107706,331.9670275361295
-294.25985668483736,341.4210772968814,-303.38378084409476,330.82455071960294,-294.3771246155571,341.4651399157921,2,-304.7607586457594,331.2248241924432
-293.5495739112264,340.6344193955789,-302.6595042739056,330.04541364414234,-293.1883267758429,340.6860380246683,2,-303.9042847332156,330.47401602262215
-292.8447146646018,339.84286482295124,-301.93168260243306,329.2580570881619,-292.6498102341036,339.86580859469524,3,-301.7468342403249,330.87711266519347
-292.1383959510463,339.04309070583275,-301.2238722767432,328.46509447558526,-292.18774915196775,339.0867618429057,3,-300.03654785929615,331.02725094282215
-291.4376189789222,338.23493993273263,-300.5116737405712,327.6662882436748,-291.5358173385689,338.1683331849641,3,-298.46766788832406,330.92103019967584
-290.74938622508904,337.41749585035694,-299.82162455060296,326.86614215558757,-290.99861871839494,337.3989924664561,3,-297.1444242594119,330.7274164649273
-290.07668988341004,336.5936262668926,-299.14701263287753,326.0512919552007,-289.7326140992398,336.8749809903889,3,-295.87106973806766,330.4493663767038
-289.41048099683354,335.7528582946226,-298.4828730365445,325.21762149728886,-289.45291152261916,335.80675900901076,3,-294.6334474172226,330.0188337850253
-288.7732040431816,334.90731676136744,-297.835315029589,324.37320120820755,-288.72047605300673,334.90184569699403,3,-293.55223947924253,329.5551492931452
-288.1441102721417,334.0442050085497,-297.2285205934339,323.5288646339155,-287.9133596299985,334.05946147537907,0,-292.93430965172706,328.57126460729205
-287.52618464141904,333.1672176391356,-296.6044480585857,322.65395478869715,-287.4631142163082,333.1669692843383,2,-292.2689619061861,327.47547929293995
-286.926697653251,332.28353976948813,-296.0082412165834,321.78705867724386,-286.73803933489654,332.35807213708176,2,-291.74319974482125,326.3835041439538
-286.33656546525185,331.38924739681045,-295.41386107185946,320.89002908390165,-286.2755817723285,331.62183306483223,2,-291.16961081443185,325.18822971244714
-285.76326797475843,330.4884906385331,-294.83037122657464,319.9986781586749,-285.735894257235,330.580264690299,2,-290.72610825765884,324.02353329847
-285.20138041582476,329.58522628310084,-294.2532969117292,319.0922016328486,-285.098020757851,329.7574825529138,2,-290.31026586951185,322.83530716946535
-284.64126120164985,328.66781499083436,-293.68145433982727,318.174126977409,-284.47584109768303,328.75484583285476,2,-289.84289656811893,321.55991709919084
-284.0946832054492,327.7429624651884,-293.11483174294705,317.23826605590244,-283.79120774563427,327.83025711574555,2,-289.47741528975115,320.34854438174034
-283.55685819052195,326.8081237282867,-292.55772870770045,316.2906265672353,-283.44645549329806,326.8453436089081,2,-289.11787270006045,319.1339041149514
-283.0240897328286,325.8611076545725,-292.0140783910016,315.34536096526233,-282.9471836709259,326.0165712096289,0,-288.69567535020855,317.8439760011788
-282.5037526742208,324.90830905707526,-291.4743535127325,314.38994736457073,-282.47497299173835,325.0490059655602,0,-288.3553623384558,316.6430027318287
-281.98597430539724,323.943036735772,-290.93813622950205,313.4110149077596,-281.9725700921128,323.98354328835563,0,-287.9466546829684,315.3676169274618
-281.4765280840939,322.97061986948313,-290.4139849297074,312.43831499306975,-281.41647609061476,322.9895358226412,0,-287.6081807432272,314.1912119570961
-280.9710539628796,321.98416812271597,-289.896264780232,311.4603521570827,-280.7349736877604,321.9498819584515,0,-287.2622319197126,313.02677814099
-280.47201218288814,320.9912469677767,-289.37862382530466,310.4757863425313,-280.5101512300657,321.11543620474197,0,-286.8491582025861,311.7899242733827
-279.97790281736064,319.9915103260815,-288.8729395734326,309.4867869717166,-279.76882514824285,320.20977199916086,3,-285.6951062363989,311.7998128208054
-279.48993000832735,318.98507525728803,-288.36782188455703,308.4932220196324,-279.5730721288732,318.9931668393323,2,-285.348988679903,310.62659602805996
-279.0023743898788,317.975701185119,-287.8490721424596,307.4873483397373,-278.75070454760913,318.04257400031713,2,-284.9447342232536,309.37179456077155
-278.5114220091971,316.9641285501717,-287.336918989539,306.48580738550385,-278.2857480719,317.0536011919811,2,-284.6167113456193,308.2096223625407
-278.0184064656843,315.94559459878997,-286.8263957207984,305.47628216079875,-277.9849970659215,316.11668993869716,2,-284.23464430070374,306.96684134570194
-277.5244152875144,314.922378968261,-286.31312331366473,304.45885611336735,-277.3699766463594,315.0785382495691,2,-283.9195348359982,305.82100888717775
-277.02764607406664,313.8945212759242,-285.7993475032169,303.43258558422434,-276.9998647009228,313.8242770754364,2,-283.60011354356527,304.6788306898475
-276.5318035653671,312.86103440368714,-285.28314749879655,302.4063793058765,-276.52323333855804,312.8335927165629,2,-283.2232743327409,303.45560006402957
-276.0303221208304,311.8154335952167,-284.7688549419156,301.3706688055715,-275.9167908579646,312.01646617043116,1,-282.89978985825934,302.3340908209426
-275.53283307738553,310.77112459376343,-284.26948700939704,300.337696498316,-275.6255215727647,310.80400260483026,3,-281.70451311779755,302.27539266578134
-275.0352790110244,309.71924849758267,-283.7589238098483,299.29650114000486,-275.0029166315182,309.5120187698127,3,-280.7069497505136,302.02009107005495
-274.54036214404266,308.66101254397677,-283.24676665226747,298.24154608804383,-274.6259859296041,308.6990603661058,3,-279.8195980219141,301.6218610784973
-274.04159457453727,307.5930782086333,-282.73090332663554,297.1768528837465,-273.9709032709062,307.7392333480834,3,-278.92398191463366,301.0503109647713
-273.53955657645764,306.518208733931,-282.20868143259827,296.113088432874,-273.5135769194688,306.6494542690559,3,-278.15108143441205,300.46281954387047
-273.02813262718814,305.43901727272674,-281.6788484032455,295.04365198226714,-273.0278669527791,305.45729706579647,0,-277.8367570567703,299.2496010952993
-272.508023548338,304.3559828967906,-281.15085616592694,293.9767601196859,-272.5229868784,304.83855366682866,0,-277.4913809193874,297.92238685959376
-271.9881065707048,303.27432541545676,-280.61987040081294,292.90484598559584,-271.95998951849,303.34291003467456,0,-277.2343986255252,296.64477407809846
-271.4618376203622,302.18337568521196,-280.0840793350626,291.8190618712731,-271.45061134319275,302.3279949786836,0,-276.9387518487565,295.2586040180376
-270.93651085978036,301.08562363279583,-279.5440361518172,290.72552465546346,-270.9447828917685,301.11349965057053,1,-276.70887835689706,293.94179030606045
-270.41083666877006,299.9774858378889,-279.00836516016824,289.6276684911061,-270.4738117150735,299.9527285356539,1,-276.47389417016603,292.61349424358343
-269.8862689338844,298.8673727928726,-278.4612907067728,288.5214415587058,-269.9840974091109,299.0016759629933,1,-276.18205449056535,291.1899037951107
-269.3579311439643,297.7510120099502,-277.90215416357086,287.40601300232225,-269.4261011389046,297.7569793998764,0,-275.9277884838449,289.85905666599945
-268.82002829937176,296.6273727065167,-277.3367740471199,286.2868813673542,-268.74873380677417,296.74739331832205,0,-275.6535775552472,288.52920820503346
-268.272250653361,295.4974396968587,-276.7619527537989,285.1756713889238,-268.27333024002263,295.6917833287437,0,-275.31851446343387,287.1125934312406
-267.7141535780635,294.3721466875628,-276.1759439493549,284.0673271738303,-267.8897427342847,294.35276912053416,0,-275.01191369054237,285.8067691574153
-267.14704583785465,293.24912777501066,-275.578917474894,282.9593891493043,-267.1416118091499,293.20068355740875,0,-274.6462200416073,284.4152072919686
-266.57013580824,292.12712895205755,-274.9684959511807,281.8541452485485,-266.3950429850857,292.46966586800386,1,-274.30451400761643,283.14049188067025
-265.9787312262994,291.0039515926932,-274.3348745253044,280.7415344658084,-266.01982319494573,291.3501178592332,0,-273.9372885785955,281.87676834660675
-265.3725086180001,289.8841809152746,-273.70057706838037,279.6482354996439,-265.35924765898324,289.94772736429553,0,-273.5113449259106,280.53025832851944
-264.74907306920977,288.7655597148744,-273.04811991792513,278.5442751438601,-264.71890044990596,289.05369256616393,0,-273.10164515103475,279.30400540849934
-264.1113312511843,287.64850837977167,-272.3962114401958,277.45860178228554,-264.13528795745765,288.0896311440944,1,-272.66638279980145,278.0888839748922
-263.46725748547294,286.5389576284021,-271.7154039415725,276.35093472456333,-263.2034992083607,286.7241533912864,1,-272.16882437779554,276.78342555133185
-262.82111771705087,285.42384320420314,-271.0373829050773,275.2565338781663,-262.9379471929064,285.55956678423615,1,-271.6834176900432,275.5994551343978
-262.15968527364333,284.30623596799103,-270.34572795905865,274.1512877895925,-261.8479558626151,284.46094297679736,1,-271.13420132352,274.32600730736766
-261.491066277408,283.1848691313919,-269.6441179671967,273.0547668385969,-261.2478612191252,283.4235299081426,0,-270.59347646241844,273.1747822818034
-260.80969204862197,282.0735203909533,-268.9355523115859,271.97090045502983,-260.59619806956164,282.15081003154677,0,-270.0265972332853,272.0325277091477
-260.1187970800015,280.96632750843554,-268.225078685447,270.88956264364026,-260.15434297976094,281.038802051228,0,-269.40219363107474,270.80003575478383
-259.43045385066114,279.86976056117476,-267.5044630826625,269.7991969048975,-259.41135147938246,279.988534104574,0,-268.79580179058854,269.68334399912266
-258.73802869796214,278.76957422045194,-266.8025914577758,268.7106972298503,-258.3153064457123,279.1133047043199,2,-268.1683520893889,268.568872106987
-258.05405889147806,277.6599166461119,-266.08433385575375,267.6125926591671,-257.6675468632209,277.9799744111729,2,-267.4747704234531,267.35904533977265
-257.3606933980938,276.5480572688296,-265.37319061990456,266.5150415754266,-257.32609910643674,276.6882712842102,1,-266.79888211736136,266.26505068580605
-256.66376408287783,275.42694402367124,-264.65155451541574,265.4236668066943,-256.32339794429413,275.66445993867586,1,-266.058610027495,265.076746560915
-255.95661924531055,274.3095555677573,-263.92893022360124,264.32769805429825,-255.71440287182511,274.9041928655313,1,-265.34776388233837,264.0017160334334
-255.24489578429905,273.1877264395801,-263.1919499463764,263.22287522180517,-254.39444383877404,273.7800110411708,1,-264.6186542887158,262.9260370624266
-254.52456209394376,272.06852521965266,-262.463061308788,262.12382958101443,-254.65900453964863,271.92454138140283,1,-263.8281160884358,261.7542958124712
-253.81103897408818,270.94794243869467,-261.727942571519,261.01611750201073,-253.23396600763627,271.4044370039758,1,-263.07682282803455,260.6912897166617
-253.09583186150664,269.82369776376754,-260.9975397540137,259.9109088353172,-252.74278360552867,270.2275558673216,1,-262.3139582977735,259.62531093841545
-252.3777865518597,268.6857869442378,-260.26795340881955,258.8041692347454,-252.01915355694194,268.98379618081015,2,-261.48788249512074,258.46126028099695
-251.6577567070033,267.54476487624606,-259.52772062735966,257.692473669743,-251.64327488181638,267.7066324059691,2,-260.70774416887235,257.4032508772241
-250.9275351891554,266.40164398499644,-258.78211644275103,256.58009908166235,-250.27149749946472,266.9268118895939,4,-258.7065018605261,257.53421573503925
-250.18961105730375,265.2579588342782,-258.02634391934936,255.46430292503297,-250.05026339572314,265.3626040155842,4,-257.13759471864023,257.37411043966597
-249.4455904075393,264.11342743277964,-257.27324540120065,254.34959281409738,-249.4520912131433,264.31206302238945,4,-255.7647511399899,257.01167472262324
-248.7006559703522,262.97203664270853,-256.5238222462556,253.2333488256283,-248.4902269556887,263.2247027491934,3,-254.42143684110673,256.43962267973103
-247.95674902264616,261.8257182573841,-255.7710799032137,252.1123259271467,-247.7779666161408,261.9119151981983,3,-253.25121723259548,255.8283388745459
-247.21476472038486,260.6757078219491,-255.00144508376744,250.98012413019686,-247.19067556722575,260.76883185890955,2,-252.63034732901363,254.59201939573668
-246.47367209043136,259.5278599846802,-254.23072984527,249.85148275667765,-246.4096879293684,259.7244249415475,2,-251.94691937313527,253.23535286694224
-245.72881644290766,258.3720255253641,-253.45931644680522,248.72096496934643,-245.56947655729516,258.3625051724037,3,-250.80149942630595,252.55532903350002
-244.9834567507542,257.2172138145126,-252.6929855583251,247.59043381850003,-244.917171771892,257.8942964130543,3,-249.730148801505,251.85737452856443
-244.2377374315534,256.05565766117434,-251.9304868229677,246.46003428091245,-244.30142499679403,256.1119961819619,3,-248.64477975761721,250.95838255227633
-243.49141560796917,254.89516487530273,-251.16943797076183,245.33245355894977,-243.45630888174475,254.93545916088723,4,-247.67404089367767,250.0901765695742
-242.74590865454167,253.731786568511,-250.40491889895065,244.19614996328124,-242.64048572774848,253.67839109010472,4,-246.65124048712119,249.09333032841064
-241.99145852907637,252.55571016974054,-249.63849462228094,243.05468349587318,-241.70996750385936,252.66482252306295,3,-245.7274118465609,248.15445617897728
-241.23228749695298,251.384150790993,-248.8741229860491,241.91253868150338,-241.02571479786866,251.54874517095683,3,-244.83248912458353,247.18099669834487
-240.46653539948852,250.20920831714525,-248.09993730958956,240.76359495363545,-240.26103672761624,250.26497371928423,5,-243.88086315275152,246.08619047113754
-239.69790230332538,249.02988411561398,-247.31770685850208,239.60686405282337,-239.41943095686247,248.95367671263352,5,-243.0300091845842,245.03605419022873
-238.9218054743136,247.84253446624058,-246.52807629713968,238.4444487520085,-238.95113352451054,247.82325388179862,5,-242.21638346901094,243.96092024611573
-238.1444373594167,246.64914420972178,-245.7419267338738,237.28105372838277,-238.0950706286577,246.63884191936745,4,-241.33019311516418,242.77970926196252
-237.35609004269924,245.44979020741448,-244.9509816501947,236.1139445406533,-237.20055863783517,245.16726879420565,3,-240.53151517158958,241.64423778230233
-236.57165045192176,244.24952992947001,-244.15017810357935,234.93540550684605,-236.48769334670453,244.3185849790123,3,-239.66987530377776,240.43336102505566
-235.78030462296988,243.04838613010355,-243.35304948634513,233.76073959431542,-235.75990513172675,242.89953923011223,3,-238.9049271013404,239.27899118269568
-234.98468329194523,241.84254661011508,-242.54817940002536,232.58254775364912,-234.81484177367022,241.68104296579043,3,-238.12785937599722,238.10544736093289
-234.18455505745334,240.63865227159926,-241.74686983721497,231.40957485385485,-233.8751642758626,240.8001815278844,3,-237.26818651574416,236.8562622566927
-233.3865316191847,239.4348972668688,-240.94653529669066,230.23321517276992,-233.2742550698883,239.40357192559682,3,-236.5128892759252,235.67536839423906
-232.58475110000887,238.2220674306042,-240.1418646950943,229.050577534767,-232.5081688457025,237.83818084457675,3,-235.7577939580762,234.45210514076416
-231.78067904351667,237.00650440507786,-239.33879066264507,227.87125726282503,-231.70157658232552,236.78056461480713,0,-235.21327374686695,232.82154654562248
-230.9744339718489,235.78666333559192,-238.52280593683483,226.67964782033664,-230.9080992638892,235.47276709973164,0,-234.77614290886294,231.25574736463912
-230.1557108098997,234.56178700616658,-237.69457592951525,225.4810280813271,-230.16636201543807,234.53054487456546,2,-234.28108437021686,229.55102550586153
-229.3317503896604,233.34472862495682,-236.8760421036566,224.29939982623964,-229.19847995672686,233.22357600434398,2,-233.86833340657796,227.9445666626509
-228.49811350787408,232.1223533766901,-236.04566883687042,223.1157256613223,-228.48339219873043,232.08053386016746,2,-233.4520591357822,226.33362718444533
-227.67683402382892,230.90956063990717,-235.21143262990748,221.92699753419882,-227.37711234183953,230.60164411815896,4,-232.37789151277514,225.24140401265706
-226.8486965760789,229.6881063574888,-234.37670979329783,220.74576096595632,-226.8192307788705,229.7083651855005,4,-231.43502647321,224.25839799706077
-226.02085112372973,228.46904680366154,-233.54162553702318,219.56326776750134,-225.90857069104305,228.36129436535407,3,-230.50213338850315,223.2245728049634
-225.1863081912346,227.2494521361046,-232.6962660092349,218.37575633881403,-225.13404296317478,227.2365594658889,3,-229.52329970047325,222.07533848800628
-224.34976610860937,226.03043625620785,-231.85362538423175,217.19284170547607,-224.4464307748811,226.00109008524478,3,-228.64128436650986,221.01696362528796
-223.51488245732816,224.81949997039516,-231.01652185571552,216.01345508145556,-223.46284061239714,224.8698732576249,3,-227.74995853795426,219.94457293913584
-222.6747225752168,223.60327642685283,-230.1722457344291,214.82834758613515,-222.77839683153417,223.53055616792648,3,-226.80600403525514,218.74549431400683
-221.8393471675608,222.39040412335146,-229.32378033596137,213.64478472371962,-221.82746716441937,222.16479505658083,3,-225.9306910773819,217.63200925834042
-220.9998948047322,221.17268499383187,-228.4839482963051,212.4593721188217,-220.6328845707912,221.29050185703855,4,-224.9564844583361,216.43475110104077
-220.1617358457427,219.9559300328985,-227.63424467549225,211.26812459207065,-220.0703519156706,220.07543077488515,4,-224.08668713562778,215.33586241312145
-219.32475394085134,218.7438957410036,-226.79384711355323,210.0905542665316,-219.39657420920696,218.3763872111088,2,-223.5660880983628,213.81540780614594
-218.48462670372416,217.52185688867178,-225.94755076360005,208.8991448447269,-218.4482210325842,217.5339944287908,2,-222.98688540771462,212.1564832531347
-217.6535822908661,216.3050750084845,-225.10559817682463,207.71873599766678,-217.66682161869724,215.7721382672872,2,-222.4903657649719,210.60374888955047
-216.82670857152124,215.09353992794547,-224.26716270773304,206.51775127382356,-216.65345674115903,215.06848720932066,2,-221.98917681523562,209.04475487099617
-216.00005424745999,213.87821690211618,-223.42653665152642,205.32046565766396,-215.72188259765986,213.4642190659318,2,-221.41260142956318,207.36876783602375
-215.17709226470998,212.66395579239602,-222.57928072004395,204.11612580369157,-215.1261208650062,212.5118927872363,3,-220.29122464435721,206.52589561579023
-214.35134513914147,211.44622289477985,-221.7516181883517,202.92307842640372,-214.27440399762025,211.3199183534937,3,-219.15236405334676,205.51439999779538
-213.53070165202232,210.2271408645079,-220.92813698292844,201.73239995969178,-213.52595350273512,210.0468840980184,3,-218.13534997341233,204.566311719883
-212.71884533528416,209.01161676453754,-220.10567588808536,200.53988954196308,-212.69837240698467,209.0003356761608,3,-217.14277227394277,203.5897856561159
-211.90891537373088,207.7920463398366,-219.28370134622992,199.33917398573303,-211.85721583840532,207.72467769853287,3,-216.0936010813746,202.4728030499643
-211.10360596148803,206.5674954243989,-218.46813397179426,198.14400562523565,-211.073430480655,206.6031551628957,3,-215.14672329915894,201.45447123876883
-210.30061635946103,205.3389521442357,-217.64731730508578,196.9408682594941,-210.23202730975723,205.3596072319195,3,-214.2103671943972,200.4074270808212
-209.49612265050624,204.10949771060837,-216.83378838832888,195.74382159320905,-209.4790392905451,203.9404972007308,2,-213.55697041107877,198.79439822522684
-208.69893321737226,202.8789495911585,-216.0241349734008,194.5479397661392,-208.67544959851148,202.94700384964375,1,-213.00960380094438,197.2828029251945
-207.9024553038961,201.64633268102668,-215.21553098507164,193.34661644037448,-208.02455455104644,201.53129537794698,1,-212.4005539334785,195.6439341712527
-207.1141847305,200.41214201268284,-214.40576849741367,192.138355337995,-207.0879413174482,200.2108620795908,1,-211.87856579362725,194.12744632782022
-206.33181543586764,199.17847033807976,-213.6064677576722,190.9324229445131,-206.32143586532752,198.98667913610186,3,-210.84463851090942,193.26054971679454
-205.55573326522077,197.94675516685214,-212.81131485672586,189.72221798484279,-205.51386941663338,197.93118789151987,3,-209.77789827709208,192.2446955169679
-204.78319671247934,196.7066429056782,-212.02384863156362,188.50587199543057,-204.67512098901207,196.48539726912327,3,-208.81685852090018,191.27579888042766
-204.01966150545448,195.46661455484764,-211.25005070750444,187.28516279981076,-203.9325243628357,195.47665354427065,3,-207.88141026752265,190.28454155803735
-203.26614774463164,194.22177179728848,-210.4844178041419,186.05331613573776,-203.12333032587708,194.28197825256586,3,-206.88585372970596,189.16199448930962
-202.52537744906738,192.96875015275353,-209.7281471433938,184.8132055617638,-202.50097359640745,192.9627097212835,3,-206.0040622914672,188.11703414242382
-201.7882408044147,191.7105259958057,-208.9828817426771,183.5672796260005,-201.67879869468808,191.62552994648206,3,-205.12749150331553,187.03410133962862
-201.05832151885244,190.44849679018378,-208.24036376159495,182.3139270270061,-200.9869545899124,190.398965008615,1,-204.48049166356407,185.41524507174907
-200.33751852168473,189.183437486504,-207.50520610620964,181.0640321761942,-200.22227960796334,188.99080504836164,0,-203.9481607580708,183.89291809102244
-199.61945364125873,187.9101164590255,-206.78741499874386,179.81455362473622,-199.58181622833058,187.9677066673148,0,-203.36005594287346,182.2391040642196
-198.9218680397788,186.64167838215116,-206.07615143162033,178.55720764280392,-198.8349947482538,186.4947821546679,0,-202.87387079523347,180.70200858975608
-198.2271971156984,185.36990743367295,-205.35050994051235,177.26536452074413,-198.29078433690566,185.3486501534377,2,-202.39451672552087,179.1584198638509
-197.53256689594312,184.08970281373672,-204.65072486655748,176.0040372680569,-197.39917253194926,184.30306950051008,2,-201.85104306477749,177.49749596688022
-196.84285388438397,182.8059035533642,-203.94675281173312,174.7366726145433,-196.76119254566473,182.83547534348781,2,-201.38851052278392,175.9771335175785
-196.15734774740707,181.5206101316071,-203.24968511350798,173.47122294166084,-196.0745654959317,181.4357488501168,2,-200.9203064322299,174.46859754277645
-195.48579303362408,180.2462216393135,-202.558627792764,172.20590351837262,-195.42915093040804,180.04116830775703,2,-200.37919638356695,172.8537073592279
-194.81715424814317,178.96876039183974,-201.87126932311338,170.93571767729324,-194.73844389748055,178.91965013629905,2,-199.9032408738064,171.39354120914908
-194.15593925426526,177.68744032816653,-201.1896649090212,169.66446657214982,-194.24758411823308,177.68924814291006,2,-199.3550505493088,169.82680057374557
-193.49826090870815,176.3989570465077,-200.51166354836252,168.39091328104877,-193.6255072679471,176.25533288167523,2,-198.87024797780188,168.41508717280448
-192.85480013419965,175.10705172100438,-199.8335867717734,167.11701789434287,-192.83559001047448,175.0755182588002,3,-197.7191690083654,167.96520068718675
-192.21215935358143,173.81092425030545,-199.16051892322224,165.84075584413438,-192.28814366454526,173.84183269865343,3,-196.62820833489673,167.21110155344178
-191.58032084354258,172.51525503411165,-198.49632611388648,164.57041341400617,-191.47608936441492,172.6514473949402,3,-195.66699425020104,166.4547722345019
-190.94518439833448,171.21837657813694,-197.82880983242165,163.2917678992782,-191.00306030691155,171.20325166205063,3,-194.77339080554182,165.58150216644378
-190.3202369437037,169.92488544855408,-197.15625724785963,162.00294153571144,-190.2478650923017,169.64524798504988,3,-193.83674615861077,164.5138686692144
-189.69251912907586,168.6248037188323,-196.4934259437721,160.72196948139887,-189.62520075257538,168.548232351106,3,-193.01294418541454,163.5305642777274
-189.0609034491522,167.32294468117564,-195.8224311435514,159.4286106840459,-188.8705181667531,167.40421684958568,3,-192.13342398242807,162.415027871584
-188.43220730941968,166.0168625662308,-195.15949586472814,158.1340650988202,-188.51732492251716,165.77862910274803,3,-191.38187247330697,161.34740236675992
-187.81062490017612,164.7085781357226,-194.50578278754966,156.83243830616695,-187.77751022752702,164.6601072914909,3,-190.6368024460882,160.25896938636077
-187.19837065991612,163.3957685334636,-193.84080459838805,155.51685751699821,-187.26481946586028,163.24178414429676,3,-189.84548734607887,159.02924409088274
-186.58564592756474,162.07558362406635,-193.18573467500858,154.2126600265959,-186.58220555010215,161.96911562519526,3,-189.14443951425952,157.89032067534785
-185.9741009818522,160.75826548188797,-192.53518455101428,152.91458411921764,-185.87520483173418,160.68949346550224,4,-188.44917884067445,156.7270432816852
-185.35925965056447,159.44034623947735,-191.88185891876174,151.61639015039032,-185.44187852262405,159.3830169431998,4,-187.71644185560166,155.43988706070365
-184.74531965230912,158.12258075581002,-191.23377876038379,150.3245652378965,-184.6665709774541,158.10404073859033,1,-187.27527157933568,153.91268811977216
-184.12848194199992,156.80406751522844,-190.5851361778383,149.02625221607835,-184.03854188287434,156.58959926657369,1,-186.80292003322188,152.23682217488363
-183.51644350057916,155.48612705544699,-189.9335334177146,147.7230449969215,-183.51335023163625,155.4206849689754,1,-186.43515610409875,150.657844346812
-182.90369328577066,154.17058865003767,-189.28188699417106,146.42022438947518,-182.88887539208463,154.10334000178375,3,-185.7767685097492,149.54617815705922
-182.2937680301141,152.8504046787389,-188.63470677575262,145.11314813329255,-182.22625960829615,152.83381731121366,2,-185.35155299821474,147.83257802720124
-181.687121146288,151.53476107778624,-187.98968263314447,143.80484810378064,-181.56864645810225,151.5441516265116,2,-185.00854558006256,146.23432611781723
-181.0752168749297,150.21013980792833,-187.3518127467567,142.50085239898863,-181.2799301818875,149.85700034618225,2,-184.66853709184116,144.63210830070955
-180.47228218319168,148.89200797702176,-186.71329958726903,141.20227933457835,-180.43708916069423,148.8916087761456,2,-184.27133982652572,142.90985459467024
-179.87174689094005,147.5745529755497,-186.08394071506996,139.90437709164485,-179.89079455849077,147.47043959084502,1,-183.93069129051165,141.33214116432214
-179.28041260850156,146.25774071349298,-185.44366291129117,138.59880810045146,-179.49443775070225,146.1879602715334,1,-183.52509368931493,139.64150316367784
-178.68569856375487,144.93623705028082,-184.8111416210745,137.2994798465528,-178.94816864898118,144.7690057799231,1,-183.16249216696988,138.1067157904267
-178.09728850701293,143.61442011615972,-184.17440555982745,135.9964385716149,-178.21846607504904,143.51740638633538,1,-182.77887723718263,136.58894500307954
-177.50588625965716,142.29132232694155,-183.54476887021852,134.69517926036215,-177.42598374089243,142.27805804180355,1,-182.32695132649386,134.96265762302843
-176.90841932887176,140.96018115234384,-182.9205013758665,133.3983080130314,-177.27216004364894,140.9340061558727,1,-181.91114765401178,133.4978042573429
-176.31093337430528,139.6328389144167,-182.28584024357713,132.10282980126019,-176.74115746586742,139.58829576362388,3,-180.9167886002022,132.93550649245756
-175.70716337944106,138.30282912903724,-181.65701129762294,130.81156522046814,-176.06280038523548,138.1554283903141,0,-180.42609334451166,131.3296926834067
-175.10773677880698,136.98493212336777,-181.01281984965127,129.5129365664002,-175.17691618922254,136.95589170253155,0,-179.97910528333472,129.87478899743635
-174.5075868303064,135.6738885273594,-180.3628799598397,128.21508225800602,-174.5943777940089,135.50977936261177,0,-179.46757916755266,128.30845463453832
-173.90331487081264,134.36665555759078,-179.70800051987976,126.9279659399246,-173.90439883713034,134.2896701528072,2,-178.998900567232,126.89651228414252
-173.28993353021102,133.06014358573753,-179.03930841384278,125.64036931571019,-173.19190556181158,133.07124798466688,1,-178.51480459558627,125.4976154949074
-172.66741852477628,131.7615247901356,-178.36153709575765,124.36483165286262,-172.85418623727864,131.68183782706186,1,-177.9690382982357,123.98874417303603
-172.03455084200917,130.47221171536688,-177.6767012203068,123.09706890278127,-171.82575376167586,130.4430159567443,1,-177.46324842512988,122.63398966206822
-171.3938343370461,129.1931141160388,-176.97926352397909,121.8410997718628,-171.5346412098113,129.06771902455517,2,-176.94140458733457,121.29178823958453
-170.73838551188285,127.91862869913068,-176.2674057468267,120.58573397222203,-170.47571703709545,127.90743626166267,2,-176.35820328261914,119.83855042990669
-170.07538549295978,126.65520377417057,-175.5416034186672,119.33964911275746,-169.9988206417013,126.44955489131834,2,-175.80895135079288,118.53868320088453
-169.39517644430518,125.39201268443531,-174.80326218707725,118.10825694221917,-169.1489336871765,125.30592164491956,3,-174.47919325935675,118.10232300327186
-168.70098960817492,124.14276458453544,-174.0545154891841,116.8896197259649,-168.66611257828902,124.07268296545098,3,-173.3836847936088,117.55902698290902
-167.9925403495971,122.90571479000575,-173.2798779613126,115.67469686021721,-167.97843875248137,122.78689261434839,3,-172.38138799027715,116.85619220918322
-167.26885696674444,121.67424644125776,-172.49903668929315,114.47651208025482,-167.09346283312058,121.57423192112026,3,-171.3732289857768,115.95798494252563
-166.52862921702862,120.45147938059378,-171.70927430370327,113.29416632969233,-166.3844847311188,120.45211064223037,3,-170.46942723327788,115.11779972496566
-165.7732519512107,119.23841696787467,-170.90522451997919,112.11769982164007,-165.32896754374696,119.3509718907816,5,-169.5655884074979,114.23017456132618
-165.00641284477823,118.03849010610013,-170.0830721859272,110.95072614885659,-164.7163693754264,118.144656893449,5,-168.64123059664,113.20303230772916
-164.2217417980028,116.84430253342187,-169.25031210945804,109.79677528238922,-164.41780189813443,116.87925198537718,2,-168.14057403114867,111.82899788720604
-163.4233563522763,115.65215090129402,-168.4032935865415,108.65868736921385,-163.3805549986906,115.67664078510488,2,-167.58360023957673,110.33533047135754
-162.61420185398012,114.47351260107794,-167.54031983863308,107.52741219956641,-162.5052310254651,114.46063711000214,2,-167.0728229796846,108.95830411089393
-161.78900079817225,113.302839638519,-166.671494845066,106.41265844227749,-161.46101095129146,113.25050709615847,2,-166.54352240262924,107.58498084483229
-160.9525368742837,112.14572923141557,-165.79507602188121,105.3099516936686,-160.78048612194974,112.1293357963896,3,-165.41427951529354,106.72504540302678
-160.1052153589723,111.00085097264817,-164.91911427680756,104.21621949067767,-159.82983852898283,110.88892552566416,3,-164.3754724433172,105.9053219072104
-159.2537541181782,109.86509077673414,-164.0101676361103,103.1201220170932,-159.1057230361611,109.72582218788726,3,-163.37729376813908,105.03122245483178
-158.39325029244054,108.73823278853305,-163.12137960611312,102.051649637676,-158.46115709653432,108.71853919241902,4,-162.36158179392942,104.040851176346
-157.52280095601424,107.62042073844535,-162.2073289633637,100.95806820008316,-157.45449710254837,107.66917078844003,4,-161.40167609627665,103.13847026105199
-156.64948201662713,106.496831214777,-161.2849000382681,99.88102485000468,-156.5659414771565,106.44612761221573,4,-160.44144433189896,102.20039348897403
-155.7675997887159,105.38510718619071,-160.36862691929812,98.80723747292328,-155.7255263743942,105.44780751007295,3,-159.42488574401293,101.16139104250917
-154.8819010233738,104.27745497098597,-159.4386575038583,97.7302111455237,-154.6045306939996,104.24005971637429,3,-158.45160228093238,100.20568571501299
-153.98942218914763,103.16655856562777,-158.50622058428638,96.67044160616159,-153.68755193293038,103.21215576207146,2,-157.74428490092464,98.78353544117832
-153.08138988092534,102.06491888822951,-157.563492281053,95.60551753597694,-152.54748601600423,102.33883109300123,3,-156.69278056691218,97.89140781729755
-152.16475222877622,100.96421275000424,-156.634516858889,94.56367846690303,-152.0560778292207,101.01510863184158,3,-155.6855562764151,96.95880085831512
-151.24319614326987,99.86689849733686,-155.67322459704076,93.49446182731332,-151.19744343858486,99.80729866016448,3,-154.62264679269978,95.91184564280327
-150.32002975950033,98.77315439129558,-154.73620454683143,92.45158899487501,-150.46768694386182,98.8072047494589,3,-153.65544350167892,94.96693553966266
-149.3937325237994,97.68555168589519,-153.77722475152146,91.4005172893825,-149.07807044424135,97.6574438310421,4,-152.64446453768792,94.00132201158314
-148.45682252069963,96.60054375991106,-152.80698488259046,90.34719183604555,-147.89434742721284,96.59299595927946,4,-151.54064035872753,92.93673385284195
-147.51180803070986,95.51592819741889,-151.82560320999238,89.30517401079614,-147.45787836953974,95.42101423200833,4,-150.55387540874514,91.95935813700959
-146.55571168030392,94.44763323506422,-150.8420799251036,88.27061026888649,-146.46458848187,94.4629721679651,2,-149.75773945902435,90.57702982860951
-145.59368035682812,93.38586471053448,-149.83913294872923,87.23717194316296,-145.55234046748816,93.36848517424943,4,-148.73337789881532,89.64349742089618
-144.62263594415467,92.32698559692338,-148.8341799630428,86.2180278341486,-144.420660958101,92.34929805671455,4,-147.6962360795539,88.70009615392495
-143.65083561373532,91.28052784369102,-147.81191240765168,85.19729003647447,-143.6367993779863,91.33390855577213,1,-146.8807622879013,87.3212812607152
-142.6683431652735,90.23204739031563,-146.7858817359498,84.18294314819337,-142.64019716823177,90.24781299028521,1,-146.14047175874003,86.04135431084443
-141.6787225642147,89.1890337192913,-145.7599970401594,83.16696562205688,-141.5813064555495,89.08954123032392,1,-145.38639981354092,84.76023895400029
-140.68990943703406,88.1438890355209,-144.72450375372742,82.14752260679234,-140.68394539104904,88.10534080727106,2,-144.53996740528325,83.38123889362333
-139.69491639868644,87.09414740141118,-143.68617640793087,81.12880630092207,-139.8301683081544,86.94577070166409,2,-143.74376729556047,82.12260473284623
-138.70061319188858,86.04556599919317,-142.6512003228814,80.11409801880423,-138.48946743062365,86.08413308347083,2,-142.84820996958643,80.7741192326872
-137.70691355648518,84.99707187873778,-141.6216449672805,79.09637780184397,-137.89168707924435,85.11457011150767,2,-142.00287729240748,79.55459852272702
-136.71154941208957,83.94150326357074,-140.59238324264555,78.07749483079557,-136.73671787503935,83.97335469495346,1,-141.12753819026634,78.35154183814483
-135.71239682443516,82.88207464815105,-139.56866613633716,77.05760033311253,-135.8596509805455,83.0739955849231,1,-140.1501517140226,77.06302749576598
-134.71678670949728,81.81406289772406,-138.5461354200417,76.04075837190155,-134.75720781043407,81.77900437858736,3,-138.70964618800008,76.58436415043947
-133.71904423070515,80.7529169101157,-137.52354051883924,75.02265420276815,-133.7803175892765,80.79677401375208,3,-137.3729501135017,75.97399486612552
-132.7164143578148,79.68974665358695,-136.49130338674985,74.00485322131077,-132.23338187386915,79.70962327047515,3,-135.96583249371116,75.18698250931858
-131.71687489859352,78.62914781068093,-135.4606162271767,72.98264613971043,-131.36846081121703,78.70150213600739,5,-134.7142900296706,74.44590318739596
-130.70694384941714,77.56717672194854,-134.42790153087319,71.95320016883525,-130.87067650814413,77.55852716676877,5,-133.54332841188338,73.64710761233556
-129.7005347030277,76.50042546437729,-133.40367852877438,70.9288431160518,-129.8597123275084,76.59093382725352,5,-132.30695535925128,72.73729729470696
-128.69600659121556,75.43764351332551,-132.37901727217957,69.90218753985603,-128.7944808840399,75.48435995513623,4,-131.1763100755457,71.8911127041084
-127.69396403059744,74.37742454701518,-131.34428345918664,68.8647481147865,-127.68143018187132,74.30050713330128,4,-129.95861762464645,70.92386612973775
-126.68721885683706,73.31800616587536,-130.3094872261748,67.82806625621329,-126.65623969738854,73.23929137138555,4,-128.8494510002776,70.03042264705563
-125.67881447108945,72.25046466413825,-129.2724795648874,66.79154863280138,-125.35990228810421,72.24546278614892,4,-127.72371834509698,69.12037060410688
-124.66859775062755,71.18527035386376,-128.24248903671645,65.76229070572626,-124.61696062591959,71.14291569031425,4,-126.53992179301318,68.10629066252038
-123.65549665814959,70.11663565168031,-127.20245959282921,64.72633912518124,-123.49446506880294,70.1680483765265,4,-125.45804218348006,67.17802320605699
-122.6422892629916,69.04913552079992,-126.15541564060644,63.68771491422094,-122.48289648548203,69.11521504241611,5,-124.38239863566969,66.23207429872835
-121.62925488420407,67.98693427201295,-125.10587908601552,62.655401909765764,-121.51758750763659,68.08726432998475,5,-123.22642933301128,65.19019680180861
-120.61154570948122,66.92017871995174,-124.05378763635497,61.62694999267741,-120.27612659260674,67.04657710232907,5,-122.16156713959903,64.23096589214627
-119.59071842781002,65.85725275160631,-122.99824179079468,60.60033031471261,-119.68537949129292,66.0578039019268,5,-121.04662577746106,63.18059768390589
-118.56408677077965,64.79492707289879,-121.94262172414213,59.572835312350065,-118.43537848990677,65.19046202748261,5,-120.01953068130037,62.228585748152526
-117.53444765327457,63.733916274606166,-120.88226202560676,58.547578209123486,-117.42361403774153,63.663693040986765,5,-118.99379117662569,61.22453354285807
-116.50599802659384,62.67490937594825,-119.81642834174585,57.51636063267251,-116.19702013899916,62.895668504295436,3,-117.86283204644754,60.15015059291145
-115.47196107224151,61.613581549500545,-118.75623858686464,56.49874808732627,-115.34285725613482,61.66088294066747,3,-116.84996641511286,59.1483151579762
-114.42883441503905,60.54951064366314,-117.68104881408745,55.477767625214256,-114.40969600879357,60.73385275634385,3,-115.84065966325186,58.147865692473694
-113.37949125399098,59.488207497761096,-116.60413275856163,54.45636986278555,-113.4100475137481,59.56522394030453,4,-114.7423475635856,57.04528572726963
-112.32284350198555,58.42753622759658,-115.52544180660645,53.44141124031744,-112.3921541803709,58.417662623142974,4,-113.74375610473328,56.025880170710764
-111.25871683359965,57.36183426818274,-114.44420662241505,52.42130174328248,-111.19725780331055,57.42336847992226,4,-112.6394361887843,54.91933906689492
-110.20117656030328,56.300609922271235,-113.35638977513113,51.39616060626216,-110.29854817798505,56.184720912941316,3,-111.64168241928027,53.89085358583717
-109.14832226618852,55.24146165434064,-112.27382075230103,50.36843301300039,-109.32787809455293,55.31585384880717,3,-110.64001840922525,52.87187495753106
-108.09840071461315,54.176912853091395,-111.18955712484563,49.34251799208012,-108.02185253504695,54.174754989519485,3,-109.52038262821769,51.754017379429854
-107.0444221638013,53.10369785515879,-110.1128747176278,48.31940240848941,-107.02036446297605,53.24833765040366,3,-108.49845779507012,50.74157988194647
-105.98238001157982,52.02306980106005,-109.02379564857472,47.29891516192869,-106.02694215280385,52.098432913543434,1,-107.5972320074728,49.50835790533517
-104.9149362792201,50.96046479670591,-107.94044633569106,46.286091067605035,-104.8073331058385,51.085291358089826,1,-106.60724133540651,48.16385325728632
-103.85993994786858,49.90942002921195,-106.8577369666225,45.26602404222653,-103.85044411528744,49.99682262578982,2,-105.71922059075749,46.91527545943207
-102.81203582747241,48.86072130469588,-105.78218001719142,44.24224750684706,-102.7587386594864,48.931040108606794,2,-104.73926346873795,45.56146350908542
-101.76210131462676,47.799441996188186,-104.69822983350718,43.210416315110656,-101.76106972848937,47.80032865578165,2,-103.84801553517363,44.31714571420832
-100.70769830903551,46.73122753607066,-103.61541853592213,42.182948642470656,-100.52747829060432,46.815270446676315,4,-102.68875211916537,43.47009268653713
-99.65449286749362,45.67089702545194,-102.53169909606483,41.165872045973614,-99.58274185585314,45.77232122657417,4,-101.46933610955749,42.500604494236065
-98.59925982786812,44.61349738675593,-101.4403678725599,40.13851017562674,-98.66966286938577,44.59720826118321,4,-100.36986090262202,41.594564181698544
-97.54748009683306,43.557875649125634,-100.34912290457552,39.11267713669904,-97.38704777590216,43.9667383431772,3,-99.2515670262846,40.702553646542206
-96.48579498613023,42.49723675844727,-99.2602416763771,38.09177318180384,-96.44397776842648,42.81143903569844,3,-98.05843922657594,39.691525537367056
-95.41868763699732,41.43228283068132,-98.17106217453546,37.06562397177222,-95.52477428132629,41.43542053847331,5,-96.97995849586837,38.737635070938175
-94.35214246889194,40.365984648766336,-97.09541162004673,36.048891839249286,-94.28891041532779,40.71497252029938,4,-95.88434185084822,37.79857770280823
-93.29420735398189,39.302663044194524,-96.01431463341575,35.01789223521032,-93.33317688924582,39.5372302027214,4,-94.70685870686093,36.74699903869156
-92.24018952142606,38.23825334429141,-94.94069908698505,33.989572160244,-92.1831232584308,38.46790633734345,4,-93.62486270698594,35.78469171209689
-91.1964559844789,37.17633039076927,-93.85998624603565,32.95382656241676,-91.14367869740575,37.09894229988584,3,-92.45033233554966,34.697199069566
-90.15174646037529,36.11410628848385,-92.78588697567947,31.925184488924135,-90.17573867596596,36.10312400706097,3,-91.38635562912843,33.7084541875179
-89.1077152172831,35.049772045503,-91.70989711442235,30.893582520515096,-89.02785651355877,35.04467675119949,3,-90.31115483291775,32.70922765042419
-88.0602123316829,33.98491070369957,-90.63210520378446,29.858226902939915,-88.14667423345689,34.041901387165254,3,-89.15663261082655,31.617728959244356
-87.0134999908622,32.92155789050455,-89.5770321896388,28.840903039189687,-86.87658903866647,32.91036115250575,3,-88.09178144319667,30.616358474443768
-85.97007682871251,31.864086800373183,-88.50978772017748,27.808762169532805,-85.98874884505635,32.007309769217095,3,-87.03959545671977,29.61911791064513
-84.92018899403124,30.802955522559216,-87.43628702622908,26.771972539069797,-84.88242689672232,30.896406538365948,3,-85.8897200641634,28.52121267506637
-83.87893284756181,29.742992136365903,-86.36656677068254,25.737819297251228,-83.80811438292008,29.730947614501698,4,-84.84427897790418,27.510597858948998
-82.83859478064873,28.681775947570074,-85.2981721697339,24.70420955957325,-82.7249874690552,28.791680994558853,4,-83.70200929266238,26.41385332749139
-81.79945050286629,27.61830479614609,-84.22892332332921,23.671550454522517,-81.68509104302615,27.620557050301578,4,-82.66501224836435,25.40530038234583
-80.7601969447961,26.55635338630215,-83.1738269707955,22.646797718128116,-80.63624807769473,26.502859624771578,4,-81.6256574130848,24.387269994458663
-79.72465338636367,25.490830130494963,-82.11456159517593,21.620983360055277,-79.77800081216353,25.414738404745513,4,-80.50875074748805,23.27455531190066
-78.6843797859996,24.428690799511312,-81.06625361681363,20.59173701941655,-78.55456065402844,24.23692337419654,3,-79.4835566473547,22.251147712131527
-77.65399108643962,23.360338850965558,-79.99526331300707,19.549976558055114,-77.5588316797026,23.360291055952185,3,-78.45806035065696,21.23535388544525
-76.6246112139303,22.29805110783244,-78.96242546460998,18.530597925898462,-76.48505136168674,22.258201443955134,3,-77.33733516613863,20.121790577962983
-75.59815463593465,21.227754285788716,-77.90418009114954,17.49745970293595,-75.61182705639702,21.39268553887025,4,-76.33148655825859,19.122317274108426
-74.56682060151998,20.15485351033185,-76.83549159233482,16.45985093268598,-74.50000093748022,20.220217046713472,4,-75.22241900566668,18.01879607806927
-73.53391998074429,19.088833401560304,-75.78054749673652,15.434755125689817,-73.64941918372244,19.14547815599968,5,-74.23437950742962,17.014769880242746
-72.50378708534404,18.02546986290484,-74.72414053103302,14.40950309322427,-72.50460217238286,18.163684522167166,6,-73.23536220435537,16.01058898181406
-71.45119452818689,16.962170616588644,-73.67227789250174,13.376556149542214,-71.50204636434705,17.042192011913354,6,-72.1497754152717,14.90504742935288
-70.41461421344114,15.888264445770881,-72.62294068334403,12.347786219798,-70.46801327303729,15.847050279915551,6,-71.1637889772702,13.887215091907928
-69.3697438203124,14.813257875448365,-71.55895910869668,11.308978146859351,-69.3560164048415,14.76499209364936,3,-70.16083945452337,12.86251561829713
-68.33297021936508,13.743477908980296,-70.51159353901076,10.283221390812374,-68.32484968085073,13.877209230986168,3,-69.06567433824516,11.7591705123384
-67.27358294937495,12.671026219856644,-69.45338436831466,9.252128023889355,-67.20173087107077,12.71142900943353,7,-68.0651056344921,10.7458437466173
-66.22699506808365,11.604337606802734,-68.39221527270075,8.216546334721082,-66.24105177952667,11.698913183010871,7,-66.98017285181882,9.641692579309165
-65.1696168773345,10.531216501634901,-67.34259881692729,7.184704223426139,-65.21197300698189,10.576640827925578,7,-65.99402724736176,8.63092522878062
-64.12856855776451,9.458876055643644,-66.27458897611986,6.139998678859969,-64.05066531706728,9.99846233048264,4,-64.98825739195614,7.651861734678334
-63.08545346621034,8.387544052192553,-65.24384755773109,5.116036695923859,-62.8666699298774,8.295508019000286,3,-63.87688827767414,6.5250564719245805
-62.05330388763146,7.313426122938452,-64.18020776010796,4.069549269253519,-62.05004223277442,7.543000090337791,3,-62.87801425592967,5.521607497065221
-61.02230858571984,6.2431641403199,-63.1236843155376,3.0215094362821375,-60.95689582351431,6.37979820538379,5,-61.864796309382044,4.500774091090533
-59.99323581587353,5.17056875946425,-62.065233597762024,1.9785406489384454,-60.07235541988355,5.462629319714546,5,-60.76999962016546,3.395594845637386
-58.95964706828358,4.090104296433554,-61.01273185400263,0.9322834874681896,-59.03245847618846,4.114951939633392,5,-59.77346284395785,2.365138895802839
-57.92527216835907,3.0061562643234634,-59.9573283253825,-0.10687822051796347,-57.86208181625872,3.105845793025259,5,-58.76042792831398,1.33387830025904
-56.89497721880337,1.9293109398523072,-58.90917599230195,-1.1454212025729804,-56.96023503737749,1.804403289925744,5,-57.6691096255995,0.18948589223943385
-55.864401197820456,0.852607672334054,-57.866454569051776,-2.1781708216167615,-55.830150334784506,1.0740556523493694,5,-56.66935817041493,-0.8254550138196354
-54.842656302717465,-0.2227826354257998,-56.81910145808963,-3.216228665424808,-54.63930569488748,-0.06246100055857823,3,-55.56720705312094,-1.9412905185856062
-53.827245672768164,-1.2983375317070143,-55.76890316962117,-4.256722717081882,-54.03826590132688,-1.2138152982813983,2,-54.64652005234222,-3.1167982129360636
-52.8118106229474,-2.3704091938795986,-54.737974888498634,-5.284330305650563,-52.66892522470324,-2.4637025598314564,2,-53.72996799981359,-4.298620852774072
-51.79657793415807,-3.4447996519266324,-53.70153166224684,-6.317962251752466,-51.650773376946454,-3.4401870285095395,4,-52.626953767955385,-5.387057833049639
-50.79082088881308,-4.51142254545632,-52.66134877129521,-7.354904165891255,-50.72552255900818,-4.283822312337192,4,-51.627515760398445,-6.3593235519100615
-49.78777534158934,-5.579663226084605,-51.62567007076278,-8.391364174917477,-49.727315059355846,-5.58292860040112,4,-50.623704625707596,-7.365637706716096
-48.78820492382493,-6.649935221245858,-50.60659294921576,-9.409992557268351,-48.69796690393664,-6.557951672395496,2,-49.60917365884019,-8.639650032567353
-47.7861650928384,-7.72556377052876,-49.580214964254594,-10.427402905645227,-47.68790087243631,-7.566072939809888,2,-48.69738707277891,-9.80651538506734
-46.775254024372245,-8.812755505805463,-48.55742240261466,-11.440244608121011,-46.74591423420535,-8.616579199008967,2,-47.69927039098969,-11.072071684681651
-45.764195309758556,-9.878386528626198,-47.54526316798508,-12.4435339139924,-45.67319920364217,-9.705941114153187,2,-46.8028513521193,-12.222839396882584
-44.76005244781106,-10.937457255292832,-46.54061225334509,-13.441892933123693,-44.8169045428457,-11.04455258161789,2,-45.90609040681908,-13.367571005227253
-43.771841940105126,-11.97712358944137,-45.52910464961527,-14.440783144989764,-43.64802972317892,-11.970993408644734,3,-44.78354565601821,-14.323701217619908
-42.78799974490611,-13.00547508248854,-44.53856838937956,-15.42299879627076,-42.76822778529708,-12.898420203880447,3,-43.776309904856106,-15.198213914985137
-41.8117852971521,-14.029840022304098,-43.54750082847355,-16.407324257739585,-41.660049974471406,-13.985962363697611,3,-42.760731909255014,-16.108500600795626
-40.84609974354463,-15.048212919735919,-42.573993291270256,-17.387248174286498,-40.7852682105495,-15.100891778287155,3,-41.6807835587199,-17.134935411515617
-39.90264069999173,-16.059450318933113,-41.62516212995121,-18.36339518473695,-40.09203646017564,-16.036823161799905,3,-40.72668403357737,-18.059933265595017
-38.9871204703962,-17.06767525606833,-40.68605238286262,-19.33926566479075,-38.93090663803354,-17.038350413539714,3,-39.67186066371445,-19.08893466635027
-38.08802698242923,-18.072698390768533,-39.76651689341224,-20.304870260119472,-37.779406257749315,-18.195128848716582,3,-38.69560968641812,-20.035514294850955
-37.20323752891415,-19.06893257272925,-38.86172698523017,-21.25155039712698,-36.99308076097698,-18.95262259259203,3,-37.73357773344682,-20.971708109609217
-36.33124207835851,-20.054953599194427,-37.96413151032001,-22.18481447475296,-36.3693894865884,-19.905452562791297,3,-36.71874461178192,-22.005647069560265
-35.47176729997502,-21.017871717975723,-37.08835357556878,-23.10884994364978,-35.3701132804598,-20.950482872978775,3,-35.80386455400265,-22.944459614526956
-34.62699478134988,-21.974560971041257,-36.22667633767936,-24.027836274113337,-34.48433730689927,-22.125380747859495,5,-34.898131829623075,-23.905579689625426
-33.79367814905984,-22.932879509921136,-35.37855487546846,-24.949731503006944,-33.82839868520124,-22.742683032682095,2,-33.945351110055284,-25.125726127580606
-33.004569948924996,-23.876880889367705,-34.55189994984173,-25.851473712710582,-32.91808372719037,-23.881630928728068,2,-33.10763600522549,-26.22851732073074
-32.22628562026073,-24.80693774247281,-33.738083207692014,-26.742130867998235,-32.24508035182794,-24.661956848844753,2,-32.28658658205226,-27.32249633844445
-31.45243460828472,-25.729846518661628,-32.9491043276067,-27.61657505674224,-31.539611914814355,-25.663243085856685,2,-31.40061541484986,-28.508750789156164
-30.688264710167495,-26.630528495505583,-32.178232657323086,-28.46294987444875,-30.81584403141724,-26.371088449686738,4,-30.65111559504533,-29.241175042467514
-29.94406587879881,-27.5023752147871,-31.42683328321401,-29.295220225171256,-29.913965893578403,-27.485079804185435,4,-29.81576085901534,-30.12548420685284
-29.236695064391306,-28.349820034154924,-30.688310548107232,-30.116822580609217,-29.27235451998261,-28.376336741334722,4,-29.089956070436394,-30.925134200698665
-28.552492700422736,-29.18275327730377,-29.97266719860768,-30.915613500197676,-28.582943738388426,-28.98760254070646,4,-28.374912371212815,-31.721609611004567
-27.890128478853796,-29.99919534356165,-29.258129203303398,-31.693871619720984,-27.713039046276545,-29.7351679264763,5,-27.582729512685436,-32.61568926877223
-27.237047220530002,-30.786746858907232,-28.56350851332176,-32.44390421430418,-27.146784310055047,-30.716541991763126,5,-26.903216528085306,-33.41490384327656
-26.605797725731346,-31.538274049519718,-27.89415673657834,-33.15759976336026,-26.7268213510918,-31.34399139857241,5,-26.195344012764313,-34.29287992192995
-25.98880814911655,-32.25543566211497,-27.24394026556634,-33.83644628990451,-25.83277946860817,-31.903870198651173,5,-25.569834369098114,-35.037223009445604
-25.3833683538724,-32.932517431700184,-26.601056699014762,-34.49449479397867,-25.544154113234956,-32.9930716239818,5,-24.993891471245227,-35.806998323177815
-24.782275172294774,-33.58028115396082,-25.97001901879784,-35.102934497483815,-24.722578839591186,-33.18400105906042,4,-24.361990639139357,-36.61419234757504
-24.191575312341683,-34.186686477037455,-25.34712616114474,-35.6772978950036,-24.34708672722751,-34.01251612405628,4,-23.84324756713101,-37.30588272762238
-23.607175128888876,-34.75657123993678,-24.73315935274069,-36.22289387394503,-23.613485382347804,-34.79150733953094,4,-23.33207285057553,-37.98930667758763
-23.02872104902776,-35.293477020425414,-24.124122280283142,-36.72422580407788,-23.026849326518057,-35.002910899094076,4,-22.79124067642256,-38.70433010460709
-22.45596327868149,-35.79366069218299,-23.518432597364004,-37.17321945124848,-22.467783251076856,-35.61279694206879,4,-22.330355780054767,-39.28238364730508
-21.876906090037096,-36.24536287836443,-22.9159561652255,-37.57778997850395,-21.877757401123958,-35.963763292287844,4,-21.84037944777577,-39.89866176930805
-21.29878550486705,-36.653374857054175,-22.32960134237238,-37.94116041786108,-21.257321281477438,-36.652926390234356,4,-21.41802643708413,-40.38794022341198
-20.731648955115254,-37.02148465098631,-21.74126607389036,-38.27322239810352,-20.738382884157183,-36.849507865269146,4,-20.979404117443472,-40.90039732304859
-20.173896603674734,-37.35117486265468,-21.15935535175785,-38.56630832089608,-20.06146682555076,-37.19518824318287,4,-20.58703705083853,-41.27086515779839
-19.62540665659021,-37.6410609717438,-20.5805086291237,-38.81919639505572,-19.510951763934216,-37.48928098609255,4,-20.19996899964025,-41.601551166481805
-19.075700196904336,-37.88606584563223,-19.99448593587001,-39.04026516405029,-18.999660431726774,-37.52583997119511,4,-19.792861303305088,-41.94384692117973
-18.51884055804774,-38.10511665004128,-19.410703027042313,-39.23228630373104,-18.548242535550973,-38.10265198094172,4,-19.428068854717274,-42.17907573210406
-17.96078736931677,-38.28902473950295,-18.827384477269682,-39.39363610655482,-17.995497074397562,-38.251041464433214,4,-19.038024085478533,-42.42538168290378
-17.40110944490784,-38.447029794290664,-18.247946306598852,-39.5216476362758,-17.41471243680602,-38.387972708636475,4,-18.66195253631132,-42.541450438145404
-16.844016247693318,-38.56628108162212,-17.67114842608474,-39.61265280750576,-16.94695011128684,-38.376106485231055,4,-18.281688124065013,-42.60427934690091
-16.28489434830198,-38.649019300890956,-17.09887239709883,-39.66944217171556,-16.26889657438215,-38.55955696130433,4,-17.86482485637036,-42.68317742574324
-15.739150216890659,-38.687856566465804,-16.53651490364684,-39.68546819238477,-15.564419398556694,-38.64959000115599,4,-17.448184880542936,-42.65958025517851
-15.197121985715368,-38.68865079657302,-15.983129302231363,-39.660916580927804,-15.229721583736454,-38.69978635732719,4,-17.03330248544214,-42.6439300436416
-14.66307209669461,-38.66703572933048,-15.44392599209239,-39.60579448332906,-14.692996549041332,-38.74338440486476,4,-16.62827063040436,-42.542583488568326
-14.13935058454846,-38.61962658139352,-14.913105217426319,-39.526342533429435,-14.125497391196333,-38.55746582055782,4,-16.201198160161294,-42.43123783606567
-13.639282386372443,-38.538543441715184,-14.390377076783981,-39.4158842991679,-13.56066023008169,-38.39907105828983,3,-15.774236236654463,-42.236970358071
-13.141843090479266,-38.435665288684014,-13.877464453440203,-39.27402854991628,-13.121378340689038,-38.441062764188295,3,-15.34792384738312,-42.027176103488564
-12.65281486203572,-38.29520446550019,-13.377288393610458,-39.09776382522067,-12.662132637872599,-38.07873890303687,3,-14.912690517412951,-41.78919022344735
-12.17528946459865,-38.133871687557495,-12.886704260170756,-38.89027010861515,-12.159909368541538,-38.05770244377466,3,-14.482333561290085,-41.501495670832554
-11.70248684008463,-37.94699240141503,-12.407197637736985,-38.65433030420984,-11.840384484874866,-37.97569058518628,3,-14.054043863088838,-41.20637031882706
-11.240984381082697,-37.74114324875187,-11.949754154298093,-38.387328430206814,-11.182600903419715,-37.789854321163936,5,-13.615375859658744,-40.8632980024183
-10.789538048210174,-37.51009677771873,-11.506389866453633,-38.09096062013258,-10.799022124760647,-37.207861121829836,5,-13.18400603610988,-40.465942631012055
-10.345256733668876,-37.23977371282223,-11.070201581533404,-37.76887436861185,-10.297274357509664,-37.245115001240634,5,-12.744182991405355,-40.06765621294957
-9.91521023356935,-36.94722620929715,-10.64656375032254,-37.41954399803545,-9.855392471788427,-36.87698491995065,5,-12.31535746281211,-39.62879745607495
-9.49307471201314,-36.62536512970798,-10.237410034833493,-37.0435508204518,-9.6717081297867,-36.698757540433974,5,-11.911141548573307,-39.17596427814431
-9.082095735613926,-36.278854031525604,-9.844879646278407,-36.64057965090755,-9.12197673328376,-36.22328697922269,5,-11.494677331032243,-38.67511222992436
-8.686235677606227,-35.904853118953994,-9.468904096074024,-36.2137557817533,-8.698302774073639,-35.69026279980288,5,-11.08920672351919,-38.14469428846965
-8.29874844776342,-35.50996538270336,-9.114289833304664,-35.76009049897249,-8.400970603798376,-35.28062915985548,2,-10.896035793491704,-37.77333550898603
-7.9259558654077855,-35.094031577100026,-8.781388858800906,-35.27898289619203,-8.126660602724705,-34.8877703798838,2,-10.698127590606372,-37.36476241416589
-7.573390222423806,-34.65317757395133,-8.471793941048766,-34.77534030995788,-7.664985404133043,-34.42570589601616,2,-10.492506147402324,-36.90391247685778
-7.239443749272169,-34.18168887501826,-8.18396449383101,-34.2498717676311,-7.266678659819784,-34.11394255884203,7,-9.991038698785728,-36.14728852022629
-6.9269843340151835,-33.68883578425903,-7.918173494389702,-33.706185672350664,-6.847541905097096,-33.72266430348709,7,-9.532635501156658,-35.440200778570144
-6.63168308633188,-33.17411458393982,-7.672259326264814,-33.135371209359576,-6.577662546431849,-33.1896521050304,7,-9.122578636032248,-34.73504895854484
-6.3530756930948105,-32.632933258950644,-7.446904025898588,-32.5397558021718,-6.429047788154162,-32.432029295085854,7,-8.759626957576065,-33.969741483172605
-6.0951040328596,-32.07622372168676,-7.238960367415022,-31.92889309608978,-6.235282083095631,-32.025352839689724,7,-8.434396108768043,-33.25466991614636
-5.8552469810802155,-31.495588871113775,-7.050675211606677,-31.30656632342026,-5.901192463640069,-31.332232480027848,7,-8.129618018257585,-32.478347637067095
-5.63346551260282,-30.901638422866633,-6.876102325904346,-30.66481277680573,-5.519042032425987,-30.965563574142333,7,-7.835997347671403,-31.762160635474082
-5.431612427892629,-30.279187767982677,-6.724061508798019,-30.011014512206234,-5.405444773246162,-30.17249423921805,3,-7.574022409051977,-31.02089102633129
-5.245590435085305,-29.64581239086058,-6.583513577298349,-29.336349499986564,-5.2730970074148455,-29.591410335495958,3,-7.3389907752283445,-30.221574604955066
-5.075325727734763,-28.995521820337235,-6.447817738986646,-28.649430169875643,-5.047965068696147,-28.867118782968774,3,-7.1164816067253325,-29.46400455765569
-4.909942690617186,-28.335627000980242,-6.325242366535599,-27.953162415569476,-4.945430003486455,-28.07286628441885,3,-6.913378573378968,-28.686132937566576
-4.756206777119407,-27.659257761401406,-6.2118663024938945,-27.236971914206368,-4.772950698784488,-27.53701450174475,3,-6.71983042006999,-27.851406657923928
-4.62223610612506,-26.96706067702286,-6.110964264457155,-26.511936336457634,-4.571933849822144,-26.926043273944853,3,-6.529627562714291,-27.079648465166194
-4.4937317265436905,-26.262235850575372,-6.016338423855291,-25.771187990283682,-4.5070052644998455,-26.197763759031982,5,-6.3558301028460935,-26.29471110251525
-4.3687422130540785,-25.544888427607532,-5.9233424823970715,-25.016169066616158,-4.380325021231717,-25.455236654525237,5,-6.189934268049432,-25.432670311349643
-4.243561755302283,-24.82132648243882,-5.838932823849623,-24.259631815370188,-4.3019601405844705,-24.740489139707996,5,-6.030762012451494,-24.636188713540072
-4.1229704479346125,-24.08285474728034,-5.7535065932434915,-23.483593767679746,-4.131680179023967,-24.09619359757392,5,-5.870712879275727,-23.770472818302398
-3.9997434900487985,-23.336373824529275,-5.661151511863829,-22.705399220022972,-4.000208309721777,-23.101400017696665,5,-5.711543450652364,-22.953079609763936
-3.8761446302765092,-22.579158818248022,-5.564802219025724,-21.91652678329051,-3.871126566852945,-22.56343309878425,5,-5.551193000984055,-22.145494191116086
-3.745824308609267,-21.81936381488136,-5.473675266688172,-21.117519542163578,-3.679911029842413,-21.72009942547469,5,-5.379040006908294,-21.25242199223421
-3.621692291653162,-21.046298871472757,-5.387747619005079,-20.30530008925921,-3.7109637458309006,-21.048155897579015,4,-5.22020467247163,-20.442409231187728
-3.503610646552093,-20.261706894676088,-5.297554590194309,-19.485314020073595,-3.500216003007257,-20.168345015946684,4,-5.0545971931436,-19.61542079925798
-3.3877306142252634,-19.466229485206412,-5.195580173614045,-18.654894821228243,-3.3590157783768158,-19.539726362324476,4,-4.881507369465656,-18.718594869834263
-3.2618633874011516,-18.66208733817511,-5.099142891408303,-17.812309665713457,-3.2879187788330384,-18.66349181099366,4,-4.717369877179774,-17.891936771133604
-3.1373321753260055,-17.849218572025695,-5.007887322829055,-16.96250283109714,-3.1774696805988945,-17.621615532770615,4,-4.553953098535192,-17.03718833159971
-3.017751393403067,-17.02706009750968,-4.920539100196944,-16.10712984552359,-3.0634841021867327,-16.762595652696803,4,-4.385667585719232,-16.095264949180013
-2.894753017955944,-16.19130689571726,-4.833372233096266,-15.2395201225017,-2.8616777284579875,-16.306141983420016,5,-4.223240586101171,-15.265412660158239
-2.7727603906418867,-15.3464084847541,-4.746448046185813,-14.358429447040939,-2.7872274347815127,-15.148527197152848,5,-4.058209098561914,-14.320562317466319
-2.6493829451964053,-14.496638500607405,-4.666154605464792,-13.476519603144189,-2.5814071378956958,-14.387029760509316,5,-3.9000381843468634,-13.466581627287567
-2.5328472230035852,-13.64052021454763,-4.586708541231238,-12.595544217296386,-2.8182648592499118,-13.581707733492642,5,-3.7755957103755504,-12.610850177821023
-2.4165519339628703,-12.790762608020332,-4.507756764940256,-11.726507686867597,-2.5266980200662736,-12.720897893785455,5,-3.6286271575262465,-11.67552887540867
-2.310481156722899,-11.946572827498102,-4.4306596628752315,-10.863690165177724,-2.360986940989051,-12.004412270338383,5,-3.4918783627137393,-10.84746165990826
-2.2015108392137255,-11.112115703934677,-4.353564453801495,-10.00834186085598,-2.1130993932203093,-10.854900943859738,6,-3.3481780823347584,-9.999222697110392
-2.093451279846997,-10.281025891449577,-4.278155227402412,-9.161705508469465,-2.09708992863274,-10.26131064838486,6,-3.20501488521698,-9.101438287191604
-1.9850084255662117,-9.459452040500803,-4.20236450125718,-8.326639571495106,-1.9930916301383526,-9.333148668931777,6,-3.077368323841976,-8.2923482351687
-1.8780317514464373,-8.645123886294794,-4.1273840086595515,-7.504170524024188,-1.889066562695732,-8.529021442861351,6,-2.9418758270710423,-7.417211849805736
-1.7662913636537136,-7.841994728195758,-4.051449412668537,-6.6963870004068635,-1.649352340333936,-7.768488167138296,6,-2.8113762639254394,-6.64269934286859
-1.6572985521002965,-7.04943752775022,-3.972955106931648,-5.901591748186473,-1.77102119041047,-6.771043711862436,6,-2.7015368386105982,-5.859781881378278
-1.5420835933717232,-6.267465877369481,-3.888950456210841,-5.117691834102578,-1.6407903658965544,-6.404875877114706,4,-2.5780100371115635,-5.049330288191293
-1.4130492075558614,-5.499568183946762,-3.8022619985584867,-4.342358773310722,-1.347112081820238,-5.296229915411104,4,-2.4519363762837005,-4.302942668503612
-1.2697769381754465,-4.7434183206520935,-3.7212985870658617,-3.568729676704427,-1.244930104787909,-4.566543696255327,4,-2.3252336067165476,-3.565817787179135
-1.1358689891321392,-3.9894487787008055,-3.638546943818851,-2.8012457346614337,-1.068486883997799,-3.984151434057152,4,-2.1795419861065697,-2.780367146205246
-1.0017513927102135,-3.238464850412935,-3.5586229059208128,-2.04394146512389,-1.1205918864249607,-3.2087019678365474,4,-2.0658517673333865,-2.0764496010020976
-0.8672991578493656,-2.4978778926458562,-3.4695062469212967,-1.3050331435056257,-0.8143842203307177,-2.443464243792999,4,-1.9246472577509388,-1.3086886517417124
-0.7281474989529182,-1.772883799201272,-3.373720232189248,-0.57504772019632,-0.7988900333551696,-1.6942760976049736,6,-1.8080837590864949,-0.6230826578715587
-0.5846044470749717,-1.0596217148909257,-3.275032909954498,0.14664814006970517,-0.6161733281388965,-0.9357394847757033,6,-1.6851150591681057,0.06023116700232138
-0.43613405826412827,-0.3497033808406482,-3.180496968663276,0.8713012579069759,-0.45669675457430237,-0.2933129982381917,5,-1.5442638364412695,0.7958559549418025
-0.2960035368587809,0.3589461571056912,-3.0800805348175815,1.5821683149441927,-0.41846181335563215,0.5112375441670693,5,-1.426841518567281,1.462669964880326
-0.15533201647954764,1.0592484567265918,-2.969778083352718,2.284716707204387,-0.04560368192957089,0.9293544886210013,5,-1.289333902835295,2.1054376972129765
-0.00399310480886117,1.7527783608478575,-2.853348792214373,2.9828924123689537,0.012064815240940198,1.709141233595045,5,-1.142464378227342,2.814418499176757
0.15654698651154964,2.434127397260635,-2.72841212130776,3.676399158870011,-0.07187056780112455,2.3107973482160533,5,-1.0266626436559971,3.4454376530792166
0.3312451526230755,3.1114964775164777,-2.600972740893179,4.3768143702654605,0.33091777388019894,3.145243284640286,5,-0.8695241278354644,4.151624820399061
0.5103377214527806,3.7945119064117607,-2.46228944249117,5.0762475680353365,0.47697930530629035,3.876531568602273,5,-0.7269588981179697,4.797746692390092
0.7018193840004178,4.481126176811491,-2.3120127661403993,5.780822798756964,0.6080728123027311,4.495476569908358,5,-0.579487792699173,5.447771499482783
0.8952863845229265,5.172558626191108,-2.1500393611693807,6.481545183901069,0.8730171265764982,5.3347754775955325,5,-0.3985742827837256,6.178263608611156
1.106909416102103,5.862985551707031,-1.9835337116650178,7.187839454543939,1.0969036771598062,5.962811860100404,5,-0.2248165197565214,6.842019545993361
1.3225614293613523,6.549862914166946,-1.8013734543050939,7.883876617553506,1.3401855874072184,6.5761259070393185,5,-0.03806805925347016,7.506597346709421
1.5499162892706613,7.23437357888538,-1.6155876871449935,8.582661974545024,1.477233455235144,7.300160053873115,7,0.17053807644308894,8.239869633400772
1.7761726927562622,7.917848270718579,-1.4225734572343403,9.283267292526482,1.7968771327779571,7.942286888357118,7,0.375254421378789,8.904319747446394
2.0052143175160353,8.60377677710366,-1.4225734572343403,9.283267292526482,2.06068751334298,8.822052724056174,7,0.7734757568831429,9.62150354211216
2.2399525390748556,9.29690824154522,-1.4225734572343403,9.283267292526482,2.2540404723763623,9.417381220064788,7,1.1573626526176757,10.257721101033296
