gt_x,gt_y,vo_x,vo_y,prs_x,prs_y,base_station,esk_x,esk_y
-0.8096660962134433,1.1425953435689091,-0.8251553964437837,1.435474483658794,-0.8809547087650342,1.1936514857126121,7,-0.8096660962134433,1.1425953435689091
-0.8296190710693031,1.4308722891252168,-0.8369678774487525,1.7295846034742377,-0.8175305570772493,1.5213760077992582,7,-0.8112397365117295,1.1460126397461217
-0.8455608886285199,1.7236892889438327,-0.8480008524365629,2.0262270236146898,-0.8463941915664989,1.696274548710433,7,-0.8136696662181503,1.1547726944130559
-0.8594612268640346,2.0223043368301967,-0.8549537437137527,2.331496524865175,-0.9503785853596683,2.005038101920543,7,-0.8152818718797695,1.1703800267617865
-0.868903847296802,2.3283653084397775,-0.8583123853647908,2.6416205736177614,-0.9208973649876893,2.3913985493788563,7,-0.815534105221567,1.2006783650625574
-0.8727091378321228,2.644059018906466,-0.8550863402506232,2.9678746270308896,-0.9535066743639434,2.6693138189993233,7,-0.8128360200898692,1.2470224335984068
-0.870330829448164,2.9675681163434637,-0.8374097455327102,3.3030637825079783,-1.002017227671585,2.903029522059681,7,-0.8071037340964755,1.3181178693036624
-0.8567384052778321,3.3052647228118213,-0.8032488575766138,3.6467930697241284,-0.8366681056828961,3.3249989209249455,5,-0.7933983214913864,1.4333084393722788
-0.8320502037663208,3.6600630614173597,-0.7612231515107939,3.997261792388991,-0.7559392523341733,3.696378435589157,5,-0.7691846118127702,1.5904301212289313
-0.7987390162372416,4.018745827370481,-0.7172800573857387,4.367408424237246,-0.894095919056402,4.064152546400331,5,-0.7364618906897721,1.8081427607226863
-0.7626074647119976,4.390288208568162,-0.6665732614444903,4.749133506562964,-0.9145145751696571,4.312216458033269,5,-0.6922754390502976,2.112245660272216
-0.7202539134912849,4.773697972857209,-0.6018880567844364,5.134297629527211,-0.7713148099215899,4.659958001400838,5,-0.6425245607257842,2.477984551386756
-0.6664754385408336,5.164694745465652,-0.5299915247011764,5.5342199793716995,-0.7294325573438256,5.237917184443214,5,-0.5861399059750353,2.9280300745880568
-0.5945053938781992,5.560908071180389,-0.44797695175456553,5.945911226827641,-0.4637478732770879,5.344046473713152,5,-0.502343126864177,3.4655167287007997
-0.5141622093384934,5.9705715591464825,-0.3587122872273388,6.369214216965249,-0.6078554800293138,5.963936821291298,5,-0.4243690401629251,4.0465541695978775
-0.4279284186232764,6.390654660805214,-0.2677977917381481,6.8056139209802105,-0.4624052218753147,6.569209073418682,5,-0.3241361738721005,4.722683556029104
-0.34029095819622374,6.824687220697879,-0.1724726977656037,7.252535810316234,-0.3127365106272467,6.92107527739224,5,-0.22192880412658042,5.389475374627336
-0.2514377231300856,7.26905973295879,-0.06857815878285456,7.711582465968343,-0.23278848583533404,7.259067717033724,5,-0.11585588549201654,6.068077470817913
-0.15442952911346897,7.727774644540854,0.043080563309669806,8.185760014202824,-0.21038784741077485,7.785527250218142,6,9.282343369072799e-05,6.808483192703138
-0.047457177140554196,8.197931976473606,0.1607027378357203,8.673091829343592,-0.17814551553722272,8.124270050917808,6,0.10704662573393114,7.494615439273089
0.06278089573836843,8.688352110268498,0.28162546193428606,9.165890286865263,0.0464021553518388,8.823443939162507,4,0.2411686876116265,8.246788877055163
0.17239220222361762,9.18116273327265,0.4020570951278504,9.677795377855713,0.1642127976516725,9.277068685032365,4,0.3647989294262537,8.936271731516166
0.28586452222435876,9.694156265982576,0.5418086839129352,10.194113570814235,0.3254291071703644,9.890400917356217,4,0.4952325474733699,9.62897317084798
0.4136745487689153,10.214702527013614,0.6926952352810956,10.705708874583017,0.47333153758776725,10.427046696904979,4,0.6449997172214746,10.37103240017934
0.5561854169271805,10.745851002874534,0.8557495802753028,11.248594790045571,0.7452066602251055,10.526587766312847,4,0.802028987380425,11.010262321749432
0.702434052958254,11.286832829145059,1.0148309636141124,11.799384545462631,0.6137129839267975,11.258065247523435,4,0.9636521847110114,11.720282819090006
0.8445725620521874,11.837296115120461,1.1816047681130402,12.3691353156467,0.8850806072786508,11.883448468097402,6,1.12495819552124,12.368925766123422
0.9924736520226147,12.39874219465677,1.3644525267136873,12.943524907520956,0.9967252760786528,12.500039492014107,6,1.2862051002664976,13.021845291822945
1.1521687255919768,12.96608730586849,1.5533542753259022,13.5240631970854,1.247607028923721,12.98562791580897,6,1.47787193389082,13.728444479067333
1.3253741803156018,13.547436471748842,1.7471914492330778,14.123010719522942,1.2589895637979043,13.562190087104614,6,1.6484081091674616,14.366298239919532
1.5024200549873776,14.137179946569233,1.9494176648268469,14.730719383236103,1.5539577441891512,14.007306019784332,6,1.8543419994802848,15.05898821335094
1.689018808657968,14.738927350966438,2.1555515226630435,15.336487472076303,1.5588775668029844,14.687622594175995,6,2.0316820732084153,15.690060311099058
1.882057071713862,15.351735194969818,2.3735115115718197,15.960505651943441,1.7359612147309087,15.389632677523394,5,2.2162058024615376,16.33487296065015
2.083594694829764,15.975892783003005,2.5961422262337104,16.59186669260627,2.0929338343954673,16.065676050634465,5,2.440363327482905,17.055299305668587
2.292106746342214,16.61100565570526,2.8190766020297016,17.2248142017645,2.280148663096533,16.61429882820232,5,2.6471051849347225,17.699603653572073
2.5079068294718567,17.258185461651546,3.0464010850770338,17.86689413000838,2.4801651327251513,17.33247976593201,5,2.8766832972323617,18.4244495509215
2.745473866923784,17.928276826558072,3.2965007947476175,18.543833701527234,2.7526473846129047,17.90223634477777,5,3.094683504891079,19.075250053777115
2.9806960654279315,18.57479458418058,3.556623832716995,19.222593312502134,2.9752623262799855,18.637774681510518,5,3.3198357389306072,19.743468819674717
3.2314159521487094,19.24708604940317,3.823142400215376,19.901806013319934,3.258677444433258,19.240188072950158,4,3.576513488086345,20.485626664675497
3.4900052107524813,19.934091166413076,4.094181565118896,20.605531055014588,3.435836695476187,20.01344106669856,4,3.8114068875022835,21.167552928981184
3.7538418289338673,20.630481373201235,4.373822919302632,21.30472683333862,3.754510701585496,20.752043116035686,4,4.080653697634529,21.936526300243596
4.021376447356129,21.340564841130455,4.660394420973894,22.020655695592385,3.9152583757595347,21.42407601408605,4,4.323692087755352,22.631694384303927
4.296555100017111,22.05720609629771,4.956418910822333,22.74418062734799,4.247436423507363,22.103788575925368,4,4.578723987240589,23.336327726685894
4.583140566335114,22.787990327825085,5.265680562298277,23.47579305134435,4.573648948949562,22.76987464059576,4,4.868387708064391,24.12094706350081
4.8770331467891515,23.52237031266521,5.5872749950645035,24.219962495917343,4.890053883741296,23.534120893813455,5,5.211649049134873,25.052575328244185
5.200865627266588,24.27379354422333,5.914474007001368,24.961019046180837,5.156904935680901,24.246404046017215,5,5.441590861042784,25.58589231448866
5.523777813734362,25.010919861713468,6.258416601806615,25.710912482031546,5.462070526443949,25.413197831737182,5,5.736743420095433,26.342621045059495
5.865655201618537,25.761878617591556,6.609272111543771,26.461169775561775,5.759124308498873,25.8488638824877,5,6.043602060741774,27.081189899449924
6.2098552828915485,26.516544637912304,6.971565129433991,27.219705267126777,6.184028641811305,26.381735173126717,5,6.3962407649122595,27.88556437560457
6.566106902987338,27.278252086844354,7.339107090142827,27.98180364669232,6.462403355438921,27.06861045058104,5,6.725925722441136,28.60391974012846
6.930063027950174,28.04484385011007,7.72749126308434,28.758196985520726,6.938488426704495,28.152152313468495,5,7.1044845237240555,29.435655748254895
7.309737592522469,28.818536247649327,8.125051619365133,29.536579614193798,7.302042734592208,28.847094358233733,3,7.4661987481055325,30.180656212017396
7.693666538233327,29.598202570930685,8.53141712739849,30.322152633940817,7.663444097277188,29.591564518039814,3,7.839464518747332,30.934384922096122
8.092382780892493,30.38967912435662,8.96764352107065,31.123265534468832,8.129651085559333,30.41310373269754,3,8.261344397310873,31.78073457086538
8.503661697859382,31.187005450692883,9.438844149763613,31.95971875607291,8.42122236763552,31.25891310562657,3,8.65696326880163,32.5532362625161
8.923927675863634,31.990493061334664,9.92378388311918,32.801927060191,8.783149887519146,31.9066093379768,3,9.095622216581916,33.40613869693089
9.354351938502136,32.80012165697689,10.378127338214222,33.62292757600093,9.205259680430881,32.859400580239026,3,9.512029704343517,34.18930926358447
9.795533782708977,33.61596674770559,10.90705677323023,34.47859954378252,9.675925081210515,33.77384828739372,7,9.949387768568826,34.99452444495269
10.250395048687938,34.43957235044643,11.423561194309013,35.33364785036477,10.176699936397126,34.30573810412563,7,10.440628084939716,35.869123583776876
10.71355658202229,35.2732617414183,11.977376948270397,36.21365077603533,10.717039413986798,35.213929131917574,7,10.917487633396593,36.670308204669084
11.188606481036299,36.11676056146674,12.547240612068222,37.135200431091675,11.027780515323455,36.23463362755786,7,11.396356058775972,37.50448487170485
11.670109935989785,36.96276458114093,13.053671370926645,37.993606314510124,11.65077760361442,37.006558121471045,7,11.932664647660543,38.42481231441736
12.164711319961054,37.83889890280505,13.569647256814914,38.862503044500365,12.17444274689326,37.97039277746852,7,12.440494830754238,39.26734380943591
12.664884401443215,38.731591562382675,14.115814241693432,39.7661638570858,12.710061912911396,38.991738593550885,7,12.999583740775483,40.220897419116056
13.165597586106536,39.630595445234334,14.611893793189374,40.64795990105652,13.069478788110384,39.627406763894605,2,13.545427668611826,41.19307249143643
13.67512159960184,40.53952938034265,15.136159416530521,41.55511694914631,13.734020989575875,40.51097452184093,2,14.104081372855823,42.17103524077447
14.198084061760149,41.45394523898854,15.674445236612996,42.474323470891456,13.938798116945554,41.35483310275221,2,14.71657454734212,43.24871130070382
14.729326593384977,42.374461958237404,16.209651947958555,43.39106190773289,14.639450080040865,42.47411789684317,5,15.229120617898857,44.05500106735827
15.266654158577039,43.29797910348463,16.769496883671067,44.31935475891217,15.180676472925446,43.34929071762241,5,15.789001456151258,44.97129687066338
15.80930686923682,44.2204527394861,17.330751128890522,45.25189089889376,15.734540294246141,44.22821584241971,5,16.3124215792225,45.802431525885915
16.353602423440307,45.1392387243729,17.897731694681056,46.169864867986774,16.277894297875804,45.22709565748604,5,16.84534957806213,46.655986186288324
16.905399333232765,46.05211906504194,18.44400700344449,47.04667556096967,16.876281597664658,46.030880336233295,5,17.431798330974104,47.5898392071085
17.464129965634317,46.957498454429754,19.004180512920655,47.930395306096976,17.665043461579366,46.978167991603364,5,17.999085374978453,48.43017089411109
18.041259751040652,47.864711580411345,19.58690335403176,48.81669986909683,18.08617945658796,48.03896171351692,5,18.607399690708306,49.373447460258866
18.638627869570954,48.758830962683476,20.19293296740963,49.7132462383676,18.72257158355116,48.99262698481474,3,19.184839623006752,50.22643095451195
19.253559104352366,49.64492155829769,20.811014115291236,50.609999457486786,19.360195791390023,49.90996525354195,3,19.783531759174682,51.088244430150134
19.868951094553296,50.525352747908705,21.437232677414944,51.49669543838002,19.951938077390366,50.525778548440115,3,20.445351903776736,52.01483445855351
20.496348821534625,51.386452553477376,22.0659045000028,52.373822825779996,20.716639925403957,51.51497526391224,3,21.07870026778421,52.852400239488645
21.118722301076666,52.24554540968852,22.69597502681432,53.239257193265246,21.058147237641176,52.1519164630246,3,21.699995138278553,53.67071265772674
21.746475509682035,53.096968903087564,23.33869231493085,54.1267989566152,21.803027890893237,53.15983812996327,4,22.39174570071493,54.58536690823276
22.377430177573167,53.956857067838115,23.977719746425368,55.00210608528932,22.479010968130748,53.96611993370031,4,23.03281057223994,55.40048175885532
23.016493489282684,54.81494245068155,24.629026274058102,55.86992944956784,22.88138395797402,54.7395592290469,4,23.709933826535703,56.29368587916493
23.661971474598385,55.67536736769089,25.274521272072082,56.72769979339971,23.631521350725695,55.76132110433413,4,24.34264341714689,57.109270031413594
24.310630083844806,56.532784052967486,25.928731259138296,57.58027306704506,24.337351560508015,56.45034932728373,4,24.98819443623263,57.91569119667403
24.96394744247249,57.38686065704217,26.587943829698478,58.438109208318444,24.934037551095955,57.475081309652104,4,25.68941940012938,58.8193884697663
25.621733076511592,58.24122021953198,27.25040325811533,59.296457319678645,25.710903291075986,58.42132540957726,4,26.346219679437702,59.63806810109881
26.28658979556268,59.083434809389075,27.920024542119855,60.153904146840155,26.245617009098783,59.06151299643756,4,26.999487390432297,60.44338830821061
26.964337409793497,59.93031588355768,28.593067448552993,60.996220071903196,26.968243537497703,59.92719515866038,4,27.71875215037799,61.33295325190271
27.645620441211403,60.75888269881977,29.270654485328773,61.831257990887025,27.676681991889065,60.827504258435454,4,28.385679163526806,62.13657160588552
28.335030763512506,61.59171626134385,29.95416488565213,62.658021423334176,28.38352746836914,61.75614137271421,4,29.11965002045893,63.02926810088968
29.035343341321283,62.41894206199055,30.65702697073403,63.491482186684635,28.74097473907591,62.340098199815316,4,29.77240653241431,63.81107952328532
29.743263457916246,63.24753548327563,31.37100752329455,64.31908326878946,29.689096121236528,63.44944100692513,4,30.458829852895427,64.62032364507992
30.460165256371717,64.07053536504901,32.09222385063588,65.14017389222522,30.44309440781285,64.0974244608666,4,31.21828553339725,65.49582708809609
31.184711147437554,64.8905983555724,32.82486437685601,65.96042969380665,31.36662417623384,65.0706139437482,4,31.939197555831225,66.29406965782567
31.92786783072342,65.71693721838074,33.57257411325287,66.78308289006237,31.82757084948652,65.676745221509,4,32.709204739065655,67.15597351693036
32.67521149090411,66.53454178017327,34.328448960576985,67.60125974135072,32.79026518823594,66.55363946013422,4,33.44108817851399,67.93517259272782
33.42089289355146,67.33580882757862,35.09289249340125,68.41413001372868,33.4714128892996,67.5068002373165,4,34.17926649616008,68.73091291497938
34.19618295414531,68.13353237332062,35.851495009531504,69.21039986457619,34.26539900925929,68.13102150468588,4,34.99318259077966,69.59105960130076
34.97903332024084,68.92724182199878,36.64619119839975,70.02270024288933,34.91739984076843,68.87253522347909,4,35.739802665563154,70.3580941803825
35.780891187377435,69.71540465413193,37.4344963227245,70.80983457755356,35.70617855476638,69.80198756068074,5,36.50107553931764,71.13866533967709
36.58879175753688,70.50347441872957,38.24494668940014,71.60551850062923,36.57974986290221,70.50975822199925,5,37.3481603302789,71.99196421826716
37.41327972241801,71.28954823316899,39.0728146888114,72.41064385028896,37.56230966366576,71.27177948299232,5,38.1499910589923,72.75579598807582
38.23454467731334,72.07722072371901,39.90541121555915,73.19940686310298,38.182059490221796,72.096930268961,5,39.015381426011125,73.60346446947686
39.064726750098856,72.86073034101867,40.738694307746904,73.99420425886984,39.28154192826477,72.9398572315775,5,39.83804532847651,74.36787736667439
39.901299216353316,73.64192353478857,41.59625371053017,74.79825149986871,39.97657010066799,73.61899651934525,4,40.660685156945895,75.12828501985045
40.746422814085214,74.42151717181837,42.441171426154945,75.58484336177192,41.01269796892882,74.46127203558687,4,41.577781532750656,75.97286917036837
41.604548610714204,75.19736851546568,43.33325589343747,76.38024707985942,41.82448857907238,75.45361212112137,4,42.424357006722545,76.74680704419134
42.475737887799355,75.96749985145668,44.20360102460429,77.16334581542066,42.417987475715194,76.12937193343116,4,43.2598926927864,77.51487786529624
43.34889364334132,76.74216782443975,45.08942382398968,77.95379590111084,43.381170660288184,76.83460870938146,2,44.25568864808463,78.49006039021562
44.22717627048872,77.51306732183869,45.990854448417345,78.73576945315814,44.40280823095329,77.58021591300673,2,45.18383467677683,79.36709944016064
45.110948862742816,78.27788234048172,46.89932441585986,79.50777626745243,44.990891701996546,78.2823535179032,2,46.205469543146094,80.3207102039915
46.00874852140525,79.04805438293282,47.81398787376789,80.2917218395696,46.03778750324379,79.14200941335926,2,47.154841592749634,81.17183630613168
46.914309481128385,79.81822965871004,48.72125154258765,81.06007757610955,47.06219628220975,79.83001504435441,5,48.00901561195188,81.7946417873337
47.82306919226163,80.58622872401119,49.643282221643254,81.84325217825274,47.77981986112721,80.53498325273908,3,48.9316689727532,82.519681237534
48.74003307523404,81.34798889629644,50.5696265711662,82.61558152266733,48.76606447314228,81.41851214986279,3,49.79028927463648,83.19055593090584
49.66758746165645,82.11265380678152,51.49060807571422,83.37340377069715,49.27217046332194,82.02943453897635,3,50.626571346368756,83.86635849545463
50.59696706538143,82.87082518780714,52.43620606775007,84.13691399651685,50.60819426612975,82.8701223150555,3,51.59182779615585,84.63966252760798
51.5398812421026,83.62359624418147,53.403116115872535,84.89715585955788,51.530315686618856,83.69396269485578,3,52.484368931605864,85.34209566058735
52.498444778307146,84.37009751392912,54.38022237961683,85.64673769887706,52.5359332426154,84.43549777755779,3,53.47609674828023,86.12728362713204
53.472850631021245,85.1048615725463,55.36829149849659,86.38305851772377,53.650425050607275,85.17252058160132,3,54.412721075946536,86.83022709383157
54.4586108761908,85.82829893578503,56.35355668442015,87.10334554461701,54.66525716738166,85.82829460359586,3,55.37341210291705,87.5313091904454
55.4550341450585,86.54003046423307,57.35790603846639,87.81940637651071,55.29651182432829,86.62431541187419,3,56.40582332711421,88.31364452631045
56.46150764027296,87.24391844271148,58.38163400160531,88.55070462376844,56.495708033642494,87.2755117871345,3,57.38291627208231,89.00417669661434
57.47953465740391,87.93909115444377,59.432179574962305,89.27446465136448,57.31711405874352,87.85314833066465,2,58.45729283900553,89.84651053790287
58.50466840964587,88.62797368445489,60.48042231792244,89.96864628793149,58.55902855738205,88.57137501254185,2,59.64931657333583,90.76165055796558
59.5436222711659,89.30705254986412,61.54282186899256,90.65167295600578,59.79418887764603,89.28079351356486,2,60.76324453612273,91.574115903299
60.59451529769219,89.97132054297533,62.60964581310752,91.31822854448481,60.73866476649453,89.90058674320444,2,61.89704163840065,92.37049946149789
61.655459926466,90.62405994664547,63.68716456771955,91.96539123075537,61.652679533115474,90.58498429922106,2,63.14688222020467,93.22788662313519
62.73211540876249,91.2652152671218,64.77913622131167,92.61397375215498,62.40350895384782,91.26983526480876,4,64.10872614343778,93.69247812928295
63.81114750908509,91.89188273023538,65.88352603930073,93.24604896191377,63.86814020482552,91.89824238908726,4,65.23483563047341,94.26518052811815
64.91104472446091,92.51349304533817,66.99139713463025,93.85775477800273,64.77866972811897,92.55326514538277,4,66.26098187260779,94.78189749093255
66.01915278950074,93.12525313313486,68.09390898677665,94.4568141967416,65.94270161257067,93.28289800390965,2,67.45246362217102,95.53117856562005
67.13551469877308,93.72956999517524,69.21184450577128,95.05430482052935,67.03738588547978,94.0914653964096,2,68.76024524814989,96.33972323867924
68.25823942209448,94.3242773726251,70.34031024809819,95.6490815365749,68.27942386178923,94.31191922178455,3,69.79712870520896,96.77222841619428
69.38336253040693,94.91056240862419,71.47191738796434,96.23911469334416,69.52725862950142,94.81300921314507,5,70.87001695207265,97.23029337182635
70.515795595055,95.49096886288598,72.61272195337497,96.8169770295463,70.43822567312556,95.58057299886828,5,72.03538589452464,97.79232298342104
71.65188576359671,96.0615700692795,73.75530029934578,97.39303753739524,71.61533679034603,96.01988571764221,5,73.1097641856445,98.2756402331854
72.79366070932608,96.62764609585325,74.90243011092508,97.96546911750362,72.84083068878681,96.62648480281943,5,74.30482251917525,98.83584649919656
73.9283237081759,97.18341616693503,76.04661826123233,98.52245865854975,74.04133209910907,97.03333772409755,5,75.40317768077425,99.31059049294905
75.07125840068313,97.73568667262299,77.1938176707868,99.07707595480429,74.93500411535634,97.80511510178188,5,76.49220342091526,99.8087774586909
76.25144464655293,98.30203336151514,78.3451022340218,99.62765603306845,76.5156784828926,98.15943844397782,3,77.72567279365477,100.35104119912675
77.34995784039229,98.82257692407704,79.47677247882082,100.16812331090307,76.91089477193253,98.83310377567005,3,78.7860611388312,100.82965806295194
78.48361593281928,99.35422968639215,80.61254434921574,100.70369010119417,78.47923346183492,99.51644914110427,4,79.8919396374562,101.31791996455075
79.61436223145334,99.88119813028555,81.73897383252772,101.23043467165657,79.45999580469153,99.85793241785431,7,81.08799077202583,101.84331437740519
80.74466448066772,100.40323465596353,82.87055235823162,101.75148656552248,80.67401184734219,100.3682266594908,7,82.18092409589933,102.29657654160037
81.86427917968784,100.9226847886379,83.9965686138239,102.2755013797994,82.09212711156205,100.86149222256581,7,83.39944767575498,102.80020879892162
82.96668077486449,101.42459446776039,85.09584552487273,102.7896084634629,82.88204769094759,101.5435967126328,3,84.47577958861287,103.24984727258928
84.05981244352215,101.92055209406452,86.19516804599121,103.28791260989911,83.72419484407588,101.9855213758201,3,85.53358811541378,103.69083652253747
85.15333158788415,102.40732894998776,87.26533448497041,103.78573617191111,85.0475622655819,102.53991910505557,6,86.70760646811462,104.18214410240768
86.24060597721748,102.88234004951234,88.34818703874667,104.27956126972788,86.14634029617793,102.7607212447172,6,87.76892128267089,104.58559602302734
87.3164655775696,103.35451994067071,89.38592608056923,104.75872633374104,87.17901256578583,103.3908707010518,6,88.82451677155677,104.99753356309948
88.3811304977828,103.81797840664483,90.4279266527942,105.22536932911706,88.34910849449804,103.87894463876823,5,89.98184901525907,105.4511342800771
89.44078582336614,104.2655674607253,91.46563813301103,105.6983071303621,89.37539344541167,104.24532057501422,4,91.01993251599018,105.83694015260491
90.48905466782148,104.70780379086833,92.49715804593403,106.16987440345115,90.51672608781678,104.6123862011386,4,92.15803420287662,106.25567152532783
91.52771528235317,105.15661025695412,93.50297807510445,106.64405716158069,91.54005989297889,105.12183723664232,3,93.17607080403042,106.62913509553097
92.55747980865151,105.61003937429341,94.48871405072755,107.12649221150774,92.61698080956013,105.58462500090394,3,94.19010893650243,107.01031206208287
93.57999014800168,106.07735066097042,95.4861632844408,107.61045658057245,93.66904524493319,106.1127446511151,3,95.28955042245674,107.44590579138612
94.59416127250961,106.55113828365579,96.47301309525415,108.10383735573205,94.64186575178276,106.45776063738805,4,96.26394224289743,107.83302595499357
95.60036040638079,107.03022761019417,97.45992079450393,108.60579852483461,95.28012553142771,107.01085880913932,4,97.20070128049713,108.23929284460964
96.59812999699385,107.51957548773012,98.43334436167046,109.12288247591376,96.48277171736876,107.40670127070787,4,98.23543619396351,108.69198791232583
97.58741247647711,108.01723077462847,99.3930152915473,109.64165673024338,97.70083656496017,108.08086791182976,4,99.17312365518825,109.12623200962129
98.56439440172501,108.52130593604475,100.34423396900632,110.1715056678471,98.59525551169321,108.59810811190987,4,100.17989695372576,109.61627500855711
99.52987369863138,109.03849126569092,101.28118658978525,110.70784681484913,99.42776186344946,109.05349544668736,3,101.06463600029471,110.06799964618762
100.48138586417984,109.57401288518435,102.22647588949073,111.25893915656508,100.18297436957042,109.48675111494074,3,101.92861422224091,110.52820596571519
101.42890516927318,110.12427064320077,103.15900577861105,111.81693243265714,101.2022079374501,110.1743741023725,3,102.87451980379929,111.05897011413582
102.36819128625635,110.68774944879691,104.08014432741038,112.39275801712304,102.33953907663509,110.72731120648355,3,103.73420058430183,111.55861869531913
103.2954398959799,111.26356481945997,104.99586834275033,112.98789723386682,103.43496825130981,111.2509752847395,3,104.67815319163549,112.1159599604451
104.21292238450275,111.84464801488629,105.88444843026014,113.58171070117773,104.14289538157594,111.85911123920334,3,105.50208071169314,112.64271467814473
105.11925183076387,112.43553100203759,106.76051861007474,114.18418672547918,104.97801372425666,112.47640374862999,3,106.31318979702951,113.186836533507
106.00299223656143,113.02839520231193,107.61934957024347,114.79878131209571,105.94509892335896,113.0495723368968,4,107.19600676112215,113.78674407582696
106.87116718439634,113.62914740663277,108.45855958218928,115.41403161349284,106.69204066458235,113.6064901716819,4,107.97514030650848,114.34352126989484
107.72578427120503,114.23814072338685,109.28454117713723,116.03334318467724,107.63770108804925,114.25670706158473,4,108.75624395878673,114.91558744355284
108.56841080606235,114.8498925885013,110.09961788115139,116.66395720807083,108.5503383087044,115.04412636188825,5,109.6056744124289,115.55900821799835
109.39648226251695,115.46992989675881,110.89624618547879,117.29104451002739,109.36098385732697,115.52206549510092,3,110.36730226873787,116.14811495965823
110.20684736361525,116.08921119047993,111.67428268259059,117.91946919902574,110.3507397338567,116.24449233625874,3,111.20305695231468,116.8018570827748
111.00473909285364,116.7132883311583,112.43951663411578,118.55105843119718,110.86611583849565,116.69292320593223,4,111.93081333826585,117.3956752751454
111.78674436622399,117.34048875349974,113.19732944141265,119.1928119962308,111.57658240329343,117.3116546991322,4,112.6492869806129,117.99837789966101
112.55317537641966,117.97275205000217,113.94680897783456,119.84175431026041,112.41453159763505,117.83525113739191,4,113.43079961604712,118.64961186933354
113.31339586416914,118.60283587140376,114.67787233465809,120.4934488584267,113.20288910108849,118.5255924896275,2,114.21506172728085,119.32396131767284
114.0599316072934,119.23598553143776,115.39652411508025,121.14253127978245,113.83787859045208,119.22955978220347,2,114.99214865926032,120.0130344342869
114.79267955050662,119.87126306485789,116.10499026285436,121.79451352979987,114.5745597796247,119.71342534898845,2,115.82667125743463,120.7693726384322
115.51133831655437,120.50870686727055,116.79803209679606,122.45154295657484,115.468843642825,120.59115596912766,1,116.57723175299039,121.47813006876007
116.21830123416991,121.14666882992728,117.47947092469221,123.10649004770005,116.06318786397804,121.23090596168956,1,117.38106836963227,122.25062909754702
116.91057876037222,121.78715250238918,118.14826172684121,123.7630623507059,116.76830691107675,121.798646799316,3,117.96159756901163,122.84680798006896
117.58080510676002,122.4160858346243,118.79993584248687,124.42001994621957,117.54437710534431,122.46795796880777,3,118.56266483126565,123.45618921758924
118.23914724433648,123.04874118414058,119.43618288063082,125.06947858321531,118.3054324671211,123.21812123378055,3,119.23074819077969,124.13089017450189
118.87543654352878,123.67068393973776,120.05823674935434,125.7239188568848,118.66270987746506,123.65281437018011,3,119.80355433850731,124.72992786852026
119.50124911931537,124.29738808344793,120.66622608140804,126.37838722158928,119.61418318858475,124.33311255312417,4,120.40437461759217,125.33875065385749
120.10788575378625,124.92842568661871,121.25801787007522,127.03105526498598,119.63001647645476,124.71238148617194,4,120.99983799229085,125.98012292251538
120.70158643766653,125.57210310259364,121.82973971848303,127.68601822399067,120.70425098972552,125.42585343894727,4,121.5692112302521,126.57563982824843
121.28210169487075,126.2185218730463,122.39673021116162,128.3486241082621,121.25713427117222,126.12037743266505,3,122.1774454660333,127.23209386061852
121.8351625778067,126.85384446804972,122.95753168859117,129.02271515355963,121.73802522853745,126.85230309010534,3,122.70807315780208,127.84405795638777
122.37958832176854,127.50198897425003,123.49882674296735,129.69968436965866,122.0200872652927,127.49447740408876,3,123.20625336521906,128.4645837298989
122.90984189712087,128.15581301837602,124.01412458232363,130.3787067701496,122.79466715174883,128.15903439518695,5,123.75929596094497,129.14747668514536
123.43284313876292,128.81917044729443,124.52541788114941,131.07368044045668,123.52115915154086,128.81110109419788,5,124.26262367054086,129.78268495205631
123.94066419961894,129.48638655290856,125.02423478754609,131.77830677373524,123.91333831719558,129.46551722971117,5,124.78966663308817,130.48241938670634
124.4378387132163,130.1641330351826,125.50859768937181,132.4864315784657,124.31047883109925,130.13326127242274,5,125.24437388046782,131.13475090698523
124.92046438882763,130.85249187797635,125.9788369800417,133.1930882195307,124.9737253866146,130.76067071685597,5,125.70294852527873,131.79559813727445
125.39260874851915,131.54460133441515,126.44016533949642,133.91345258537152,125.30741963862533,131.47102120053475,5,126.17966108142635,132.52537304693524
125.84948127153108,132.24374749273255,126.89218943724202,134.6276364735514,125.70298091570545,132.0504786591069,4,126.59452063887838,133.19518045956505
126.29830591867436,132.95163210975107,127.33641735446471,135.35445574348404,126.24688717567464,132.9370873111979,4,127.01026962530197,133.89358120093175
126.74701794985302,133.67690557233837,127.77303059308504,136.09048412143727,126.78477586003291,133.48339190061793,4,127.46441847281233,134.64813241753097
127.17573560529395,134.38293048885942,128.20099055806122,136.83131184262834,126.71033268836017,134.342371304197,4,127.82897762767003,135.36315056187487
127.60416275512976,135.11108191533052,128.61862446148695,137.57856756165583,127.77976871938382,135.2564015945476,4,128.27873892225838,136.1647761468424
128.0233360440251,135.84791140682077,129.03014407482283,138.3379138866749,127.83458632779582,135.78200800003717,4,128.65015587330637,136.89319536667978
128.4353822485885,136.59869978639395,129.43946354702845,139.10628168666705,128.4605783744784,136.3192076370456,5,129.03498166833413,137.61823377702484
128.84424369524186,137.35136493510169,129.84781981866416,139.887260180318,128.79551025033362,137.3710878949553,5,129.44237965669367,138.4437788025207
129.25877494590992,138.11834394696976,130.25944409675262,140.67910134459098,129.155091186366,138.11869248644854,5,129.806499459739,139.21161379685526
129.6715773465941,138.899073552378,130.67275986348557,141.4817680248765,129.7271564012241,138.85784725389018,3,130.18547862211088,139.99245918312397
130.09154131070605,139.69240228882924,131.08329304148558,142.29549307067475,129.91384867173429,139.67867891876554,3,130.57945498903987,140.85799537234757
130.50503126925554,140.4903984851321,131.49472742662573,143.126346075069,130.47600674300242,140.50534663907888,3,130.9540715114543,141.66760501633408
130.91929018854486,141.30196375115048,131.9044993852128,143.97004121803036,130.94622191595812,141.31196713431274,1,131.40513060643562,142.67153097048595
131.33114294067195,142.13177794924846,132.32038193030232,144.83314121990685,130.83263688329512,142.23171237534632,1,131.82265164659614,143.62226753387614
131.74296430068333,142.97528825488624,132.7241849575345,145.70400439953204,131.71736588072656,142.80166076378742,2,132.24130313089174,144.59597215792036
132.15095966076754,143.8332776299284,133.14592537822128,146.61232435770552,132.14736337746703,143.78719283441768,2,132.69518142869921,145.67299684731455
132.5577224183509,144.7046618025707,133.55891270869287,147.52482868184907,132.35583621913702,144.56408261663626,2,133.11354325961074,146.680885196169
132.95975436908842,145.58986483690754,133.9579287046409,148.45138931240245,132.7445441722757,145.51190032506238,2,133.5316757787555,147.70392897446527
133.3545656744895,146.49078216602814,134.35453176561936,149.3889698702569,133.02203034075228,146.43894594600826,1,133.9801258399711,148.8249064908792
133.74714316884462,147.40513191073106,134.74210061496302,150.34017072985958,133.38617543472208,147.30919438194576,1,134.3877952327735,149.86227821538054
134.1407796915382,148.35161256418897,135.1221091054464,151.30716854117344,133.9946923470859,148.27194727632278,1,134.8220060000481,150.99670637041234
134.51372057095787,149.2795623526815,135.49509016161878,152.29412416667773,134.2703692550679,149.2601101234713,4,135.10712701948884,151.724051399571
134.87326309324894,150.24866968523406,135.85083821424197,153.30157604531757,134.86652751737023,150.25290059526205,4,135.42877668947435,152.52784143335998
135.22009284002306,151.23478387410987,136.18983588583492,154.3273408134876,135.16940852301516,151.17802208670398,2,135.83515701421751,153.71036202863564
135.54603640941167,152.24358543649237,136.50556037977975,155.36431594062626,135.6048798774906,152.22006275466697,4,136.13414903171235,154.5454755712681
135.85581618117544,153.25898701607284,136.80307405649435,156.42666252016951,135.77500661113618,153.1597707481841,4,136.43071285546898,155.50593863089688
136.13761934842316,154.29991842086883,137.0760715482187,157.50467052725415,136.01254806813085,154.08773416482498,4,136.67906565988812,156.39989514684743
136.40162261738953,155.3604868441634,137.33217878793727,158.59787793884246,136.3935566960896,155.30293007862466,3,136.92244251242636,157.34761212328925
136.64258423425034,156.43254105773352,137.5641119810621,159.71049298585788,136.55457905440105,156.3286641205406,3,137.15791965970422,158.41054152140697
136.8679625192464,157.52695168315796,137.77697229650008,160.84672410390257,136.6756138869088,157.57459617455137,3,137.34338776895922,159.41743445770635
137.06523317723946,158.63967383736804,137.9670067217668,161.99861287614124,137.0497573774335,158.61124113794585,3,137.54067829461945,160.53644821259635
137.2434622303961,159.763519162429,138.12940657778177,163.16325138193562,137.3056910246815,159.7126327351359,2,137.7412563915344,161.7447836645718
137.39698376694082,160.90565495021087,138.26960178754672,164.34384204925365,137.37167999903284,160.81387646702146,3,137.8737664462042,162.791717073196
137.5242792268403,162.06171112846172,138.37768957676514,165.5407282004379,137.70834521143013,161.91208769961588,3,138.01096502513772,163.95474345892663
137.63276873602152,163.2367779277321,138.46734016458456,166.75272516781644,137.456826450044,163.11964139546063,4,138.08180907773485,165.0431798780742
137.7163609917625,164.4322423464167,138.54053960287175,167.98109155687942,137.71347487690764,164.42563177103375,4,138.14854764531765,166.17121666478232
137.77638753797385,165.63405725163233,138.587743368844,169.22279243691352,137.7318984011425,165.5446254750432,4,138.19476515901883,167.41437963570928
137.8138431552362,166.86190165595002,138.60876967334332,170.4662499499628,137.79108688598214,166.77781668714155,3,138.21744518572066,168.57259392368013
137.83027127270566,168.08481196157246,138.61320743178374,171.73191405036945,137.40553829244138,168.0620166121561,3,138.18732390686245,169.85875835588715
137.82218323328203,169.32476899403156,138.5892489608646,173.01042408966603,137.67757324566335,169.23185145721598,3,138.16186406255122,171.0488463137066
137.79112277225184,170.57045921411748,138.54110955094262,174.32596612666816,137.60035130241525,170.43800905219396,2,138.15707127731358,172.4215830670651
137.73029355657502,171.82284101072966,138.47021931314043,175.62933346832116,137.82213677360068,171.81492370192478,2,138.12518655282986,173.93939115363423
137.64685618388907,173.0935191902978,138.30015862952536,176.71113794558013,137.53774448485296,172.96420846996406,2,138.0681462381656,175.33945857026634
137.53755689885134,174.37261226412994,138.17339014129564,178.0347554789256,137.58410921564223,174.37579937955698,2,137.98688440352998,176.76226268919942
137.39865511675532,175.65283655593598,138.02655166638962,179.39286356721706,137.41622399896505,175.50443733247354,5,137.82409772034904,178.03847680218394
137.23879480940747,176.94158583233616,137.85624358241716,180.73893781871533,137.0319650264869,176.88328923421716,5,137.63071743135492,179.23524754551644
137.04948112980145,178.24080796546468,137.6614567062918,182.08870959084268,136.93431803313612,178.11576245037222,3,137.4110506539748,180.5619963147543
136.84040308615016,179.5477979075018,137.43903602199543,183.45148738806648,136.01865987800252,179.3750557093593,3,137.12323457074714,181.7866648926543
136.6044727172966,180.8656722677769,137.1889682147525,184.8027416840622,136.52112528279807,180.76346905214226,3,136.88668844770132,183.04482422992038
136.34624592050488,182.18481683828506,136.90999709192323,186.21722131389987,136.26976469605273,182.01873186173566,3,136.6054283384461,184.43430951843823
136.05729889084884,183.52126342009348,136.60715095608015,187.62296775525505,135.98673238345953,183.52202687764145,3,136.32365975282298,185.73338391358087
135.7415747161718,184.8624561604587,136.27170323622263,189.01622013687052,135.6074770465995,184.55359129857024,2,136.04525917786796,187.25016657139315
135.3994155130685,186.19735785719777,135.92255505096998,190.40717310273362,135.31351993219133,185.98200372648202,2,135.7119015386422,188.91610096636484
135.03657511974495,187.53628785436405,135.54526138363497,191.83421828027394,134.97700225707538,187.36419668282332,2,135.38522049211088,190.46485072432594
134.65256673330683,188.8824099951041,135.13004793243996,193.27325290613123,134.32791035187705,188.73954082297385,1,134.99912379430785,192.16031875946723
134.24657068771165,190.23058659415935,134.68960270907044,194.7758868158068,134.1385417845893,190.11573513721672,1,134.6219331891664,193.7359933026149
133.81260283863256,191.5843931605918,134.21616229208996,196.16668278707093,133.68152560980258,191.55515564884018,1,134.21668873778108,195.3151078759391
133.34689588475644,192.9310257070454,133.72012831203114,197.58912868020812,133.14336720273607,192.82339162483572,2,133.74239794877175,197.0296350359041
132.85320759104235,194.28229618687251,133.18661134653973,198.98099387595622,132.58360112008228,194.17898817131194,0,133.27492932074867,198.59241159822665
132.33221461117438,195.63383733616493,132.5999107927121,200.44361619977585,132.2951993267703,195.49018404294344,0,132.76896115467252,200.1584818267764
131.78354335980018,196.9709546893752,131.9975520271823,201.85180686833021,131.56667770133816,196.93416382696995,0,132.18070205678947,201.85286258234044
131.2037337259383,198.32166724069066,131.318906253704,203.34026957656968,131.10009438374442,198.16675272792318,3,131.54215056772603,202.7919108629419
130.587820357745,199.65267364070058,130.63497164298187,204.78021542606515,130.29036879999833,198.91061542888707,1,130.87947778024213,204.50353490781134
129.93793024351058,200.98902064210304,129.9093107761579,206.18122930276098,129.85789579973792,200.97857939952712,1,130.23105810230697,206.05930387910223
129.24963409932573,202.3049416481331,129.13639419339012,207.56122212546686,129.10476403407938,202.18221793483022,1,129.5347699216588,207.60615404009226
128.52023417050196,203.60129783671107,128.31333072600643,208.9578060487022,128.25627172903407,203.21866816870084,1,128.7234058575182,209.28142258465363
127.74859272334997,204.88946696195407,127.46512177366364,210.3104882658914,127.79876999265694,204.71905396302537,1,127.92658998509371,210.7869308635743
126.93921101909736,206.1507532394351,126.58309686137598,211.64326811147632,127.04553164680738,205.80728710349712,1,127.00891422495494,212.41358475304904
126.09353600352934,207.39443625163403,125.67049766308217,212.92050038763063,126.06723305298394,207.22129553041069,2,126.11901306308923,213.86043085712254
125.21394359034622,208.61547936143555,124.71862050245254,214.17323302833395,125.18291711422812,208.5303871588657,2,125.18264742130935,215.28291768082977
124.2947328267121,209.8142784412598,123.72058883652232,215.40359909501086,124.08273801903388,209.78448983928558,2,124.11752983744628,216.8157920487787
123.34723351643494,210.99632445555122,122.7122154294236,216.59406145371233,123.25629729378574,210.94226327742103,2,123.10012739466572,218.16277419895374
122.36654854065921,212.1620199264214,121.64774835024707,217.79846030678658,122.13053891108588,212.04073990956354,3,122.05119336720605,218.6094187396747
121.35461830945118,213.29900454963504,120.5392041685706,218.97725196217706,121.10123105517533,213.30856651131478,1,120.8630437867115,220.1196886723094
120.32088594375512,214.41593738564563,119.4389456964684,220.10503499346203,120.32990402939721,214.43302052062887,1,119.74309551228144,221.44935326377342
119.2579313592533,215.50897391569063,118.29343077763217,221.2203388803413,118.953605197367,215.3357474769232,1,118.48882271713144,222.8794083368935
118.17040691922946,216.58904548958947,117.1459298775026,222.3012032581974,118.00863256467125,216.44656395898744,4,117.39234879892467,223.26118665819652
117.06185489706415,217.64452692726792,115.94760279145426,223.40376296982183,116.98980023314246,217.49407932090992,4,116.26867515844208,223.82420170116256
115.92589925854107,218.6805927470707,114.72851547782264,224.48352890154686,115.80728207484708,218.48413432662574,3,115.01022285198422,224.5979514822184
114.77462776980957,219.6933114745361,113.52545044784965,225.48592195116942,114.71619008256043,219.64902924929922,3,113.84835260045105,225.32143047961534
113.60554905641719,220.68450623253784,112.30427015778429,226.4436201169713,113.60858720718504,220.53444536305796,3,112.66628585333945,226.07571277470015
112.4238903871658,221.63976993804033,111.07898316443665,227.36668957120406,112.27230272307584,221.5085710987255,3,111.3419005971756,226.9488329075216
111.23438421570202,222.56523801107227,109.82740745313698,228.25657702433787,111.16152412750738,222.5229832965359,3,110.12541002141565,227.71027728978933
110.03417642760807,223.4503563396921,108.59650157699016,229.09449931316635,109.9025460915802,223.1518523577463,3,108.7736249157846,228.53692234733603
108.83110143593589,224.30198490810955,107.34174392094606,229.90152618919353,108.79506399585233,224.1342765545528,3,107.53917212516644,229.24760240868045
107.6075943776604,225.1275530915103,106.07827929918054,230.67399489516887,107.49642845206824,224.94794807160056,3,106.27827317800717,229.94550242335336
106.37547319453084,225.91003414688126,104.79047393280062,231.4203575692164,105.8124126621544,225.74373009328175,3,104.8458392678698,230.71422942863052
105.13760114471542,226.66177814277066,103.48053027194875,232.13539095490006,104.97602259497923,226.50026558866446,3,103.56657631790819,231.36090008984297
103.89433426211961,227.37420972815806,102.18442869664273,232.80641744380503,103.91359414507565,227.36793596143397,3,102.28491842431588,232.0007606320934
102.64485965819408,228.04450378571138,100.88620918475273,233.45021075686927,102.32759142340808,227.95372876945706,2,100.70627988213832,233.10333701237846
101.38852732350921,228.68288986626115,99.58346192706544,234.049493183131,101.37974623297194,228.6498093185604,2,99.25605535377449,234.07151073615995
100.13508999990499,229.28192353528257,98.2677161859158,234.62137113642615,100.02113642828066,229.08207655596345,2,97.79463109534916,234.9959767385245
98.87225976642604,229.842521512627,96.95899923618845,235.14918472439862,98.64473142053855,229.6231219251088,2,96.18946223893253,235.95336193232185
97.61324538500433,230.37007923423099,95.66265292604385,235.6392255239478,97.41562134562182,230.01168028121594,2,94.7379016990505,236.75792185254173
96.35377234909333,230.86137985794667,94.36508801916544,236.10507828632217,96.27395286468384,230.81917014885755,2,93.15100409811967,237.5835359220475
95.09550265849396,231.32749372462138,93.04704559403537,236.54063795825354,94.943396523704,231.1195527554116,2,91.72660327896308,238.25711858666776
93.84396326983345,231.76179311027923,91.71867585816258,236.94826718673696,92.93737111919442,231.13350781216548,2,90.30768717365748,238.87181750307332
92.60824283061118,232.15883296900077,90.41130578040477,237.33056496098945,92.47432863380637,232.0508510491582,0,88.75822043004797,239.4988620654949
91.37601520412747,232.53302796851776,89.13185602934186,237.6732989238351,91.57280735929422,232.62534976525123,0,87.38338766148324,239.98367950112757
90.14456511690292,232.88174018296726,87.85317018277586,237.9990636053546,89.90239999525389,232.75518474102043,0,86.02008275264834,240.41869772630062
88.91642699992005,233.20140482759442,86.56362158926173,238.30311305933694,88.7247264343275,233.17414175735894,1,84.52618087486326,240.87011927923749
87.6966626814776,233.49537901072875,85.28683601239095,238.5825050314002,87.0220003572789,232.96399462685105,3,83.65502925147395,240.23053865444376
86.47992145787967,233.75993707970935,84.00839914224704,238.827005269978,86.38668865839617,233.67242008918504,3,82.6016977343524,239.91560153277862
85.26609864123492,233.99795764967322,82.76896546305653,239.03560875369217,85.28455178044256,234.02362255498525,3,81.62088254682116,239.68700749203566
84.05630846392052,234.2121149878351,81.5344587170796,239.21807203759934,84.32158241361326,234.12427914622359,3,80.5974039534744,239.52944075404073
82.85396098798282,234.39472999709545,80.29411222482875,239.38545688492684,82.79494728739839,234.1723390336349,3,79.37500972806934,239.44179404171868
81.66211804542499,234.56230278785057,79.06044843010409,239.52006330861514,81.23588765966745,234.26524985865666,3,78.2434211975785,239.33855183234184
80.47736089285587,234.7045921742256,77.8315744503955,239.6319713960962,80.33778823246863,234.51083673297515,3,77.12196364365789,239.26681155323365
79.29899705329603,234.82178135963218,76.61013758570526,239.71761385839724,79.37978547838594,234.68691549398082,1,75.56324637400864,239.64952508975165
78.12446958147653,234.91636893545143,75.42579630852775,239.78796304744444,78.38234867541313,234.72536095455024,1,74.16980791299568,239.9708499904783
76.94375851525089,234.99361333221918,74.24021297104954,239.83819374009147,76.93285043676083,235.02107773935145,1,72.65881776687172,240.28989073184243
75.81503124421909,235.05225421063173,73.08236235229376,239.8776421400922,75.84183849127938,234.87877286211398,2,71.3267144975422,240.53974959171117
74.68428723622746,235.09915974602978,71.9403850072223,239.9205653838221,73.95634644739503,234.64740571208523,3,70.42335232352983,240.1355672198698
73.5686852161446,235.1362723991487,70.80593905121701,239.94797165335322,73.25327960615972,234.91149655117377,3,69.39808842630222,239.8390055637554
72.46129317294822,235.16700239647275,69.70366552405218,239.97345005127377,72.52734601625502,235.21241515359378,3,68.5179858134981,239.59217533625724
71.37046492231089,235.19113038057284,68.61644988147721,239.98553092049585,71.0030988124417,234.72403142035404,3,67.57046369816068,239.33137326246893
70.29814351386062,235.2072447927255,67.5338218499144,239.993139324718,69.86040667731312,234.78748928988838,3,66.49633533954871,239.10868980566823
69.22845640433577,235.2195707203625,66.44673099620913,239.99405016112416,68.97273717939058,234.81217620910573,3,65.56750507259525,238.89806384017595
68.15765601729984,235.22542390804134,65.36527849356096,239.98948601457218,67.70469143868512,234.8687864627333,3,64.50808125992874,238.71710151040762
67.09113595078256,235.2261125945147,64.28941882803812,239.98290014214928,67.0752592777248,235.01152444174073,2,63.29547329468128,238.88360821907625
66.04194865472024,235.22595483352242,63.22738611697235,239.98239503040503,65.47587074722716,235.04715836196024,2,62.10535658513779,239.05065887150872
65.00533550052847,235.22818599886605,62.17823660585459,239.97872400110847,64.90081481308111,235.1498615018946,2,60.82802473203883,239.2207540423996
63.97769741493439,235.23148077037283,61.14462945751603,239.97963999771542,63.718681200628815,235.19258477468134,2,59.71110851917792,239.37555692760594
62.95885701130566,235.2386768927451,60.109911290960426,239.9852654970891,62.776368021674145,234.36617173568624,2,58.62320860124883,239.52216774614232
61.94225245863281,235.24917815532427,59.091436593992114,239.98865195090605,61.93946993188081,235.2198028645898,4,57.930177557916075,239.19827673331167
60.93444765796962,235.26118559111936,58.08030739007867,240.0017210729955,61.05228450304935,235.24758134727148,4,57.28941555497003,238.93693597500592
59.93144000444452,235.2807895941854,57.079634492267274,240.0181396250104,59.83591040357423,235.46680456894202,3,56.48240236147839,238.745356201206
58.93588082217007,235.30416770601823,56.078769850893245,240.04160692249064,58.80502700449321,235.41667136665512,3,55.74518853084229,238.5812994966287
57.93626239187003,235.33177371152752,55.077085360930894,240.06716099182847,57.8326035955589,235.32946710911025,3,54.97892216537134,238.43961679746505
56.93930349876279,235.363264217055,54.08897821314236,240.09659063877902,56.89216476767499,235.29950291994138,3,54.11036915068091,238.3213471017264
55.959028240138466,235.39924848093162,53.10845613806578,240.13188016739687,55.92767111694455,235.14377158597685,3,53.32627214464919,238.2119333451425
54.9778113002587,235.44448837991803,52.129050384711626,240.1852653635528,54.69536690046249,235.44430079911095,3,52.50334183075115,238.1487831676914
53.996208995536364,235.49685282385818,51.1573397163426,240.2461465538239,54.02599260989064,235.58878526910703,4,51.61631497845027,238.11469708959328
53.01638069185002,235.5581203784736,50.17698292884184,240.30721392515105,52.96369010410346,235.48120992091782,4,50.806812355820306,238.0857541027159
52.03893279416065,235.6251371930711,49.20289396672095,240.37621874852044,51.845819239170424,235.6249495892258,2,49.72395694685617,238.30134844754488
51.06486934871985,235.69869661338709,48.23047036666542,240.44866441393572,50.93556211009905,235.52767255026572,2,48.73482857840507,238.5372973829815
50.10008985186144,235.77923404883842,47.26386424550272,240.52753326904514,50.040593613821315,235.6739241951157,2,47.745430824521186,238.78997946968545
49.138013085736404,235.86557027514417,46.300682147940826,240.61170724617392,48.928523390895315,235.8311640089379,0,46.6727496565062,239.06403006434218
48.17712133413573,235.9570127169059,45.33806157877821,240.70741732999625,48.08065155355492,235.9419955701344,0,45.69456836241825,239.33780782845798
47.21820565642866,236.05809525479162,44.38243002435788,240.80802078097466,47.12250976288328,235.8897246237935,3,44.96916929116754,239.22778013562433
46.263965702132374,236.16635964772362,43.43234985335336,240.91309394326535,46.24060507455769,236.06722050613598,3,44.142615943582385,239.17801670230645
45.310060854786606,236.2796189682738,42.477314948498226,241.02639555477836,45.29400891353873,237.4960765408952,3,43.374562218098156,239.27744790992907
44.35898359018681,236.40058706225392,41.530280735605366,241.14389676197592,44.363066614548515,236.33737443222387,3,42.58218649764629,239.27051274381347
43.40733936279312,236.52758987799325,40.58583841090684,241.26430858692555,43.43621059303053,236.63501294984755,3,41.70113185913049,239.31183152307412
42.46096806319749,236.66082591576173,39.65302625324523,241.38867862865115,42.360932226316955,236.622713886793,3,40.87665660807853,239.3497639042276
41.51864966347325,236.79818924674714,38.714931214807734,241.51486358174438,41.386902829716014,236.81266958189815,3,39.964068895535064,239.4185229664206
40.579079163639356,236.94125347602073,37.78111955288981,241.65123180476186,40.4823185398232,236.80423407211663,4,39.12545018440865,239.48025989630975
39.64436255979759,237.09132073047414,36.861487645775256,241.79657810253403,39.70503663447678,236.95314136774192,5,38.289125055757765,239.5590147088166
38.71449254247176,237.25043235440847,35.95630922286064,241.95193159058158,38.62946257046599,237.27806462276047,5,37.36317758664634,239.6777261914153
37.79112904296708,237.41835464281277,35.04558826284815,242.11597139930777,37.73745126764523,237.26850222755377,5,36.516007993178384,239.78420891383635
36.87192854731366,237.5950806018369,34.13306768711645,242.28442936873938,36.78964213588467,237.11788909650193,3,35.592729240510444,239.88919843340005
35.95212887416608,237.77990044222616,33.218482148170374,242.4582857161589,35.83988745115092,237.88881969122002,3,34.74345623164245,240.04801277212252
35.02891865378308,237.9685260343543,32.28856152784686,242.63394787254288,34.98324536023201,238.06061219828845,4,33.89026942639876,240.22069446548878
34.10243495361522,238.15812837446106,31.362368663262185,242.81160403814837,34.118045652595995,238.05761845218385,4,32.962512200515675,240.40654715714612
33.1700196284476,238.34957886129845,30.438267560379995,242.9854965651931,33.10105029551165,238.36585997142217,3,32.09434455316328,240.59987535863954
32.23179051339353,238.5444811339413,29.507850909804834,243.1697391455567,32.184923701055794,238.35367265827028,3,31.213637150952334,240.78915890469102
31.288604774916074,238.74045309713392,28.563946270258388,243.35415106285186,31.21610552856936,238.73299515318178,3,30.247144610860843,241.02378880042556
30.34241106755084,238.9411799214746,27.616663153339623,243.542317484862,30.354574758608443,238.71333068695682,2,29.268650894328566,241.44861882143658
29.392407834877726,239.14448093045507,26.670049699409393,243.73481961768138,29.447373853502505,239.1452297539271,2,28.193695210931132,241.91993380151308
28.441278805642494,239.35714848521042,25.716364094143795,243.92982692715168,28.35350765727412,241.63285536508013,3,27.293261131024238,242.3104613418744
27.484849625325264,239.57150810249473,24.76499405408903,244.13307065955632,27.435571012824756,239.46752050380442,3,26.38634393196764,242.47214361287016
26.529514370990405,239.78734388481556,23.81162575085905,244.34293322797689,26.48736400426089,239.8308100584678,4,25.398689566233543,242.68347955634945
25.572718873469082,240.00839999503722,22.867283968656693,244.5599348276948,25.53001819736006,240.0526403277785,4,24.486294549930687,242.87417613353702
24.615057178548714,240.23158566745286,21.918489949230413,244.78337022031175,24.564355316951143,240.18142600216342,4,23.56432248145431,243.06530772012727
23.656775073206198,240.46123848353332,20.96834833504468,245.01169429885024,23.605071981148786,240.24283030973743,2,22.468048979557615,243.5529942009626
22.695889898165852,240.70219270396,20.022379650335125,245.2517372111881,22.606313769446267,240.6251932208908,2,21.448817316211425,244.01770123855025
21.733502746355654,240.95052695842978,19.077165529508232,245.49288846034358,21.612997561496748,240.73935956552359,1,20.342653304307035,244.5180730089529
20.791945726498767,241.20485952790065,18.139130100220118,245.75046993915137,20.710657542853,241.29077007294492,1,19.32050555938059,244.98186173820972
19.84632626931461,241.47271090896547,17.19976710297424,246.01635778025002,19.769444158825575,241.2749089676382,1,18.298226915888606,245.4407827165139
18.901924483324223,241.7498237167978,16.26837345892293,246.29377086901297,18.868531827370635,241.3398383618242,1,17.200314592451964,245.9303558172954
17.96160217548455,242.04515387483772,15.344817506084285,246.581994845448,17.924550993194114,241.7702672101498,1,16.199127173847277,246.37345123882213
17.028080818757548,242.3484217001773,14.426400536654269,246.87764185558234,17.009302022734996,242.23369589427244,1,15.208883761773977,246.80829347354322
16.095110898739595,242.66387387276822,13.510130849441826,247.1899921464062,15.98572551234925,242.52772861795407,1,14.15036428939436,247.27296723265633
15.167882349701868,242.9914844941719,12.60213515475496,247.5059037082815,15.012660692897018,243.00636475247484,2,13.189929184674098,247.68630348966306
14.247153450605769,243.32529601284284,11.690160746058575,247.8359220567472,14.126435360502619,243.1724362020873,2,12.164423255812489,248.13239290118744
13.327497724547777,243.67203615038605,10.774817107768051,248.17385131379464,13.24462865904014,243.59190172305884,0,11.23439699961878,248.53025493834815
12.412793444071118,244.0248241213047,9.85671547184152,248.51732806834218,12.453338809634628,244.03155384017796,0,10.311174605772155,248.9250467388306
11.499066222568374,244.38677780733343,8.943103684501253,248.87011850365093,11.488204874815338,244.20054416156637,0,9.319366166174778,249.35719912787
10.590642807423915,244.7573943008334,8.039985468757873,249.2284583456998,10.53427291495445,244.7850740689556,0,8.416607114010384,249.7423246337996
9.687316263383602,245.1363596445343,7.142851927205675,249.59751606788927,9.726185666824861,244.9061523560943,1,7.516497278684001,250.12728213316734
8.790535885026369,245.51985857377804,6.252671313691633,249.96861967106656,8.832384098611186,245.35109496323412,1,6.546489236458256,250.55203227863885
7.898073301076308,245.91125266479068,5.369248620470433,250.34649517106277,7.9928616689845775,245.82212884189502,1,5.664941752768737,250.9307113905774
7.011721205850346,246.3066607204285,4.490527704921879,250.73753136899245,7.245547450866863,246.3886283036181,1,4.714761821314243,251.3507546856025
6.134469494578545,246.71094933233056,3.6183617857979784,251.12725416112346,6.032135414435547,246.70944406356674,0,3.85053910111726,251.72644300338672
5.263643759728879,247.12106375784705,2.754248040844937,251.52838421359274,5.177214885645442,247.04835070786996,0,2.990512940268746,252.10581543894565
4.40260364612152,247.53448244179086,1.8933498985137343,251.93580007620133,4.540500008084986,247.55009681744534,0,2.0634652348724445,252.5283534227509
3.542041884104347,247.9562617504788,1.037689750646686,252.34862928303798,3.506393673977567,248.03258229448554,1,1.221418362800113,252.90853240294075
2.6851020938627896,248.39076798841953,0.18782021674556693,252.77189614332244,2.6271073572997024,248.56366177698322,0,0.31284574746578775,253.33266572213418
1.8530907958766636,248.82567477093525,-0.6570318537210945,253.19474439541028,1.75169751027476,248.71191967668486,0,-0.5115609945660626,253.7144655881297
1.0190471125815903,249.26916988114198,-1.4831067941174307,253.62334310236895,0.9148306874626025,248.97813485013586,0,-1.3298725433273684,254.1018128572895
0.19390224378709398,249.7196578096125,-2.3147143965878705,254.05959275196187,0.0626577838615659,247.28400581943683,0,-2.2129395440531474,254.53641825839088
-0.6308997013312029,250.1801824871841,-3.126265507688045,254.49720349466395,-0.6940068905412525,250.22306293702917,0,-3.013217042471188,254.93311826543186
-1.4425575063507832,250.64297173992048,-3.9388066760681006,254.94274908556696,-1.6046561392074163,250.69045795637106,1,-3.8103465194587485,255.33729402637525
-2.252022885624522,251.11119739634503,-4.751260185600625,255.39577925383907,-2.3399573728939456,251.2809168771872,1,-4.672541069253655,255.7894521970438
-3.0506909856682434,251.58675742507498,-5.561965148033867,255.86255447501105,-3.0618064211909966,251.61882938765567,1,-5.456889085866484,256.20523278597204
-3.848310277327742,252.07060291401658,-6.362065298735111,256.33191616777043,-3.998165818164203,252.07654829040547,0,-6.238818413917278,256.63088178528386
-4.6435240175943875,252.5616202370937,-7.170323880387421,256.8092396456993,-4.9020043991923465,252.44565578059365,0,-7.084836980948744,257.1084254950774
-5.43657251320097,253.06250528000018,-7.9735490067945545,257.2897539608322,-5.527439060942783,253.0666339170488,0,-7.854692699979282,257.54984325357685
-6.226524320966479,253.56732839226294,-8.775174808985767,257.779966670127,-6.016612516384169,253.67777943272418,0,-8.688922144188167,258.0450139019007
-7.0173766797598836,254.07871703011472,-9.5849708297848,258.27334868269736,-6.997088235604902,254.19344045057682,3,-9.156384242992052,257.9861430906908
-7.799147787973801,254.615981929241,-10.398129266483714,258.76925971669687,-7.820102972777364,254.48941450006237,3,-9.707812007041557,258.05497316924277
-8.578293273812132,255.16889500867342,-11.210301006353813,259.2680058268893,-8.543205145996284,255.19544000155594,3,-10.359459369545785,258.27741790536584
-9.360316247185601,255.7111037933003,-12.017791481261877,259.770956702682,-9.256690204630987,255.97325430125292,3,-10.974616460506926,258.55130925248335
-10.13972456625087,256.25730753626107,-12.822919723439428,260.27190425681226,-10.300245230586075,256.2087838876947,3,-11.699571111916184,258.88056423175954
-10.922889518604153,256.7959553643257,-13.623522766195583,260.7707884413355,-10.964729305335922,256.74514486669096,1,-12.503620135087768,259.44791004515514
-11.706999756181638,257.3379556331343,-14.436047226715537,261.27754059711117,-11.707483849298525,257.516493140561,2,-13.324052332991526,260.0325708734592
-12.50148112645198,257.8774748547377,-15.24904691516429,261.7814285109351,-12.57324714168512,257.8829069563498,2,-14.22363486689654,260.67602138158554
-13.294617897703054,258.4161110564521,-16.055357235329886,262.2895866881689,-13.168661912815017,258.5451563388759,2,-15.065612106967386,261.28609718600427
-14.091250836602645,258.9548902112248,-16.862859001527088,262.7984209456097,-14.090288715114418,259.3720871796275,2,-15.91832170577199,261.9053841755252
-14.886643741687758,259.49698142584685,-17.66540698959433,263.3034690604433,-14.81273384968478,257.24884726259535,2,-16.84220999259272,262.5773620428935
-15.686815226558824,260.042833126426,-18.47829888315692,263.8165109266877,-15.761324509809961,260.1732870913191,2,-17.697787160497967,263.20053655707767
-16.487707868250624,260.5902660087553,-19.295852569427336,264.3312375266546,-16.468489066024542,260.69300523803565,2,-18.625278560518847,263.87405973323
-17.28329835631089,261.1316136261665,-20.121151075442782,264.8586419858217,-17.25903889959345,261.342331574752,3,-19.2267756876918,264.13340633497245
-18.08681748850628,261.67930679935506,-20.945303631952868,265.38144945855726,-18.12437233660394,261.81196594588954,0,-20.088905117687844,264.7643602316115
-18.896085255445158,262.2275608724588,-21.773861917738408,265.9071535301572,-18.942555551892564,262.2378030645462,0,-21.02671360950792,265.44780741525966
-19.713055076341192,262.7768905512421,-22.60732722829231,266.4359960059803,-19.615778838267662,262.7417796118541,0,-21.895317235492445,266.075449122482
-20.530223465337023,263.32818286667145,-23.43610702953336,266.9655433869389,-20.52494561186216,263.36428551581616,0,-22.767854938485904,266.7012291434522
-21.347258190076957,263.87783015121374,-24.254898271889882,267.4954878103161,-21.30482642410478,263.80132971432755,0,-23.71129655755857,267.3749869789386
-22.163817418882438,264.4285749161342,-25.08459330623942,268.0311922392383,-22.188712887570816,264.5643201142109,0,-24.578945346153212,267.9838177622089
-22.978738329711007,264.9784491014994,-25.900387191964466,268.5605179294988,-22.948986095774803,265.17652616773984,2,-25.51571641113384,268.63833396878863
-23.794754055740093,265.5295507932833,-26.71645391112854,269.0875240608858,-23.744598170290207,265.6334105211434,2,-26.37131774868642,269.22493039071634
-24.60742972897798,266.0822930629198,-27.535453759283307,269.62021335355206,-24.486190425612133,266.172215533905,2,-27.225842513097422,269.8043743021331
-25.414913297542174,266.6351781411257,-28.345081040845734,270.1520347236439,-25.31929564792638,266.6487040008667,2,-28.147708400418054,270.4292011730527
-26.220874334164503,267.19021399566714,-29.157468172985997,270.68812686337657,-26.13878389060779,267.3647027644876,2,-28.985438476643118,270.98867721445976
-27.025640621606275,267.7456833601237,-29.971437176863674,271.2287713684482,-26.957695720679414,267.7892502853778,2,-29.82042993197167,271.54491257931153
-27.83445914480008,268.30655343748776,-30.76723349466729,271.7695867320091,-27.844718680192855,268.48585182392475,2,-30.721551193324377,272.15005953273777
-28.633784339587233,268.8679641061894,-31.560068560848965,272.3179071265558,-28.470707972872763,269.07826481974644,2,-31.745985468767834,272.8460256791726
-29.427757853169183,269.4369606192497,-32.3451288532928,272.8655835464253,-29.320781944506876,269.35425258351296,0,-32.38405228590162,273.260717797648
-30.210511034908986,270.0121146605615,-33.136820743530535,273.42575179162844,-30.226803646211177,270.0910905066609,3,-32.82431452888086,273.35341277617187
-31.00107175765617,270.60135676220136,-33.930115203915214,273.99133939776294,-31.034654743762832,270.7923719808182,3,-33.35004517958374,273.58395339451397
-31.76901355717992,271.17960118275624,-34.71802199582143,274.56180987371687,-31.719922651448584,271.2005939127302,3,-33.973996827658844,273.91384430991104
-32.54730675376968,271.773710008166,-35.49324461864062,275.1331087074484,-32.558883266870595,271.79875016771354,3,-34.570397903631346,274.251266689867
-33.31652287960078,272.37294141743365,-36.26024211816835,275.7127815801682,-33.31268477932865,272.46469395021813,3,-35.1918309577947,274.639209083519
-34.080139463068534,272.97536143744304,-37.018284710378865,276.2964635572693,-34.02269851903566,273.027095130408,3,-35.883667690931425,275.09817693284754
-34.84519881554749,273.5988410922111,-37.777084549364105,276.89945505365324,-34.69653953283679,273.6234175106259,3,-36.51570791179246,275.5393488447082
-35.59094291634806,274.2194380571584,-38.534287237777846,277.5165029138827,-35.556212058706166,274.2160949022329,2,-37.37721527277371,276.21877514447107
-36.34975102784135,274.8711888883537,-39.297569542734806,278.1513660899408,-36.372879328129116,274.8063958704582,2,-38.17225051887464,276.8699533619156
-37.080357959116434,275.51287213240687,-40.023924159145025,278.78945381732893,-36.92624841611762,275.5273633059634,2,-38.96606489277737,277.541567475036
-37.81876380410273,276.17845250404827,-40.749762612477255,279.43489565831237,-37.828356933788385,276.17104664360033,2,-39.81825640335947,278.2830760727261
-38.551786066883935,276.85447437861075,-41.49184153326321,280.0948857256527,-38.43216662851132,276.7959195783372,2,-40.6002906974742,278.9867782346136
-39.283810655780506,277.5454182216693,-42.22633651089819,280.77066524129157,-39.24305654536932,277.6219830974408,1,-41.380298994599436,279.70564174809493
-40.01050861446893,278.24751588484213,-42.9563148426229,281.4577300658494,-40.03221928606712,278.25900439422276,1,-42.21522631751682,280.4932185385043
-40.73504035851853,278.9641148795825,-43.66541673584064,282.1376919873516,-40.75255267418387,278.90613899361466,1,-42.974688186101446,281.2324418412063
-41.45168940465227,279.6848261554331,-44.38137359758939,282.8334067029099,-41.4147090094609,279.8842650201862,1,-43.786383267570606,282.0372225530259
-42.165226656010475,280.42290462204085,-45.101638135393756,283.5565445991118,-42.32654911681875,280.0627175542242,2,-44.52594229856939,282.7894874410054
-42.87246291715572,281.175148554813,-45.81931197690138,284.29196797880826,-42.72130566148998,281.3624517443186,2,-45.258589466907736,283.55105474618335
-43.56831649340052,281.9375992986539,-46.526834991117894,285.0427342529375,-43.6184554573454,282.19419953608394,2,-46.03891573229144,284.3817547751232
-44.25604851992842,282.7181905183442,-47.22006267531903,285.8036500525976,-44.23230556641641,282.9064400944944,2,-46.743431992173576,285.15624083482805
-44.93480087282629,283.50994814371586,-47.899027468126995,286.5852371908596,-45.0540462952732,283.47092248852033,1,-47.43580991110261,285.94106023594674
-45.60548330675797,284.3170968200956,-48.57188354967567,287.3707180818707,-45.55567380383494,284.3657549598107,1,-48.1702976998265,286.79636584632493
-46.27046653474791,285.1338954372867,-49.24033320527581,288.17920065368,-46.314082509736224,285.0766357105758,1,-48.83264290301947,287.5933617183002
-46.923476282374025,285.96732934331527,-49.900738478510675,289.0002265420331,-46.842023783710395,285.9668392618728,1,-49.484468370228015,288.40168318807787
-47.566908585347434,286.8083263978027,-50.54840734456872,289.828439402679,-47.4653540537998,286.87971823664617,1,-50.17442972556806,289.28378504136214
-48.2016258301457,287.66559391354866,-51.19230038661491,290.6731129340637,-48.203920888962365,287.8742523421747,0,-50.79786691107938,290.1052569546709
-48.82824874328892,288.5318353784881,-51.834263231268494,291.5205858849844,-48.92628649504468,288.5136036171884,0,-51.46148473090496,291.00320905564433
-49.448509272400585,289.4083184417509,-52.466692812491225,292.3772984783151,-49.35053315807448,289.67284312424465,0,-52.06308810658376,291.838082066662
-50.06565959851551,290.29311886493804,-53.09748607535164,293.2504584255016,-49.95833022147937,290.2378627718598,1,-52.6626867044862,292.68414983589184
-50.67722375814501,291.18685758922726,-53.72989177447663,294.13794382397776,-50.667140469277875,291.2069282323619,1,-53.30799006381266,293.60958389888043
-51.28190166902645,292.0954116263362,-54.35809939027631,295.03448461959425,-51.14932782905504,292.23971464855316,1,-53.900406953590306,294.47191608564304
-51.87774880163955,293.00967060880424,-54.98052678744924,295.9305919357082,-51.891031977125216,293.19392837976824,1,-54.53501966435532,295.4143085582296
-52.470658909410254,293.9328590793913,-55.59785244660511,296.8326190947655,-52.53225609899906,294.17913968096263,1,-55.11592738083068,296.2891337007994
-53.058611839537214,294.863189059298,-56.21752501817414,297.747676883078,-53.18654824678722,294.8709948018517,1,-55.699117422452424,297.1753255544544
-53.6451260112268,295.7995440221039,-56.83518640730294,298.66810591123544,-53.551817202201946,295.6950820919511,1,-56.32882178487343,298.1430434792077
-54.23052365638157,296.73719221499596,-57.44710600843436,299.5577378987633,-54.23183687765658,296.64679353992204,4,-56.59132077890314,298.74995209546773
-54.813157025223354,297.67807144727914,-58.06379248088477,300.4793744929624,-55.04854821143214,297.72388835931713,4,-56.9598043716912,299.4504971818508
-55.39960031077182,298.62364849711554,-58.68901063641953,301.40062852734343,-55.31025512396246,298.705076260234,4,-57.37959276697274,300.26638376141904
-55.98746084788319,299.5780657743021,-59.319421605256856,302.3386726888072,-55.994991583316704,299.771723182475,4,-57.804614751179,301.0552934382244
-56.583012977753896,300.53633954291485,-59.951354477685506,303.2854461490604,-56.53320881473271,300.6218202204051,4,-58.29545353744135,301.9312271378909
-57.17546484289907,301.4943630253493,-60.573153299945304,304.21986943838743,-57.179585755630654,301.52342292135063,3,-58.77584491130849,302.7515203233685
-57.77218261269562,302.4555464934136,-61.21108703287575,305.16851663514257,-57.568578160054,302.4814586518621,3,-59.26364916319149,303.5963779893435
-58.36843627760979,303.4192977509526,-61.84523670829129,306.12468581103064,-58.39062102975292,303.51401893298635,3,-59.832904860626144,304.5364816892623
-58.96522587871112,304.38641665681456,-62.48123594143512,307.0823694275166,-58.91718522014244,304.50396362449465,3,-60.36905151004075,305.41856783753303
-59.56458681343142,305.3554713684399,-63.119213397856406,308.0371934508763,-59.416775304517806,305.30837798060435,3,-60.914389930173876,306.3048489647456
-60.163009505650216,306.33022746903197,-63.755950255756424,308.9939000754822,-60.05589231259791,306.34117023543223,3,-61.52135763399092,307.28332666123697
-60.75693281185425,307.3088623044579,-64.38316667904725,309.95928467374466,-60.64975722772065,307.5220928220208,3,-62.09286943519152,308.2129937484419
-61.34131843073504,308.28882783856125,-64.98806682369695,310.9155153311856,-61.31309102806754,308.49717470654696,3,-62.72022279393254,309.22517673146706
-61.919372951713946,309.27329670431584,-65.58213094189338,311.88687036874114,-61.80150911236202,309.1885807889186,3,-63.293986745295676,310.1414865774091
-62.488255910023526,310.26190130868474,-66.16287700666146,312.8663680453177,-62.406208748897235,310.0704068149265,3,-63.87094200180851,311.0623650807585
-63.04373117880933,311.261928419727,-66.7323654267141,313.85191514425486,-63.19141207942958,311.27788296652426,3,-64.5047457277498,312.0864568738975
-63.58320550566427,312.2640716328542,-67.29392667645126,314.8453835537545,-63.490822287343995,312.0865430913109,3,-65.06046055552761,313.02232459646126
-64.10739066708936,313.2717017658322,-67.84142844547935,315.8470742026883,-64.09059287488164,313.3264722654818,3,-65.6131875504946,313.98965610733234
-64.61737017326735,314.2843516194411,-68.37443338840433,316.8476804445666,-64.46215304867606,314.3392266143822,3,-66.18311629656641,315.04164438437135
-65.11199074507762,315.30249419336064,-68.894665042277,317.8510424607317,-65.05644490632423,315.4522185708997,3,-66.70145381168166,316.02654653550707
-65.59344529121792,316.3194259533128,-69.39990286253658,318.8554442635312,-65.59555467514147,316.3091145773936,5,-67.25187805089446,317.0813930095565
-66.05895850392714,317.3424633311612,-69.8874102598124,319.8721939514923,-65.91744559315873,317.36356218917757,5,-67.73293001906967,318.0622342381733
-66.50868435208794,318.37291956051837,-70.34858304652582,320.88540281151757,-66.43555088978053,318.2872078162658,5,-68.20627556678052,319.044146744504
-66.93941343980418,319.40456749806657,-70.79961929260136,321.8990795618957,-66.98992191983729,319.4378069387221,3,-68.70966144569607,320.1202726029851
-67.35267608584829,320.4414234692671,-71.23887172657983,322.92452069802425,-67.18532752663106,320.40332900699286,3,-69.13613163282385,321.11147511958023
-67.75033096443521,321.48157548261344,-71.66975745959408,323.96063464100354,-67.72641902157565,321.5520516820991,3,-69.56081309895482,322.1212535033888
-68.13735455669313,322.5239763577883,-72.09236736820482,324.99007170385073,-68.0405635373156,322.4717582819205,3,-69.99882389192082,323.20608957771617
-68.5175441907788,323.56702851962774,-72.51718045141868,326.0257319042347,-68.52024777004907,323.7814357629566,3,-70.39721914958218,324.23354195704366
-68.89706003665673,324.608656156699,-72.93808971628566,327.05685648618504,-69.03213358666937,324.688735318602,3,-70.83352608743344,325.3350419491181
-69.27486370877655,325.65089668986656,-73.35318249492967,328.0851194140133,-69.61645329082572,325.6961592295036,3,-71.24781263574877,326.35069261547267
-69.64951872803347,326.69292973570396,-73.76174653974313,329.0964939278974,-69.56838066498698,326.73573532918874,3,-71.62505259680808,327.37183484520443
-70.01843240752518,327.73534979125293,-74.16673831927348,330.10021147151514,-69.82866234348002,327.86948210582005,3,-72.0239505371903,328.4834935810472
-70.37992849351068,328.7774545630543,-74.56453898264846,331.1289573075356,-70.2826509520145,328.69932204752166,3,-72.39334320662125,329.491681871469
-70.73407005019682,329.81864615384796,-74.95093495303345,332.15986253584293,-70.80801967684745,329.8777501265176,3,-72.7734007701263,330.51767304466745
-71.08177322012669,330.86573266825536,-75.33505955468736,333.2024258065714,-71.34106331893817,330.8728287064997,4,-73.19409580818737,331.6259535778947
-71.41892833893397,331.91236164687626,-75.71454599339673,334.24446292542143,-71.4067893505466,331.8833924571055,4,-73.55102725032148,332.645576264442
-71.75291150845288,332.9617149150347,-76.08268088246325,335.282260719196,-71.82692602583704,333.0622580093056,4,-73.93976997665236,333.7631998235327
-72.07580163708293,334.01515419658637,-76.44916469656306,336.295645334738,-72.29464365881336,334.1263781087167,4,-74.29999558717014,334.7915207561419
-72.38868716565355,335.0673242434667,-76.79951605136101,337.3034938000353,-72.28926891039816,335.24917993901516,4,-74.62544966016581,335.8282101621178
-72.6956678930675,336.1122420452512,-77.15042659414273,338.30138815644074,-72.39674359449491,336.1399485899311,4,-74.95514796760797,336.93412888226044
-72.99958919403781,337.1556124284592,-77.488943771264,339.29611038380534,-73.06599777698514,337.32046956724014,4,-75.27760397787469,337.9559842117294
-73.30155312370898,338.1944762067495,-77.82304052152199,340.2924834261234,-73.12725408484904,338.08490590574854,3,-75.57806655478763,338.95496825294947
-73.59919349471768,339.2337886248732,-78.15710980986039,341.31232827979096,-73.69323530129142,339.17344328808855,3,-75.9241665647472,340.04122229956965
-73.88852141812826,340.2640123576064,-78.49084979579052,342.33097692100813,-73.87033143237804,340.5433072719605,3,-76.22588190636165,341.0593740494605
-74.17379485994275,341.2854558030838,-78.82279914915672,343.32184174867325,-74.1624201887681,341.2741456495395,3,-76.55062557508433,342.12616720540126
-74.46646722198736,342.289024725162,-79.16654870388341,344.2998348241077,-74.25699629833848,342.21872911590646,3,-76.82965369956023,343.08901151084774
-74.76872585127234,343.2754533444417,-79.52873704578043,345.26518991602705,-74.91145639999229,343.30113869199306,3,-77.14805511162099,344.05374505423305
-75.07930452794723,344.2400428015095,-79.89740478759087,346.2042965733955,-75.15803572884612,344.21982498306926,3,-77.50270223456374,345.0800230388255
-75.39923868762139,345.1914694332101,-80.26259973491887,347.12177918509434,-75.79406912422614,345.2548580467826,3,-77.86761554021294,346.0099541221229
-75.72217763413667,346.12202153483946,-80.62719692244345,348.02367553296153,-75.80908135237043,346.1808970651851,3,-78.25023398204065,346.9992032712145
-76.04388643497285,347.0346780854627,-80.99384028959346,348.9203068474876,-75.92271314433954,347.21594420278063,3,-78.59174372427523,347.8966893079289
-76.36294821647442,347.93460775086976,-81.35503889818257,349.80391787919825,-76.34749319519042,348.13729343400416,5,-78.9480101659881,348.78320449669343
-76.68237513076348,348.8277702059504,-81.7109367531378,350.6783197586765,-76.81208641118468,348.8380132817901,5,-79.3500463547554,349.715064841919
-76.99557778148443,349.7235788666105,-82.05908861470098,351.5556330224098,-76.81997886090548,349.5499744990806,5,-79.68797256667277,350.5465671619881
-77.30246410789462,350.61877197201795,-82.39731454318083,352.4306479402854,-77.21346187402226,350.6146270800833,5,-80.02937114002191,351.3946128215701
-77.59774291749582,351.5110629507254,-82.72428144694855,353.3095071040047,-77.74888755996446,351.4544470056451,5,-80.41314988475209,352.30984163782875
-77.88103906046672,352.40755854744003,-83.03489960127173,354.18997210065686,-77.9198351414335,352.42146508739813,3,-80.73670414070101,353.153658756619
-78.14841151731461,353.30489095908626,-83.32800002071517,355.0634979175882,-78.23137129859695,353.42187708497624,3,-81.04732323286021,354.0097319093135
-78.39946596908148,354.20184966760735,-83.6071657824486,355.9433901091379,-78.2744085866314,354.0597643730416,3,-81.34971653278139,354.91706336825354
-78.63458516830026,355.1018298097199,-83.86609633143951,356.8283928926931,-78.77739676980666,355.11889259970224,3,-81.62096018772199,355.76295583715324
-78.84684534050449,355.99560130808675,-84.100552226053,357.71731907519614,-79.07675583647321,356.0313222749032,3,-81.90074642183626,356.6831589414099
-79.035502650014,356.9017362770565,-84.31014520453527,358.6152777456184,-78.83847516334217,356.9274606153425,3,-82.08801944673033,357.5301668729167
-79.19608465967922,357.80882690076083,-84.49448901706356,359.5110072102397,-79.2556009640561,357.94522725887606,2,-82.5307062891812,358.43337829072146
-79.33402678899857,358.7062543357809,-84.65153756867717,360.4124563031088,-79.30883201999033,358.71624790302803,2,-82.97875542875727,359.4229930107967
-79.44235560964282,359.6197742628667,-84.7808978212641,361.3193482923112,-79.68228532744152,359.8570694593672,2,-83.37521993626461,360.3425545395259
-79.52292091832467,360.5398453583778,-84.8826076989226,362.22713003370865,-79.66019828247511,360.69667358622013,2,-83.73937496427432,361.27260943233136
-79.57528326121682,361.44870811305174,-84.95891107557203,363.1450177281167,-79.60505752191595,361.6411048693347,2,-84.08532941337614,362.28921696710944
-79.6043280969139,362.37294509713536,-84.99815311103639,364.0515662921544,-79.70308268295166,362.4167987700797,2,-84.36492908612591,363.23181080566957
-79.60097971370529,363.28194499548096,-85.01305936086598,364.9671305393295,-79.52404593730154,363.31070603867215,2,-84.6132405507068,364.2583786284236
-79.57119454896882,364.2066619294612,-85.000508124031,365.8870403279237,-79.66203511435575,364.156290551965,2,-84.79304371285667,365.20772450723535
-79.51637436703396,365.1322449206688,-84.96088699127439,366.8072492648046,-79.5280101800719,365.150823830335,2,-84.92250983196696,366.16289410063575
-79.43046551157506,366.04592541822484,-84.90466567296545,367.73497815733634,-79.50558309519681,365.9610836398133,2,-85.01144426521867,367.20106369541037
-79.32867909168081,366.97290508375744,-84.83120243306884,368.6621133158994,-79.21499402388339,366.87828149900696,2,-85.0447233353943,368.1577952891061
-79.20693883099138,367.9076751420257,-84.74122039145628,369.60008959816065,-79.33968985155101,368.01491042070194,2,-85.03871071020039,369.1224780770716
-79.07189798767513,368.84481198410623,-84.65327989516965,370.5482980791142,-78.90255124174556,368.75920904289177,2,-85.00093590561579,370.17592974898
-78.93756421827274,369.78421430188575,-84.56521217867467,371.4933814329392,-78.9374553235251,369.74667385998606,2,-84.93719925815967,371.14694322134534
-78.7999967912638,370.72372838115956,-84.47807316925034,372.450015950935,-78.76263623397453,370.8286362619855,2,-84.85666566024263,372.20609954229525
-78.66372680203627,371.67608667979425,-84.39280112499699,373.4215133909278,-78.62764969509388,371.64513248472457,2,-84.77032250782119,373.18180506533713
-78.52787293651467,372.6401563523664,-84.30848527375284,374.41330676277767,-78.31794468251016,372.4604594053514,2,-84.68045750771763,374.17024439437387
-78.39607155586597,373.6163129634638,-84.230969034098,375.40851462377714,-78.2027172713709,373.5817075933475,2,-84.58648981868505,375.2555824611886
-78.27080523345512,374.59950535000667,-84.16026080546627,376.4023628687474,-77.79551801655084,374.37981794283445,2,-84.49888662442206,376.2558796201906
-78.15003457055681,375.58973870667296,-84.09162639472333,377.4106778424654,-78.01432612981779,375.5220719418332,3,-83.64331569526081,377.13183465118175
-78.03055043335726,376.5909053802061,-84.02260755558373,378.43369911565975,-78.14402853212346,376.56592810476934,3,-83.02204545852801,377.9810144416811
-77.91184055269727,377.6033954167421,-83.95455820972161,379.4707117014789,-77.83179702722795,377.6596197477546,3,-82.50204539952308,378.8850964162911
-77.79266945213969,378.62852946315303,-83.87833465561908,380.5196859175065,-78.01558029726286,378.6076955416212,3,-82.07956358280788,379.89743490984904
-77.6703928767642,379.67097285990076,-83.80360610689034,381.5890050858981,-78.18983456046851,379.75720575924083,3,-81.75357612132798,380.8569747185321
-77.54384394405925,380.72400974758426,-83.72880353712515,382.6631952041657,-77.27270161725322,380.7914119355253,3,-81.37845896803877,381.9270846882613
-77.4163595127689,381.78791403878995,-83.65405333616144,383.7412140501565,-77.34616138641468,381.8042692506025,2,-81.42358845448175,383.0230129550455
-77.28763746808202,382.8610811944029,-83.57612707270167,384.8296634478752,-76.95745512402914,382.65831470557384,2,-81.48720435560972,384.1384727458472
-77.15525113939421,383.94313382978197,-83.49595376942442,385.95193662847123,-77.25057694066484,383.94835869285555,2,-81.55532008883242,385.37074120924956
-77.02212480940673,385.0311819715352,-83.41739789923403,387.06662441118954,-77.01188327477715,384.9063961211419,2,-81.64747227718962,386.51455587829133
-76.88788062630188,386.12516764176763,-83.3399493020242,388.18101290078926,-77.07488979091984,386.1619022036546,2,-81.73955190999501,387.77026552678393
-76.75469532389923,387.2284885383385,-83.26173563038355,389.2982960611654,-76.86557187501187,387.119449392313,2,-81.84321142184365,388.92773982686055
-76.62072088754591,388.3358280203896,-83.17813644317279,390.4239687324,-76.901536429442,388.5083955792869,3,-81.39655929536892,389.92152208881294
-76.48321373557548,389.4500957504715,-83.09029683250554,391.54899638887287,-76.46427025805434,389.41998998223715,3,-80.97947223731812,391.0147102925117
-76.33899320574588,390.56503091126393,-82.9901392981464,392.6681152458817,-75.94204895464847,390.6987577042334,3,-80.58986087944774,392.04230354504625
-76.18336459658543,391.6756168916562,-82.88026234811804,393.7914802641561,-76.18528640513759,391.7268804827614,3,-80.27806061361359,393.0802268503603
-76.0184643825494,392.78679068443404,-82.75640654843089,394.91410024294487,-75.98242584531802,392.7534300505698,3,-79.96792789727641,394.2139986320408
-75.83956389751567,393.89399633022657,-82.61510358123107,396.0427888812571,-75.56182065191238,394.02638829410637,3,-79.66431544265137,395.26622204447733
-75.64880881585472,394.99826319017444,-82.46373478078479,397.1706163526078,-75.82474704590616,395.06015487263215,2,-79.7231035827426,396.5402071463569
-75.44637112404932,396.1030781625104,-82.30633468827288,398.2986024817993,-75.37293564943232,396.1392805816795,3,-79.40602776239115,397.56963414708446
-75.23340852256008,397.20683955211865,-82.13895942079334,399.41725050804865,-75.33532451560482,397.2488719894302,3,-79.11345713800033,398.6129958362265
-75.01084430984388,398.30484729912615,-81.95789020037563,400.52916185612014,-74.98437423511112,398.29198271008164,3,-78.79261234849317,399.75155450653546
-74.7779916909598,399.3967299683766,-81.76752703689554,401.6277236601679,-74.89618882370199,399.37692861481355,3,-78.50949627547739,400.7878646805278
-74.5337880251029,400.4807515702101,-81.56994331710456,402.72690061005426,-74.585436974589,400.47647509187635,3,-78.22069344324717,401.8312363747826
-74.2834511260175,401.55767494044153,-81.36416246971044,403.81408945431815,-74.30365098993893,401.5954795131409,3,-77.90556673257593,402.9715640447371
-74.02686999249681,402.63403896508544,-81.15451671646207,404.89686800440796,-74.03467140494637,402.5385919756208,2,-77.93638894153456,404.12719355822105
-73.76694136873807,403.7043393628311,-80.93674566561326,405.9796364130311,-73.73053287731052,403.66893070767094,2,-77.96025530143541,405.3858790408498
-73.50214106891306,404.7687962415128,-80.71771499616342,407.0611969035816,-73.51935471271999,404.63576773074294,2,-78.01722573913965,406.53719945005054
-73.23404476895443,405.83232227530397,-80.49355740771801,408.13578348536004,-73.17278736061606,405.8544693366831,2,-78.07694547633277,407.6887050405816
-72.96052060431334,406.89010363753533,-80.269946618552,409.20389064418123,-72.94444705027624,406.74679974978255,2,-78.11892257655464,408.93796688853155
-72.679058615619,407.94710739518695,-80.0334342722902,410.2814268144061,-72.53533029781023,408.021222698732,2,-78.17136120959113,410.0753846299129
-72.38863805978829,409.0056481306003,-79.78780977512989,411.34485940957734,-72.55892385727618,408.89577409007416,3,-77.59798248385049,410.9606410686297
-72.08832599061611,410.06522921071394,-79.53256983225023,412.4424491956895,-72.08005856785321,409.9406486914825,3,-77.04075563747163,411.97441262001706
-71.78418313471764,411.1240887778712,-79.26920077159126,413.5178797583226,-71.57264830381334,411.1963442038062,3,-76.4796531757705,413.10485779035105
-71.47318291770549,412.1824155590185,-79.00433453207955,414.58930582052994,-71.56798776920118,412.1660749961739,3,-76.05425168195472,413.95307566840637
-71.15894663343128,413.24271663023256,-78.74032046883094,415.6709847316679,-71.25873764383749,413.21516439491256,3,-75.61881924807146,414.9299986957888
-70.84378572379067,414.3052290909325,-78.47740394962631,416.7524955089221,-70.9709984122303,414.2591556161005,3,-75.20057848335148,415.92329341576703
-70.5247214378612,415.3697437396974,-78.21340575210421,417.8328461219771,-70.32770246515848,415.4733197872667,3,-74.74008813144577,417.033827022335
-70.2084761764127,416.43202082778373,-77.94976932384121,418.9184354339662,-70.02126143034512,416.5662218297662,2,-74.71673796804393,418.1886454825645
-69.8930894320485,417.4943762258092,-77.68631165309255,420.0023536348302,-70.09500243541686,417.88840634696624,2,-74.70852046537414,419.35319567322495
-69.57657664090404,418.56369705994376,-77.4196915455531,421.09048337058465,-69.64629882646969,418.467813146641,2,-74.69005814508456,420.62534698856484
-69.25701187491268,419.633402269347,-77.15178993447694,422.17720388248006,-69.24740046254972,419.485145534774,2,-74.70510660601958,421.7907716056005
-68.93428207689453,420.7040896726029,-76.87247625127446,423.25673702179216,-69.27408773036724,420.6271914002407,2,-74.69709919600601,423.0583381058069
-68.60864616713032,421.77418536980014,-76.59265010313163,424.34271702881483,-68.64155131943178,421.7790064455766,2,-74.70403460154411,424.2131406644992
-68.27948437451263,422.8473517861157,-76.30911024944209,425.4417692794709,-68.22480996332419,422.640403327474,1,-74.69487361166287,425.36781155213083
-67.94521745789181,423.9216009493201,-76.02232072075552,426.53448588977597,-67.77538510243627,423.9308283887882,1,-74.64895203031372,426.6211864288945
-67.61052358125103,424.99290908622896,-75.73532006934501,427.6277233253042,-67.59783379043694,424.88999925662233,1,-74.6014200762508,427.7566366994331
-67.27549770818216,426.06238899191345,-75.4476658051692,428.7153852527967,-67.26710569762693,425.9681023903165,1,-74.51379020845725,428.9875879328437
-66.93878348644256,427.12922409868804,-75.15980100074994,429.8071046129881,-67.09191153824936,427.1061372696389,1,-74.4228134832136,430.09902333986815
-66.60461856324105,428.19194104782923,-74.87630716074258,430.89772267860764,-66.72144490440252,428.2315653027492,1,-74.30959684452777,431.20614213111725
-66.27489797893223,429.25532388983385,-74.59119053090686,431.9895169941441,-66.18362706662523,429.25996552914415,1,-74.15963717692938,432.40838020437207
-65.94753737688092,430.3204919657635,-74.31549810110631,433.07633724779265,-66.55323692758931,429.9399731845535,3,-73.12851608264961,433.0714921665078
-65.62632321766476,431.38273159208217,-74.04407069000167,434.15670466023363,-65.76182425695028,431.33769639713216,3,-72.23392905314945,433.8764899553405
-65.30613697940142,432.4432613740422,-73.77077046413763,435.2386383120963,-65.52035152206464,432.07065169070256,3,-71.44586171126751,434.79111847824436
-64.9840252885791,433.504428678686,-73.49756904543723,436.3181065615567,-65.00154730957983,433.55306428408113,3,-70.7558964391908,435.6868946331342
-64.66523834998866,434.56260733850144,-73.23042051299831,437.39284156460536,-64.68923042870145,434.6396451477114,3,-70.09808086647107,436.69800840458555
-64.35284429240134,435.6163306267442,-72.96906538037443,438.45948299926323,-64.33840108597309,435.5663935928498,3,-69.52486308233625,437.6144533362696
-64.04670742586329,436.6648061712485,-72.7077170518348,439.5288857659946,-64.11705193982803,436.6754296697165,3,-69.00130878073531,438.5538735777866
-63.74158072717459,437.7087251879752,-72.45302195446862,440.5943001066572,-63.99901610255082,437.6316635848673,3,-68.49321497385361,439.58313338939786
-63.43978786046836,438.75797038116144,-72.20156818775767,441.6611633602042,-63.45494032107792,438.6324131427517,3,-68.03476669478353,440.52144773025077
-63.14094467101783,439.7986566200993,-71.9514186150887,442.719842602987,-63.08609001363175,439.6765322137612,4,-67.59736664794998,441.47175568551813
-62.84351715401035,440.8358018848829,-71.7061193874791,443.77107645916175,-62.84585712128955,440.7314536694065,4,-67.15339142152753,442.5153058467841
-62.547269081487194,441.8648259353378,-71.46663791147797,444.81967549835974,-62.665718909169456,441.73513289455536,4,-66.78194755052174,443.4659277542691
-62.25871248815525,442.8874776075289,-71.22535789936332,445.8583070084421,-62.041987746197925,442.90580624068286,4,-66.36714016752319,444.5160409265498
-61.96612556652953,443.9119855153388,-70.9879443437348,446.89632993498043,-61.810794815996154,443.9974941344204,4,-66.01852037066001,445.4802340428631
-61.682010725181755,444.92814143267344,-70.7470291720098,447.9226701465024,-61.69889759518741,444.6503599679102,4,-65.69935530602338,446.4202901147138
-61.39797384229782,445.93692400448055,-70.50873806382995,448.93896027818573,-61.4442670030592,445.91380058808915,3,-65.36287925054737,447.46646787206737
-61.11483297787531,446.9426254665263,-70.27002687267786,449.9634596519821,-61.296227413676334,447.01485633933925,3,-65.08819450022614,448.42953087170224
-60.833426561196774,447.9452083287287,-70.03499008717068,450.96817578277046,-61.186225185494024,447.86570095900987,3,-64.83318692697712,449.38350620400524
-60.55013008961283,448.9417801691103,-69.79675566204939,451.9755852838263,-60.52633455739605,448.8313912379802,3,-64.51837683126315,450.41954058630273
-60.2695073327348,449.9294460443233,-69.56004509838247,452.9846896587675,-60.30272140811424,449.74260034603327,3,-64.25171501475444,451.3602345906135
-59.98911060150314,450.90968773282776,-69.32789652552987,453.97870582104554,-59.90049992177471,450.85814113252087,3,-63.94993003139586,452.3917096365656
-59.71217380725433,451.8820602094391,-69.09459952771293,454.9645007495625,-59.75582237674642,451.7874441084375,4,-63.70249585812128,453.3276958866479
-59.43366157519527,452.85507246773733,-68.85998150482722,455.95365630080397,-59.564251828346684,452.63194879475265,4,-63.465101032506894,454.25648457720314
-59.15747300838326,453.8228351878097,-68.62812700724486,456.9324926960758,-59.05188729847621,453.71992638185765,4,-63.18159457560936,455.27498208052833
-58.882755255585224,454.78262817707736,-68.39477983082203,457.90652775513877,-58.816307956161445,454.91412891933504,4,-62.940940765080946,456.2229005521643
-58.60684292622171,455.73497332354503,-68.16317871119729,458.871614476891,-58.37564315861837,455.8008809715389,4,-62.68899166094508,457.1645471089786
-58.32822076795768,456.68217546935296,-67.92975164154491,459.83797632727067,-58.330145696626936,456.8381104608857,4,-62.42865364583308,458.1890142314067
-58.04935740988902,457.6276844950362,-67.703142662282,460.7931008473636,-58.07891255704459,457.6167190828157,4,-62.20454192740188,459.1087354703947
-57.77298434506758,458.5688749245445,-67.4764538522217,461.7458230768541,-57.76200616978724,458.5326389977617,3,-61.947534833097095,460.1025300866047
-57.499762529777826,459.50411603909424,-67.24912920790142,462.6906459059554,-57.4581097461412,459.5565626597774,3,-61.72282034477086,461.0151479612688
-57.21790123828277,460.43275888849377,-67.02485901168416,463.6333277736554,-57.123914028537286,460.323815725464,3,-61.49398309446392,461.9151515439627
-56.94231969104908,461.3555422311488,-66.80173904759053,464.57107898075185,-57.06019770992381,461.2621490607706,3,-61.25603634456988,462.8914206748556
-56.66515332924253,462.2787552584987,-66.57825406999278,465.5073739835008,-56.61712161063706,462.21790956555736,3,-61.0356871747762,463.78427487428525
-56.38898293939015,463.196206552775,-66.35495053560705,466.4380327457394,-56.578455218503144,463.37542708346604,3,-60.83299568713695,464.69786420045676
-56.112367112224945,464.1146437059275,-66.13155201120708,467.3668391228904,-56.06743872045812,463.76884816443163,3,-60.58259962077508,465.64225531481986
-55.83606494241466,465.02570722420967,-65.9085257628204,468.2903577771536,-55.81617332008491,464.876042035985,3,-60.3622120984694,466.51878441193816
-55.56272740789724,465.92589109049254,-65.68833154974648,469.20390217413774,-55.45041550522119,465.75844616288737,3,-60.13153539201397,467.39455169367267
-55.288249037930754,466.8287264746691,-65.46413203590065,470.1132995343782,-55.204504703715195,466.79184761030757,3,-59.875029749294946,468.3535619259824
-55.01212614533264,467.72433975442084,-65.2424312292707,471.01770713835316,-55.02976055406297,467.67279279045573,3,-59.65376769635531,469.22617529406165
-54.73810729071176,468.615279020138,-65.02154823489526,471.91829184085447,-54.8512701212892,468.56176772095245,3,-59.41070983932723,470.1693547035629
-54.46522694119796,469.4980717603856,-64.79956409678547,472.8058641968869,-54.38870810723099,469.44862011427546,3,-59.17843490191661,471.02651143259976
-54.19209342245642,470.3700263492524,-64.58346915377662,473.68720946201574,-54.15746521438656,470.39640099757395,2,-59.36200886373979,472.0147097850835
-53.924365711687614,471.23669171258484,-64.37656278968186,474.56091626689147,-53.79904497714379,471.31529394466156,2,-59.55920507363102,473.08329564083283
-53.66712956475201,472.09488870306586,-64.16766496260622,475.4267553512206,-53.640287599145594,471.97106674536536,2,-59.80558040144874,474.06705729022786
-53.41079117771813,472.9414850609373,-63.95873748925817,476.2802449042942,-53.391112987326,472.9429693319503,2,-60.06369356743134,475.0455998817114
-53.154710132250955,473.7790327650487,-63.75723881543114,477.1102447693375,-53.12926866722771,473.8386080473813,2,-60.31028846271937,476.08829381162343
-52.90411345147657,474.5997075308581,-63.55453037439324,477.9422199945318,-52.902724881578976,474.5550169140388,2,-60.56096015951954,477.0329690262372
-52.65637271325308,475.4071971146569,-63.35779855766414,478.7582784855199,-52.59573456195373,475.409974639584,2,-60.7864996753918,478.03291461783016
-52.41393324644529,476.2005234169515,-63.16079583207779,479.5607945120372,-52.33031273008382,476.2045101727527,2,-60.99464342703985,478.9312123473293
-52.17327306435632,476.9821811676786,-62.96849206184031,480.35451893643585,-52.01601255959165,477.0851467928825,2,-61.17258295366956,479.8100685325136
-51.935129144534926,477.7566599509619,-62.78134114847508,481.13959125072324,-51.83918066905518,477.6412628198268,2,-61.315021501597904,480.7396294070916
-51.7012886245056,478.52668608709905,-62.599722934072986,481.922424132207,-51.68937755480458,478.6888391556756,2,-61.43148479852866,481.57477351307546
-51.470637053124065,479.2928148227148,-62.417332785642714,482.706934196482,-51.34581688524784,479.2756934102349,2,-61.51688440002306,482.39888401552474
-51.242379602002664,480.05627311599744,-62.236240421341506,483.4865804049395,-51.161698041243916,479.7204588387745,2,-61.568561684014654,483.2809976450031
-51.01539271872967,480.81786686753844,-62.06327041744767,484.26860142589527,-50.92160945860197,480.8497708045274,2,-61.59468083455418,484.080048159569
-50.797354349470055,481.5798086491651,-61.894814955613334,485.0473645828165,-50.83631146363097,481.1969327922066,0,-61.59010986246441,484.9414915922912
-50.58428863827147,482.3455075437088,-61.73380109268564,485.82850845181054,-50.583105088135426,482.21469015968046,0,-61.568074033378394,485.72311561806185
-50.37796269263663,483.1108960455141,-61.5812199184987,486.6155905324758,-50.41142683353403,483.0955367502281,0,-61.52731232467639,486.5035819818201
-50.1788558740667,483.8764130433668,-61.43925381288072,487.41355144832664,-49.99619605012449,483.86770952368306,0,-61.46599213526961,487.3510148283209
-49.993065585459895,484.6539072727895,-61.31401544779231,488.2083721452603,-49.746237592840146,484.572853729851,0,-61.400671825442544,488.1237468663183
-49.82244189696994,485.4181861342622,-61.20431169720704,489.00316046926133,-49.767847541221215,485.37572520673183,2,-61.32771662397037,488.9623728822033
-49.67072442386948,486.19280382327906,-61.109647561309664,489.80128649076477,-49.67289614573372,486.28185185843483,2,-61.25980312135582,489.72543990574343
-49.53184337955807,486.97139417089573,-61.03270223487383,490.6007825470374,-49.56156002551672,486.94904075520134,2,-61.19543150807118,490.4887338501883
-49.41199908391684,487.73856687346256,-60.98303454307451,491.3973612273637,-49.45962797927725,487.59362443126435,2,-61.13644524980514,491.3173099341565
-49.31788457252399,488.52375601701954,-60.95526244988195,492.1904863756279,-49.056419113713766,488.3801221073058,2,-61.093218888496565,492.0740241952787
-49.24639391172553,489.2923765112501,-60.9478323022284,492.9868176582056,-49.22094893242843,489.26694661383203,2,-61.06417069065536,492.8958550344054
-49.19918483199623,490.08414643058603,-60.96413848280946,493.78110512418624,-49.0705533451993,489.885141700791,2,-61.05294537546082,493.6463752610109
-49.17186817158561,490.8739737954388,-61.00456437354948,494.5751551705431,-49.017073695661495,490.900434088123,1,-61.060064235427724,494.40011617769943
-49.161110561197994,491.6479787411423,-61.068110000213736,495.37219677947974,-49.16794446583747,491.5398156996037,1,-61.09030009765118,495.22049236130795
-49.17245323636741,492.44210735508034,-61.15227366353625,496.1675072360494,-49.16095075266556,492.2706337554207,1,-61.13804366640567,495.97327682908474
-49.20791768987384,493.2359586135188,-61.259979982063285,496.9642213250358,-49.1447925974418,493.23069527953254,1,-61.20662136500893,496.73113066657993
-49.26226239819275,494.0174649221197,-61.3852665911487,497.76002451822535,-49.291998953594096,494.0380907201992,1,-61.30373092730251,497.5563211076963
-49.34110629115674,494.81485192207913,-61.53008132698125,498.55740158998196,-49.52342470690547,494.66086432209573,1,-61.415079519752325,498.3147959323411
-49.43535462422496,495.59742068464834,-61.69886354705471,499.3577121698615,-49.32696090086168,495.41968667480455,3,-60.0854375092619,498.69332390338207
-49.55475308637769,496.3958988353103,-61.88708687260757,500.148775531221,-49.445745162904444,496.5645665630282,3,-59.14245310400415,499.1592207513976
-49.69564066394733,497.1965810355814,-62.093301414453975,500.9430009452906,-49.6540030854171,497.15263529586116,3,-58.459805859622584,499.67298526587115
-49.853831520031136,497.9828774778245,-62.31888522689798,501.7337774427645,-49.71332988638165,498.0258327655446,3,-57.93393961029521,500.29715728545233
-50.03259356856075,498.78274744369827,-62.5627094443909,502.5276321172435,-50.02241343912314,498.53219909145,2,-58.3171860089319,501.1018710394868
-50.227452827161045,499.56708342281223,-62.824054697190014,503.3231195400078,-50.072585212678284,499.4954469880196,2,-58.75518132908849,501.98143844470604
-50.43827491666698,500.36667192264593,-63.10166394074276,504.1207672282758,-50.448551845698915,500.4443940485284,2,-59.241745008583855,502.8081986219352
-50.66511430089343,501.1691801138707,-63.394029789004065,504.92047189627283,-50.4104226885547,501.09986237758864,2,-59.76422759822516,503.64618417875954
-50.90362568083553,501.9593514501997,-63.70084576551487,505.7153007214788,-50.92682892898328,501.7356899607252,2,-60.330154242087914,504.5551038190022
-51.159350182095004,502.75867689519504,-64.02714497872259,506.49958792056407,-50.896086343353765,502.7952941372085,3,-59.825540250013134,505.11916246157807
-51.43326171126568,503.556700114473,-64.36557442978325,507.28963695405207,-51.437847959714944,503.3156791470539,3,-59.5232445272091,505.70069640911584
-51.72151193762778,504.34533253313253,-64.72270825539731,508.0792801303381,-51.608869532233854,504.1881823744359,3,-59.33710264951285,506.3807758205184
-52.028627220982365,505.1409530459397,-65.10127402487605,508.8662976819983,-52.04728603771203,505.0970114283516,3,-59.25628418683453,507.03391809677146
-52.35505094273113,505.92652224042484,-65.49586477638495,509.6478070217821,-52.146882644727334,505.87373618061537,3,-59.241328691486096,507.76187310805767
-52.69935456575638,506.7166371160609,-65.8985902480577,510.42351662265895,-52.61282215970792,506.74377051812235,3,-59.30369660195684,508.4499336820869
-53.053006452571246,507.5033225068389,-66.31762752195868,511.18542128698454,-52.95201386120348,507.4503792351974,3,-59.426738995515926,509.14370324672177
-53.42298353598561,508.2746480362498,-66.75209613269665,511.94171059105753,-53.36057173160501,508.1407397512212,3,-59.61728765444544,509.89500102634275
-53.809113629086376,509.0492329071178,-67.19446437485233,512.6979862833773,-53.77342151422226,509.03354964745364,3,-59.852483283750665,510.6012003946681
-54.206645479675956,509.82369878299636,-67.6511782246193,513.448221238329,-54.13190141058843,509.9591892920439,3,-60.13107159970444,511.32705592564275
-54.61358803293989,510.5826883392582,-68.13210828230828,514.1799003347732,-54.597662587828275,510.3670495997338,3,-60.47287924462241,512.0826415077744
-55.04397320241702,511.3467387014109,-68.63231607849441,514.9096534368855,-55.0471675425314,511.2406123923515,3,-60.84251322346214,512.7894418471326
-55.496076728364024,512.0995420030192,-69.15429076336956,515.6274831830467,-55.44618609381439,511.975876700788,3,-61.249125072777375,513.4997477910961
-55.96917128290597,512.8364860057417,-69.69161655656089,516.3367126347545,-56.05352718024714,512.9311841996513,3,-61.73155865929327,514.2859920200378
-56.459750604436806,513.5720636461905,-70.25116560458326,517.0339518192378,-56.57811178993456,513.5182756161566,3,-62.23046507965214,514.9946331139018
-56.96780069302338,514.2776441000335,-70.8312652428122,517.7078536953011,-57.006979068925,514.1148752382562,4,-62.786425870331925,515.7452411499471
-57.497049595976904,514.9813060111942,-71.42600592071486,518.3559824646161,-57.51896698727354,515.0358623062299,3,-63.344687203815006,516.4426798621239
-58.04618077785359,515.6706825524947,-72.03847035862451,518.9901953025742,-57.98924498299817,515.5960900001984,3,-63.929673790474226,517.1208389308409
-58.61075897274058,516.3226316176377,-72.66359183523558,519.6037226915205,-58.54955746586822,516.404038280046,3,-64.58472973301333,517.8526870845897
-59.19159295109999,516.9734616198232,-73.30020569466004,520.1974310289372,-59.17265580120146,516.9544903668569,3,-65.23061448306018,518.4983437405652
-59.78780361285569,517.6051934615165,-73.9486618170717,520.7735106256082,-59.812292550472826,517.7100772828402,4,-65.90389246827758,519.1387516214886
-60.39231169074705,518.2034701554404,-74.59829938851433,521.3331840266084,-60.28665518296539,518.3931894497736,4,-66.63355613144859,519.8180836902345
-61.015425477435485,518.805091359521,-75.2732920829095,521.8832153363447,-60.99934477759872,518.8872298601333,4,-67.33858708111734,520.4119233022888
-61.64840052204472,519.3820073410127,-75.96145033197865,522.4278311654931,-61.785540673592706,519.5896676425588,4,-68.12312935099449,521.0523344681725
-62.2990594905324,519.9599887183488,-76.65582009020494,522.9659857745346,-62.36926808250482,520.0252547671798,4,-68.85775133096602,521.6121733745653
-62.958960798900414,520.5312889293571,-77.3595318085663,523.4918435844352,-63.05206593260436,520.158029865583,4,-69.604675067948,522.1292647060657
-63.62769103123225,521.0832892462846,-78.06875970665416,523.9959072504124,-63.61110369437532,520.7236232699063,4,-70.40595851915937,522.68693810377
-64.30830516660522,521.6317571033824,-78.80490399665099,524.5008052810447,-64.42165816492016,521.4266116911153,2,-71.75025943618076,523.3489941384172
-65.0058047622186,522.1686480878262,-79.5517919309351,524.9929032401626,-64.96273597618791,522.1925785824859,2,-73.15006070859822,524.0060113572346
-65.7183632243507,522.6878172772033,-80.30680282910224,525.4699819453851,-65.72796521023707,522.6072580715435,2,-74.67209010303125,524.7066324317881
-66.44571235384001,523.2089695847975,-81.07191548158079,525.9290325966281,-66.46915038065808,523.2975344145532,2,-76.13307107819071,525.3388708241791
-67.18120789973794,523.7004121958581,-81.85687510454945,526.3733367403994,-67.25185824441412,523.5593106639573,3,-76.63140058862307,525.7572261265295
-67.93470097766122,524.1881118191644,-82.65435133159168,526.7985575536603,-68.02599654361516,524.142972244276,3,-77.11389311525994,526.1392099697371
-68.70180785987883,524.6587401565803,-83.4627768587485,527.2066117003952,-68.60119998992954,524.6334190578856,3,-77.63820015734103,526.5249621290349
-69.47939279994826,525.0956020646197,-84.29202652655277,527.5986552726345,-69.48709926361516,525.1189586896113,1,-79.16243534164838,527.1318005887812
-70.27487364338323,525.5313568515979,-85.12989581171938,527.9612397482208,-70.30395105831846,525.6006155877027,1,-80.62131537782454,527.6690281763912
-71.087064878995,525.945553089004,-85.9787867407731,528.3068937631599,-71.13346753117212,525.922042129562,1,-82.0894459740284,528.184454638173
-71.91002155081966,526.3261410932853,-86.84522822810547,528.6378615481095,-71.85012324122047,526.0358606829719,1,-83.65710675806018,528.7196454572719
-72.7505180132963,526.7068169649644,-87.72734325493587,528.9479667641551,-72.76478565735839,526.5891363734097,3,-83.81171349650548,528.9070504301931
-73.60206265136603,527.0539592854307,-88.62171379656957,529.2385611788878,-73.50348654507327,527.1698148539269,3,-84.18666959077154,529.1746131143367
-74.46983418734,527.3976722873294,-89.52927910627793,529.5082760929758,-74.59596566274014,527.556478696187,3,-84.60226101205903,529.4106355336119
-75.34988211349433,527.7222627765411,-90.4483921915734,529.7584225691228,-75.48647901154095,527.8479182546098,3,-85.10909771882837,529.6452214022368
-76.24346843580534,528.009679261967,-91.38098692646662,529.9869116541176,-76.31978030463537,527.9942699546611,3,-85.75718840781178,529.8930817101377
-77.15117155203075,528.2916525794178,-92.32510193580931,530.1879383295757,-77.11694161386932,528.3294322359474,3,-86.36585268029117,530.1007389189422
-78.07377173859953,528.5503091657944,-93.28284014278493,530.3659752394715,-77.9893449640441,528.4580663386065,3,-87.02843634777021,530.2884283402311
-79.0029514817595,528.7669925774217,-94.24742716119258,530.5188202115631,-79.12456452754382,528.5127362077918,3,-87.83545611677077,530.4767067540104
-79.94945889750434,528.976160225762,-95.21577202828703,530.6394174959094,-79.98135456440042,529.0651731026077,4,-88.58835039073708,530.6468861987955
-80.9041634430725,529.1395255328337,-96.19323757801511,530.73896378569,-80.98907263267033,529.1970195745907,4,-89.46672112141867,530.8198025744109
-81.87168556772868,529.2973483754155,-97.18165078414717,530.8148144748354,-81.89100449235377,529.4277048005065,4,-90.2864605108176,530.9507251188702
-82.84918689694966,529.4308651642233,-98.17306486596885,530.8661254428566,-82.82696873852376,529.2572955390393,4,-91.13936975241369,531.0377478262286
-83.82746667531117,529.5249148508333,-99.16664048808113,530.8954896765777,-83.79093859635611,529.5123451257895,3,-92.10586333541018,531.1361581544558
-84.82060384918039,529.6115415576543,-100.17460068781006,530.8996829533528,-84.71235212961919,529.6183133911602,2,-93.72416890253344,531.3274591279288
-85.82147128461163,529.6744452002199,-101.19690534988369,530.8805164938644,-85.72905904063589,529.4952772625393,2,-95.39719370729968,531.4889286422142
-86.82998174596622,529.6985668841343,-102.22335959449993,530.8339623794229,-86.90638028049325,529.4510417266574,2,-97.22012890502364,531.6351903668365
-87.85032903576692,529.7133478653551,-103.25455357629585,530.7657175346275,-87.86908769640063,529.6379791761121,2,-98.94724632995161,531.7238829865692
-88.8715421542564,529.702477660214,-104.28867034822748,530.6692408033216,-88.84488738703054,529.9220413277195,2,-100.6769557845521,531.7739544488653
-89.89640784603509,529.6553587086315,-105.3220801731617,530.550123504544,-89.8481305081996,529.6963073272107,3,-101.19129272868278,531.576794055384
-90.9284368190656,529.5975730027752,-106.3534141081769,530.4001726525721,-90.97043869146086,529.6947862504654,3,-101.72299285336925,531.3834336957201
-91.9587412385209,529.498793557877,-107.38875508542598,530.2213848107875,-91.93297813847,529.4898109976515,2,-103.54489173029411,531.3629945033229
-92.99881033428862,529.3852854817621,-108.4254443664129,530.014531871227,-93.08355229312964,529.2096819557235,2,-105.2419092094914,531.2928546904002
-94.03544083212374,529.2434589004488,-109.46775852536392,529.7808521839581,-94.10547521142529,529.1619048659728,2,-106.92846432538506,531.1827538903373
-95.08085195211773,529.0653587778252,-110.49651155970157,529.5246003517856,-95.15559343801607,529.1381110880258,0,-108.7222679903257,531.0348127238123
-96.12477019367734,528.8719686194432,-111.5305856505444,529.244962550324,-96.13139704768443,531.2839185268679,0,-110.34369418509586,530.8431022688151
-97.16643941361225,528.6585943315712,-112.5634504221891,528.9491153076318,-97.25352404171319,528.5458557556036,0,-111.92714985290786,530.6137180922665
-98.20828637913715,528.4137302593718,-113.60463723884908,528.6247328685827,-98.14441866571228,528.3165123852652,0,-113.60358714072005,530.3425260852865
-99.25604237166006,528.155552971045,-114.64622468745846,528.2807075160673,-99.04298591033086,527.8881200680934,1,-115.0846703058177,530.0398544982155
-100.30576901552769,527.8637465481537,-115.68709401486645,527.9163201883833,-100.38752901590381,527.8116130560192,1,-116.6569872172677,529.6957582797248
-101.34854938294554,527.5610966564217,-116.71849851022486,527.5346394527006,-101.29751126120736,527.75563389614,0,-118.03116675192396,529.3284839412734
-102.3920485844862,527.2352149481792,-117.75164584640096,527.1171228299621,-102.51973358332609,527.6352843515724,0,-119.36654458199709,528.9311872849911
-103.431522378441,526.8745306076136,-118.77543870815532,526.6832069243048,-103.61287866963717,527.0431529741619,0,-120.79901927293263,528.491064443776
-104.47186619323452,526.5003060535863,-119.7982075275655,526.2237019046739,-104.44949232042829,526.4634407412482,0,-122.03996019726125,528.0397398200699
-105.5087278072751,526.1018928734063,-120.81588799416052,525.7476150481547,-105.55474793135892,526.2615823698111,1,-123.25005818565833,527.5632928511673
-106.54102664236132,525.6756102508317,-121.8189883521493,525.2482238771706,-106.74104276249581,525.6713219228623,1,-124.56342169897309,527.0390596556546
-107.56979874774683,525.2346039643282,-122.8179550453369,524.7350686532166,-107.6697154398564,525.1181906012503,1,-125.69331310447704,526.5141139445965
-108.5949452003087,524.7787889051451,-123.81319935832417,524.2100112873725,-108.61499366253237,524.7511128778303,0,-126.79774142192623,525.9678034110613
-109.6207708720372,524.3070713304427,-124.81955756016423,523.66504388333,-109.53635893519032,524.310410370588,0,-128.0082375196795,525.3703238119779
-110.64775640336104,523.823357217155,-125.83073019170132,523.111191851572,-110.7543929232836,523.5521887758373,1,-129.043712771248,524.7836987728133
-111.67629153496932,523.3297548908154,-126.84238400728601,522.5537027912409,-111.558497913527,523.5392503475648,1,-130.18439730298323,524.1479516811203
-112.70784586325685,522.8320341897709,-127.85796563457973,521.9968112833369,-112.8099416387899,522.8206135566661,1,-131.15629257535633,523.5342258143281
-113.74571406484738,522.3310905977667,-128.87860005049836,521.436868780798,-113.8005888589786,521.7494520578349,1,-132.11095028937683,522.909542182733
-114.79118683942693,521.8291762057117,-129.9046511867324,520.8768168517965,-114.77243156420852,521.8071831388829,1,-133.1666024892273,522.2369041930449
-115.84536605024824,521.3255532235854,-130.93345744116576,520.3162923230584,-115.92933966199786,520.8264438842833,1,-134.0667437529303,521.5984173315532
-116.90214926731353,520.8206909619398,-131.96225714955514,519.7529445187149,-116.87804597307675,520.7934420069566,1,-134.95648008327203,520.9542126291963
-117.97086430572293,520.3090346657613,-132.99703756646394,519.1769741151188,-118.00742735180752,520.2626020845906,1,-135.94803277801444,520.2608381583101
-119.02668786975757,519.7956105089108,-134.03770241718806,518.5965547559705,-119.02395531507422,519.7535990157703,1,-136.80691350005907,519.6093132176226
-120.09283199871484,519.2779167360503,-135.0686022819398,518.0226631421267,-120.07606332047126,518.946893155515,2,-137.7714875085617,518.9078715388926
-121.22165220448358,518.7246819210657,-136.12631323895883,517.4310267951695,-121.11857971293492,518.7290978550689,2,-138.61816010738636,518.2523081232532
-122.24051195925918,518.224771580434,-137.18203236299118,516.8395081955806,-122.13540138728791,518.1823552427752,1,-139.4727457737301,517.5935180768196
-123.32222945314102,517.6931385304072,-138.25005929334867,516.2410587773567,-123.28275688020388,517.4547030826658,1,-140.43457131429525,516.8821029287463
-124.41256737217329,517.1573364192348,-139.31566513576857,515.6468837300628,-124.38018363981028,517.2084221955554,1,-141.28820916704703,516.2241758375986
-125.50992720460181,516.6166030508051,-140.38253377008778,515.0487553967928,-125.35844721744321,516.6718392058485,3,-140.14918768474507,515.6970730053873
-126.6107934702538,516.0740199562251,-141.46107545162872,514.4415365404684,-126.5715958948508,516.0633114734177,3,-139.6555998983398,515.1013987763747
-127.71427445035235,515.5281033813212,-142.5429867711369,513.829452034784,-127.81479443632125,515.114334647626,0,-140.75219928324023,514.4415314737386
-128.82138691776126,514.975679664056,-143.637888162687,513.2068511986835,-128.88895594563354,515.087117945289,0,-141.95174022651915,513.7198726661271
-129.93421269119594,514.4204680927876,-144.72567911678908,512.5844321068869,-129.95617580189696,514.3700940299656,2,-143.08049757522755,513.0510096164794
-131.04866288737676,513.8604768823889,-145.81532436632742,511.9634523291725,-131.02267163232565,513.7955140451337,2,-144.2246404856679,512.3768204093095
-132.1663313767458,513.2967976141281,-146.91491698000624,511.3411076459895,-132.06320955640763,513.3737678874967,2,-145.4679081335611,511.6423518732837
-133.29620681485181,512.731895488362,-148.01330617057909,510.7185516712067,-133.2626319885704,512.6706792366552,2,-146.62599434039308,510.9680716224478
-134.43609719831144,512.163818829566,-149.13794415769024,510.08328078433516,-134.5510995393509,514.5636983171179,2,-147.79336680533706,510.29143212750154
-135.57866854453732,511.5997818299658,-150.22888430939875,509.46754025780024,-135.50899373393466,511.6072654639502,2,-149.04960684785442,509.55808520130057
-136.7263617244641,511.030914667401,-151.35655696246707,508.8281255749438,-136.7697077686463,511.10887521154876,2,-150.2131225341526,508.8869424560503
-137.88018027453143,510.4577705462127,-152.49588393107996,508.18521667812183,-137.83218788145805,510.5431289684112,2,-151.47426634821903,508.1545583731658
-139.03941880491234,509.88088181824065,-153.6402439253268,507.5338500190526,-139.11649555886675,509.9304260299702,2,-152.64249773272547,507.48643091935156
-140.21248679358223,509.2980528250678,-154.79719564786888,506.8748849171451,-140.21111679645134,509.0063429369561,0,-153.8189212814627,506.81638811311683
-141.39828874816428,508.7084913580424,-155.96078997414438,506.2126716126674,-141.45413860483808,508.6168781024899,0,-155.09352037888513,506.0862444248629
-142.582683587616,508.11952576439586,-157.12457812479306,505.55757265225697,-142.5702456688093,508.25212313344866,0,-156.27027941445712,505.4234006850746
-143.77238510166035,507.5290665273769,-158.28898858566222,504.9041009544209,-143.71967519629223,507.4051765049085,2,-157.45335907183232,504.75904546181863
-144.96980849724468,506.93447234500803,-159.4587755252144,504.24387943957515,-144.99606092273703,506.81724134555924,2,-158.7354913160858,504.03307141723604
-146.17365138240322,506.33601242526635,-160.64310768168835,503.57524467005555,-146.232242978832,506.37190377014196,0,-159.9194157585309,503.3725629623223
-147.38611690730795,505.73276252775156,-161.82004625386898,502.9041498389282,-147.3743271077052,505.5524205542391,0,-161.20426974529374,502.64881079829945
-148.60120676063295,505.1246224517785,-163.0128287460937,502.22513079082785,-148.64984298163932,505.19107002120796,2,-162.38958963479024,501.9886217181964
-149.82261053751662,504.513827565512,-164.21552589851026,501.54191090502565,-149.67282350210633,504.6195239602803,2,-163.58338502530336,501.322547080596
-151.05032975911243,503.8999651203212,-165.43005708604335,500.84835753536254,-151.21608818925048,503.8257311380481,2,-164.8816093683781,500.58955220208463
-152.28236464839298,503.28257702629946,-166.6472707116499,500.15419869287024,-152.28280842391973,503.3382506784734,0,-166.07838802639458,499.920400372793
-153.52340139038944,502.6644929553475,-167.8595569579592,499.4677666366826,-153.5929818358014,502.73639827174105,3,-165.6457974796613,499.6639717899044
-154.76934720129256,502.0446370374549,-169.0741550745382,498.7824236226965,-154.7600023148752,501.98964381020943,3,-165.69430019731416,499.2357017059533
-156.02057230668746,501.4286767126243,-170.31358037412855,498.0827865345549,-155.92421763237252,501.5582184790674,3,-165.91649516179822,498.82300041614536
-157.27591200142194,500.8101809906808,-171.54019516556195,497.39231009123284,-157.2896460930278,500.5287712211758,3,-166.3427290919662,498.319974634023
-158.53195091858157,500.19178157121314,-172.77647625243688,496.68626664436533,-158.75690242572847,500.35397419422225,1,-167.820733418153,497.51442056818564
-159.79124323975793,499.5624711481211,-174.0079965176673,495.97632163730464,-159.89617995594006,499.4899981373893,1,-169.25826883601334,496.7595566169805
-161.04614838163312,498.93075947740226,-175.2370531469637,495.26683899294136,-161.06151242712207,498.98446872427235,1,-170.82694708830664,495.9296573582611
-162.3036799889046,498.294101375728,-176.4641441667069,494.55750438766995,-162.23751673879096,498.2091034302443,1,-172.33519642342537,495.1560739526494
-163.55960217566042,497.65945000581405,-177.68706704724855,493.85884258413245,-163.52969907646548,497.64502342185256,3,-172.7805538095098,494.7175298395452
-164.81852109759083,497.0250674353281,-178.90957169009772,493.1610163849765,-164.83630869562592,497.0221443635186,0,-174.41418691703677,493.8587275200691
-166.07853428979394,496.3920111596287,-180.13773394638073,492.4638624481318,-166.06985658758813,496.33434946523505,0,-175.97084723979145,493.0619192030133
-167.3370522710757,495.75805471615854,-181.3665638743557,491.7672444754587,-167.36667900480433,495.36515746803235,0,-177.53959770683832,492.2586683653719
-168.5960508765202,495.12777711985177,-182.58840078126855,491.06693886273916,-168.66392516887598,495.01985604185256,1,-179.21544340943535,491.38389650572475
-169.85067257811065,494.49333255565335,-183.8111621834631,490.3608570417797,-169.90162328063732,494.49897425023124,1,-180.77818909915513,490.5818222963584
-171.10799760256626,493.8579710292373,-185.02824323491595,489.66177760673816,-171.17040818707954,493.94042569296636,0,-182.4413150760415,489.71097310173406
-172.36681186639603,493.2248236432351,-186.25032167678376,488.96091806106534,-172.2605319103264,493.19037020023467,0,-183.97825879506897,488.9198598809143
-173.6230080488477,492.59571321400693,-187.48649871376648,488.26757834647736,-173.6732442976966,492.5992824471476,0,-185.50092780193427,488.13196671686535
-174.8888640401031,491.9744217661076,-188.71729420126812,487.5776534649039,-174.9854970404531,491.5557011484884,0,-187.11401662164997,487.2781873142878
-176.15851865276656,491.35266034307676,-189.95704988044727,486.8908709506287,-176.07454433246528,491.42873566532563,0,-188.58042079255495,486.51134007979124
-177.41934222153867,490.7363700733897,-191.17893216068526,486.20950979721476,-177.64680436854704,490.6514025932596,0,-190.02467359394305,485.7480679447479
-178.6751687971186,490.1194534110034,-192.40209823570302,485.53455781337584,-178.65808874122433,489.93331305131306,0,-191.56428104939923,484.9142227175279
-179.92719761646993,489.50336988212723,-193.613595875199,484.8651346111248,-179.95623041007224,489.4385416576311,1,-192.95673059262555,484.16762626714814
-181.17701022566655,488.891148741011,-194.8481206575719,484.1876712501391,-181.13901031204335,488.79053090855666,1,-194.4433044547809,483.35119526854237
-182.42569706074138,488.2843538831284,-196.07081938262468,483.5238228756271,-182.46011058381438,488.22045694640184,1,-195.78239136225886,482.62454455058383
-183.67908718202253,487.67653839286015,-197.29604690504362,482.8498080326756,-183.62263003238405,487.3844718619004,1,-197.1066303199909,481.900858934621
-184.9302704674063,487.0697753640507,-198.51955192680643,482.17904014659075,-184.87303020636196,487.14526518622716,2,-198.53039957365897,481.107224591604
-186.17714798365154,486.46374206556806,-199.73238906549298,481.519271325186,-186.15661125955754,486.1459509559946,2,-199.81318648578096,480.40501319387135
-187.42380402354448,485.86178115376913,-200.95231639830973,480.8428571104561,-187.56211988335468,485.9339050335173,2,-201.08703073874403,479.70468909059235
-188.66397285173014,485.25752028641,-202.1632052725411,480.16594089821734,-188.7388603898966,485.22596965715235,2,-202.46269621362464,478.9317296601548
-189.90706808105358,484.6485395649642,-203.36230097513229,479.4917364735236,-189.86821176668533,484.5335099253496,3,-202.04392676658517,479.0000172177547
-191.14005415443847,484.04175404768387,-204.56178832109444,478.81939528937477,-191.14050338110192,483.8361877766125,3,-202.13545133146445,478.79770011443725
-192.37174771836976,483.4336882149715,-205.75721534312297,478.1428350876759,-192.356681035729,483.4583503623144,3,-202.38704059960438,478.56916697755474
-193.59603885395873,482.8257447673109,-206.94736300327745,477.46554231477575,-193.51579759632705,482.80184758478083,3,-202.8182752236231,478.24420702065436
-194.81752525144788,482.21845324202354,-208.12840939593067,476.78443323504405,-194.8549932807489,482.05150058953296,3,-203.469151598066,477.7845244920023
-196.0343468448639,481.6039160009747,-209.30264074321494,476.106479147255,-195.91761597975025,481.7042454833774,3,-204.1131289515612,477.3722787596087
-197.24015853231802,480.99109573923766,-210.47372609806436,475.4228163640771,-197.2096526665608,480.86023765403684,3,-204.85081117911582,476.89779340548785
-198.43920241333805,480.3722985269239,-211.64622542743518,474.7319300083922,-198.41023051862084,480.40406663173326,1,-206.4073263485425,475.97407169403095
-199.63484396645592,479.7543277824628,-212.8263160016406,474.0417811663377,-199.64228470485324,479.62791066279834,1,-207.91504507884676,475.107538394897
-200.827587377067,479.13650456109303,-213.98319645585883,473.3619680945897,-200.75548234082933,479.0982232268841,1,-209.55438884855158,474.16028886860084
-202.01154709440678,478.5151029622201,-215.13642274241477,472.67662072187943,-201.89783637737494,478.46797566710694,1,-211.1134588677985,473.28523273248845
-203.18959812634293,477.8954781281765,-216.2850946274195,471.99398493009534,-203.10437626445818,477.7772786939536,1,-212.68368839310165,472.4090143969699
-204.35514203925214,477.2771833509401,-217.43000226301206,471.30455881321484,-204.11925421288643,477.272827913437,1,-214.3619836152088,471.45744388181873
-205.5008591892834,476.66452884073567,-218.54028473766724,470.63737833620894,-205.48396778088855,476.6528348631697,0,-215.9129102687447,470.59306934107616
-206.63386112910587,476.0549140528809,-219.62907995198162,469.97374967475366,-206.64379277339066,475.93733703808823,0,-217.4432931390732,469.73155204903657
-207.7486369039618,475.4506239895992,-220.69443145329808,469.32345002155006,-207.8335770739526,475.4010956541447,0,-219.058072825443,468.79435592228134
-208.84296317925046,474.8564641657092,-221.74319063126546,468.6839457357964,-208.92724583623206,474.89697379601955,0,-220.51286196815082,467.95537125333755
-209.91824564664424,474.2711205907608,-222.7824136468613,468.0549207931735,-209.89193547957422,474.27781853919606,0,-222.04215904346805,467.0421610124477
-210.97617531203718,473.69651562544,-223.80527130122726,467.43056866949325,-210.81889717275766,473.7740931503844,0,-223.40271738756405,466.23480443576506
-212.0205829589131,473.1264644312134,-224.8090829348085,466.8142174980633,-212.0598669727181,473.0854184514905,1,-224.7223142875427,465.43879193776706
-213.0438343605849,472.5680597323975,-225.80561924266652,466.20639668201596,-212.6544615742071,472.6608138089034,1,-226.11520312723042,464.5682136540797
-214.04963425743634,472.0200877252794,-226.79144070909052,465.60792283372376,-214.04119273064384,472.1444080978517,1,-227.3395264866052,463.81063418071864
-215.03595982675043,471.4871419715439,-227.7436426759867,465.0421307082535,-215.00374715367388,471.5926807820528,1,-228.5238196170771,463.06867757785255
-216.00622280086654,470.9667203592753,-228.68625075519813,464.487426955129,-217.72601852221683,469.8600939401454,1,-229.77980884650196,462.2540051318298
-216.96589978109355,470.4635543722834,-229.6295254669424,463.94028514834963,-216.9781274818279,470.5228022215833,2,-230.87086208204124,461.55959705018887
-217.9164887590786,469.97816508258603,-230.5681094697671,463.4155368929715,-217.8537594003311,469.7974437014687,0,-231.927734905898,460.88468764278264
-218.86472182516408,469.5038512824132,-231.50378519610032,462.91544379276587,-218.7973754211176,469.46202643475414,0,-233.05693248363644,460.14575782424623
-219.81193046717445,469.05454525856186,-232.42717780416018,462.43815125332816,-219.79011477700993,469.0874650589351,0,-234.02935905090447,459.53865243972257
-220.75248102581702,468.61680053328325,-233.36343281733463,461.9851999139376,-220.73931910329551,468.61618371652395,0,-235.0728614861338,458.87230339659743
-221.70205568889526,468.21430365566334,-234.30273771751928,461.5505830956079,-221.63712439048,468.28305180488593,0,-235.97158136168673,458.3355538350596
-222.6464189669307,467.83464690097867,-235.23598965259228,461.137498833303,-222.47424032327604,467.654960066488,0,-236.84565469718567,457.82584997751235
-223.58635804803595,467.4598742466902,-236.17207160682452,460.74983174147195,-223.40215850180152,467.35656956440755,0,-237.79185005135554,457.2627898037993
-224.53163155094654,467.1184517770826,-237.11737286160644,460.3678096141666,-224.65281325010776,467.0168077822439,0,-238.61776330071456,456.82673438432585
-225.48652178542972,466.79333190925007,-238.08858335638732,459.99849888947756,-225.4706899480877,466.7310812547517,0,-239.43616011724814,456.4199428506345
-226.4429803054451,466.4748541700934,-239.06573236226635,459.64804651486867,-226.44037359771363,466.38255013281446,0,-240.33260287734117,455.96868244472375
-227.41376879483238,466.1894289175234,-240.04142903460965,459.3323033366725,-227.28377340925815,466.22423435025206,0,-241.12787676781392,455.6408307481408
-228.3825144694501,465.9129370312674,-241.02398066007694,459.03345466849726,-228.38710980857928,466.0078843618655,1,-242.0018304400319,455.2728156457553
-229.36171295041808,465.6650997083774,-242.00917822397344,458.76101706844787,-229.23152788754018,465.7522830303917,1,-242.78547994962864,455.01739580303536
-230.346784728321,465.4421326910246,-243.0002358710805,458.5069007710422,-230.34136474877187,465.1208294524264,1,-243.57540762194682,454.7856518964704
-231.32309880548198,465.230385962646,-243.99421977552774,458.27508003461105,-231.31150882113707,465.2566161219244,1,-244.44431595154052,454.514983458926
-232.30523728481327,465.05376463814395,-244.992594231014,458.067045972375,-232.33868995760966,465.07626904094144,1,-245.23780961594795,454.3415513337611
-233.29434576535695,464.90306490221104,-245.98724915727578,457.8771317419312,-233.20992766185793,464.8852497776756,1,-246.0427282583092,454.18673555883476
-234.2846507024698,464.7531836687817,-246.9800807005697,457.71555839306154,-234.34143260074723,464.66471405969867,1,-246.926236859167,453.99908251943793
-235.28696931896806,464.64055468670614,-247.98191139015847,457.5736565014955,-235.27694218574695,464.6109422011886,1,-247.74355930972226,453.90200414572837
-236.28097424531583,464.5308027893678,-248.98554119477225,457.46109607753016,-236.24055975399472,464.4124755890135,1,-248.64037375630622,453.77720606267883
-237.28805262575247,464.46675547465856,-249.99800188740082,457.3751964940275,-237.33580566402864,464.3891886958265,1,-249.47388897518505,453.7362639469895
-238.3074785725205,464.4336131454574,-251.01618319423122,457.31699953142055,-238.49468309925444,464.1823711136463,1,-250.31968441428373,453.71738760523687
-239.32315513924217,464.4108065813756,-252.04503643545024,457.2888683225916,-239.31490982915264,464.1658495624955,1,-251.23834317561096,453.6816349156001
-240.35427914866582,464.4382364127673,-253.07760909174362,457.2985556790104,-240.3500295280951,464.3953332247968,1,-252.09410273577998,453.7256140576993
-241.392655090326,464.495300530544,-254.10572004173585,457.3343352250118,-241.26019355534075,464.465384950385,1,-252.95882862767644,453.7950197252818
-242.4266641579082,464.56585693890264,-255.13627973493465,457.408631665061,-242.52785942491337,464.1744793393241,0,-253.8916056932183,453.85856166290193
-243.47239131451968,464.691966534662,-256.1748986791537,457.5140131693928,-243.54958336124452,464.6976864239666,0,-254.76617808750478,453.99260679355876
-244.51836079548966,464.84968336914255,-257.2086926910786,457.65297667756187,-244.62854036654326,464.6753755382217,0,-255.64926173095233,454.1539051139033
-245.54827041408387,465.01829714597363,-258.24982098899693,457.822926407282,-245.47939189312766,464.8850736296429,0,-256.59965085856214,454.31847468932426
-246.5878240752295,465.2381590450564,-259.2875416298957,458.0123122061746,-246.60967905716498,465.1464868085505,2,-257.4961239760258,454.5427745586239
-247.616747210184,465.4642897711973,-260.33790909759847,458.23530726841045,-247.68387319595516,465.39224108963435,2,-258.4593216926001,454.77496870578403
-248.65248437012346,465.747992597702,-261.3775266123036,458.4912077952601,-248.62106152136872,465.6780356682833,2,-259.37358346911765,455.0613631957557
-249.68426542730825,466.0629822646681,-262.4110713790112,458.7730938628734,-249.6434644089831,466.07545473486795,2,-260.29834333317257,455.37280738590897
-250.7138079131132,466.3858841299937,-263.4488214865717,459.09138643334825,-250.81773310353236,466.1044821897084,2,-261.28786453088713,455.70079549583903
-251.74489765410675,466.758376577707,-264.48017184242275,459.43519420793604,-251.83664464883083,466.80647409023453,3,-260.98016005981384,457.3613817011851
-252.769750799673,467.1584709406564,-265.4887283771617,459.81199226457585,-252.77838219079453,467.01866702393244,3,-260.96587248209175,458.646092113866
-253.774023808037,467.5743372555239,-266.5032244929868,460.21827462623156,-253.74605863262707,467.5626266454644,3,-261.17027333170677,459.75373073137536
-254.77879647621833,468.029740316268,-267.51027666577613,460.6604643570359,-254.7799465936878,467.99555673832464,3,-261.4729188884512,460.7204435513044
-255.7727768879463,468.5041575242933,-268.51643083137924,461.1383270654237,-255.7468738024987,468.44966603336394,2,-262.5254019230394,460.93744206544994
-256.766031737958,469.0234386448811,-269.51482258050675,461.6409204969618,-256.70770020735154,468.9602119194789,2,-263.58510083783796,461.16619447362314
-257.7514483251824,469.5692484788689,-270.49189215157776,462.16096563651917,-257.74507668340755,469.36364669774025,2,-264.6795358478742,461.4296327446696
-258.718627642261,470.1220132415666,-271.4623465657974,462.71325953331,-258.7229954056063,470.1126158492164,2,-265.8557751497237,461.74872062879166
-259.68649144321955,470.71697073455556,-272.4227607986421,463.29280485009355,-259.5572481199487,470.6794976856471,2,-267.0178454114077,462.08966336175183
-260.63744865130576,471.3326804394038,-273.3810165862759,463.8958927511156,-260.6528457016959,471.19703277298703,2,-268.19829873296936,462.47164890931583
-261.5741531503796,471.95880771368263,-274.3242024147306,464.5187862743043,-261.5462208957067,471.82351037741756,2,-269.43955906809964,462.91502409189735
-262.5024816845111,472.61974822451765,-275.2495570553037,465.1629808916693,-262.54556914078165,472.5935047270127,2,-270.6302844467088,463.3803059893906
-263.410533244345,473.29541331544806,-276.1903006793307,465.82957572232147,-263.26129286426743,473.2152819927652,2,-271.8734813919941,463.9099601266846
-264.3229547551999,473.99698480002985,-277.1134575992244,466.5092985150689,-264.49745900437944,473.9700421558052,2,-273.0526768493841,464.45659896254307
-265.2239004703928,474.71347259293776,-278.0261439610838,467.19849950447116,-265.26407861033545,474.675434049491,1,-274.2248658256273,465.0404660052556
-266.1143074723167,475.437144481722,-278.94113659124406,467.9039888658869,-266.2062094687241,475.41729568909227,1,-275.44814734908897,465.68719356553936
-267.00502592165435,476.1788551463089,-279.853629962558,468.6213880602004,-266.76783812191866,476.0116568733685,1,-276.59540070273624,466.33641046964
-267.88701001409447,476.92742249983445,-280.76128421465313,469.35241600202846,-267.83145458934115,476.912063138847,1,-277.7932045584346,467.0444577983282
-268.76480698851407,477.69381628433905,-281.66354865772894,470.09233446017504,-268.7411758278222,477.5685974632282,1,-278.9107883502175,467.7447635511832
-269.6384567946975,478.47003605912795,-282.56195890734693,470.8457397816957,-269.53348976097527,478.3375185819938,0,-280.0139405825823,468.4668988149416
-270.51015373228495,479.2575281124918,-283.4596377309112,471.6077389048202,-270.4284239700236,479.2953810455191,0,-281.1694586815802,469.24436649345597
-271.3826268365954,480.05084847079996,-284.3490989504752,472.37116458341524,-271.45554049877484,479.9505467287886,0,-282.23704611312735,470.0000495494834
-272.2418960052997,480.8443333862091,-285.23883675145913,473.13488660244144,-272.2912131764573,480.69761170022593,0,-283.291028610525,470.76731549032286
-273.0973498249426,481.6404483468344,-286.1231035835714,473.9035255629405,-273.1244451766054,481.61221091816867,0,-284.4028493517347,471.58336628977077
-273.94670380002196,482.4364216093382,-287.00959920167514,474.6752454911511,-273.90835999743484,482.28065604347404,0,-285.42920154409364,472.36672635004845
-274.7949398206569,483.23553643191644,-287.8832427974435,475.4451633789209,-274.6750125672797,483.1373374799929,0,-286.5153236988194,473.1992614638213
-275.6385771890688,484.0343227104444,-288.76029174555424,476.21987611053265,-275.4007816239277,483.95240837235417,0,-287.5116536461873,473.99591727141944
-276.4754136638953,484.8331622286748,-289.63342904291596,476.987394720327,-276.5158399744702,484.68178976749516,0,-288.49802290338596,474.7989796498314
-277.3131686420848,485.628647091805,-290.49285114848374,477.7508442889294,-277.2082554253368,485.34894359958747,0,-289.5484605851532,475.64985015270685
-278.1415225384187,486.42495974369916,-291.3474970293694,478.50832108559945,-277.9259853982706,486.41530931488194,0,-290.5107461255536,476.4530410625724
-278.9632731115864,487.22205522129707,-292.19936681692934,479.2610271460405,-279.06568054266995,487.1220618458418,0,-291.5384390827584,477.2989090611146
-279.77649613716255,488.00528532135644,-293.0487719404166,480.01078200648766,-279.7822733394086,488.0682754878628,0,-292.4740844539483,478.0908670476068
-280.58315203532067,488.78176424515016,-293.8882037447151,480.7469372377735,-280.41296007869187,488.64488901466257,0,-293.40215342286797,478.8761265032448
-281.3842739616462,489.5451289164507,-294.7245422063903,481.47232853136586,-281.3241323881806,489.42943813436773,0,-294.39764892487915,479.6971167852981
-282.18344634750565,490.29838298718323,-295.5522853893674,482.18050105849284,-282.16257285029417,490.19762942840094,1,-295.30060684527285,480.45593459573234
-282.9703262014802,491.02973251200905,-296.3697765971913,482.8707148744064,-282.9189286462176,491.0015557194572,1,-296.1969614037035,481.201172929231
-283.75001916861527,491.7393554885853,-297.183747148918,483.54243542691296,-283.72214748558895,491.5671566324837,0,-297.16432682575225,481.97378640309915
-284.5286012204049,492.43162972780044,-297.99346765446603,484.1969346015608,-284.5152963256183,492.3475222143031,0,-298.04162567695937,482.67932920812603
-285.2941892329573,493.1025221561657,-298.805042247007,484.82594133418735,-284.9774963082843,493.084959155281,0,-298.9944858918447,483.4061108593693
-286.06619375998577,493.75139798793776,-299.604264389629,485.42956442221913,-286.05951816766003,493.5547644498832,0,-299.85721404388767,484.0656405739511
-286.8325106729274,494.37842248613924,-300.39660291097834,486.0049520382519,-286.85635960611734,494.4058972493118,0,-300.7199945238265,484.70248189031895
-287.5898814412143,494.97505148979644,-301.18111958099746,486.5570722288063,-287.3904214059803,494.97486439144325,0,-301.6615318824433,485.35300230529896
-288.3474275114793,495.55748421687997,-301.95829329436003,487.0855793209871,-288.4843718224785,494.91405073458475,1,-302.50953346359097,485.9360333183965
-289.0978162457395,496.11161233281257,-302.7280745712039,487.587416768048,-289.0737221737507,496.08624157116526,1,-303.4344796490538,486.52818743294756
-289.8389545898993,496.63681679337225,-303.4824354957453,488.062031721427,-289.78565199461235,496.6230159050935,1,-304.2611436809259,487.0548687767121
-290.5714182773882,497.1375530901305,-304.22625545362746,488.5163109421774,-290.5007774846308,497.10347616239477,1,-305.08229558581326,487.55557138558396
-291.2807620851927,497.60375936953125,-304.9551629519415,488.9538179932232,-291.02944686556066,497.4097250966906,1,-305.97647721145887,488.0600879826363
-291.98673986956373,498.06405445270866,-305.67677928120185,489.3676893048212,-291.90185738036996,497.90000122253525,1,-306.76548281441103,488.5057765148097
-292.6784649658358,498.49499779833934,-306.407172622302,489.759860597347,-292.6104044712332,498.24762173035265,1,-307.624842014049,488.95555440295095
-293.3802695623256,498.9110030054697,-307.1341513890389,490.1358636279496,-293.22909933466974,498.9675204957102,1,-308.38328834143726,489.3583512577464
-294.08435753763246,499.3122454872,-307.8545168950616,490.47878405883324,-293.7949339426015,499.20850370010857,1,-309.13735596399795,489.74298599907706
-294.774482908884,499.66568817930437,-308.5820342176202,490.79058829561353,-294.5296776475735,499.3021370103196,1,-309.9693123429018,490.1291965372897
-295.48236616602264,500.00762344220146,-309.30328181293714,491.06300504591826,-295.50817003859646,499.78137562336275,1,-310.7081834186711,490.4664456262109
-296.17375734417345,500.2881007095902,-310.02047157262274,491.30075475956687,-296.13532845446656,500.05328982459463,1,-311.53314158878715,490.8007022915083
-296.87789952731595,500.55844693014427,-310.7355451228533,491.5066939725573,-296.7914529666061,500.4638768445658,1,-312.2682769854396,491.0866010276168
-297.5960793503345,500.8020541356394,-311.4679658014207,491.6844183718042,-297.4236851145275,500.7899995424536,2,-313.01090989028614,491.3491890121427
-298.29252617170243,500.9730585856551,-312.20526194111727,491.8406765803446,-298.06717394571575,500.86307743878035,2,-313.84610302366116,491.60982770332095
-299.0220703087207,501.16461935792677,-312.94167312420166,491.9680541321234,-298.97837715124064,501.0573513933582,2,-314.591094272847,491.8308408368214
-299.7276760653304,501.2846687676035,-313.6898950233319,492.0561271675274,-299.4765399489893,501.18064541563393,2,-315.4285991572849,492.0479374924614
-300.475530342188,501.41558299371655,-314.44369883140854,492.11264033978546,-300.3485872587907,501.1506372688819,2,-316.17547013120725,492.223632479782
-301.2295444077963,501.5150938880911,-315.20261750457826,492.1424236108429,-301.1515024123383,501.0777235360142,2,-316.9337306372158,492.3768245904441
-301.95558072230017,501.5492744573008,-315.957812997213,492.13926720403964,-301.9749964541486,501.3946807154505,1,-317.7889744186404,492.5193325854473
-302.70006287165666,501.59389458349676,-316.7152884336283,492.0927082865355,-302.57776798225353,501.3863308166619,1,-318.54924959362796,492.61279108636603
-303.411782463128,501.5503927230065,-317.4415678656017,492.0139963429051,-303.2698012528355,501.3669424959253,1,-319.40164852592375,492.6855760245397
-304.1427843613041,501.50912797159793,-318.18885911680127,491.9136592054981,-303.3297317512242,501.4887373945463,1,-320.15983289400015,492.70920689681515
-304.86710740577905,501.44476709690304,-318.9147100986772,491.78398109590484,-304.72738417913087,501.3610760255574,1,-320.92259476026516,492.6998768215569
-305.5678792620815,501.31127513910116,-319.6358931493641,491.6170397938851,-305.45110228055825,501.2099322820721,1,-321.7751972271371,492.6638532647457
-306.2884549195096,501.17708346087977,-320.3500392136575,491.4333443080025,-306.0028074125897,500.9538984682508,1,-322.52294632281973,492.5829896747398
-306.98505875345256,500.9966059481567,-321.0619583258826,491.2389247904317,-306.96980625287864,500.9641120139941,1,-323.3653350528374,492.4768261182115
-307.69610084962017,500.82917804521463,-321.77665840899044,491.02292778118976,-307.5842057432632,500.6082389958953,1,-324.09600379859177,492.3342445080073
-308.4043488817699,500.6403086717545,-322.4873949176201,490.78644479549416,-308.35866742648636,500.689133754346,1,-324.81774112554416,492.16457517467666
-309.09845781839016,500.4183707425935,-323.1905747039721,490.5373307650539,-308.95298417136104,500.49080071991983,2,-325.62024174053767,491.9684533166477
-309.7962896672704,500.19196405005493,-323.88943902623356,490.27934040923355,-309.4319813550939,499.8389752766893,2,-326.30886555060926,491.74518727641873
-310.4935803581857,499.95318453095285,-324.59088630495097,490.0022981481772,-310.3796937344855,499.7717107301925,2,-326.9894972849709,491.4988047948052
-311.18597389208315,499.69332310412864,-325.28820209914926,489.71717803595595,-311.15708155554444,499.3081429227772,2,-327.74545218608637,491.2269184308645
-311.8791140192043,499.42428229287555,-325.97947483641605,489.41182891219614,-311.79724357040686,499.2709017400986,2,-328.39005129845367,490.9386886259629
-312.57164234944355,499.13821189862006,-326.6746257898834,489.0942951700635,-312.1113898019476,499.0416631861749,2,-329.112318125343,490.6225550716447
-313.26150260518847,498.8453858052717,-327.3588125075727,488.7653616789877,-313.1394306661122,498.72944678348216,2,-329.72990455310793,490.294973437106
-313.94961169330463,498.543200136119,-328.03508033965267,488.418982577467,-313.8423764304412,498.35083603644506,2,-330.34296288678735,489.9493125572979
-314.620994393592,498.20679805926017,-328.701532674076,488.05058797221784,-314.419953400006,498.0204519722276,2,-331.03015148286534,489.5697810104297
-315.2944853386956,497.8699473691301,-329.3525845607425,487.65919447396794,-315.13827904360704,497.6866327407168,2,-331.61977675099564,489.18121473916733
-315.936000326246,497.4875645449585,-329.9947755228247,487.2467438549308,-315.89853900974407,497.5871313360563,2,-332.2881785537761,488.7534677382005
-316.5815055330532,497.10618853899973,-330.61925983753457,486.81234699556967,-316.51464248396644,496.987141786418,2,-332.8631794909661,488.3220123680509
-317.2185084797919,496.70584205297314,-331.2259994750527,486.3425008163466,-317.0021274070248,496.5583175177691,2,-333.4368022091068,487.8679618322137
-317.8129536301094,496.2372201622936,-331.8094650085081,485.84564802754295,-317.62569931757486,496.09559062878833,2,-334.08635718499147,487.36695411693506
-318.4137405442109,495.7804514512266,-332.3733808178272,485.3275439821072,-318.1623573713091,495.5449710581081,2,-334.6463438818147,486.8666216852516
-318.9636370260397,495.261632052677,-332.91268115447167,484.79219934735227,-318.8549105440956,495.119721121126,2,-335.2846532821919,486.31589833447737
-319.52100512847824,494.7681000879545,-333.4255469888696,484.23625418047607,-319.24627139320165,494.6241514586797,2,-335.8308617768443,485.76939018681594
-320.0453840435963,494.2518492047328,-333.9057106580346,483.6522631382105,-320.0194955734489,494.0965307023104,2,-336.36877262557766,485.1983732204706
-320.51616987308006,493.67402909348687,-334.35803143970674,483.0657521432226,-320.4525093726266,493.5056130184806,2,-336.97319204537285,484.5707149756931
-320.97993438396895,493.119567545418,-334.7813325828765,482.4653400563349,-320.93571470480606,493.0133562788804,2,-337.47592787437503,483.9548910881279
-321.39015318675223,492.5145995854654,-335.17636104103093,481.8578206648,-321.11043181832247,492.2701042585808,2,-338.04023752664557,483.2775070346413
-321.7897249422913,491.93897110371404,-335.5377149457057,481.2500542964755,-321.7394604343546,491.95318934108514,2,-338.49600215575754,482.6200346756772
-322.16352276534,491.358574275694,-335.8763026890763,480.6356812924744,-322.05435121720825,491.0509595593434,1,-338.93211032578614,481.9433608235492
-322.49907885026863,490.7475168673854,-336.1966470178431,480.0121615356871,-322.4988888117494,490.56879568919476,1,-339.4209297878537,481.2032298430713
-322.8353563243265,490.15193229630586,-336.4985800581052,479.3804179550167,-322.89351465439205,489.9939723073473,2,-339.79855544349414,480.5000744269965
-323.1606806733361,489.5475669156383,-336.78080042528745,478.73150256260476,-323.00395424399215,489.228921647757,2,-340.15205250578936,479.78793283857556
-323.46332901287343,488.91907601972923,-337.044397384486,478.0747652042439,-323.35665312434,488.7184793446305,2,-340.54948267983735,479.0187741246687
-323.7640424443886,488.29757666890487,-337.287245225365,477.40203298219615,-323.7314358981259,488.14054587400284,1,-340.8355417368677,478.29937171912024
-324.03139310483897,487.64850801799656,-337.5111090263072,476.720326078723,-323.99506546487856,487.6456081899406,1,-341.1602514380164,477.5211125138834
-324.29140713299586,487.0054492893401,-337.72149721252356,476.033793848167,-324.2260345391284,486.96087042764765,1,-341.3823353473772,476.79610931515657
-324.5385297107926,486.36039664645034,-337.9166687296833,475.3378783253911,-324.46568286380904,485.9903844373002,1,-341.58358286808937,476.0648023759423
-324.7463192558794,485.68139637527344,-338.0892195207141,474.642414146454,-324.57221045943277,485.65811300013866,1,-341.8207012728079,475.2731109737411
-324.94125659697846,485.0134013643846,-338.23801841893595,473.9336478940451,-324.8857278746491,484.79236344965767,2,-341.9630403353672,474.537269400079
-325.1159046426068,484.34354393014746,-338.3639852043956,473.22399312742937,-324.9226138020067,484.2943117066814,2,-342.08563574255294,473.79420775024175
-325.25470329635476,483.6432876033197,-338.4664931960589,472.51107395867984,-324.9893509253198,483.446515228319,2,-342.2401470085944,472.9866994135226
-325.3849870496921,482.96473976472646,-338.5443364788319,471.7941335062218,-325.2643264854068,482.8080078310463,2,-342.30847816063545,472.24099348227514
-325.47199833408587,482.2409194836352,-338.5965876421267,471.06774770709575,-325.5600541245493,482.25497905638383,2,-342.4079939594598,471.4318836773299
-325.5532083543628,481.5383929748781,-338.63464797398564,470.3466278475098,-325.4160123937056,481.3060943535317,2,-342.42830732443076,470.688663527221
-325.620513338043,480.8363379201593,-338.64713780635907,469.6243639337679,-325.19613975713185,480.60479117601494,2,-342.42919967840487,469.9423041872298
-325.64236530569826,480.10430272902414,-338.63449272142617,468.89889972580255,-325.67752670327627,480.12097669245713,2,-342.4516214263658,469.13074327664526
-325.65430806959097,479.39332733454984,-338.59293049292285,468.16106235172475,-325.41160240150083,479.2721055864558,1,-342.3997385439686,468.38514893903414
-325.63900633023826,478.67054089929417,-338.5293647828077,467.4170746763105,-325.3747257628974,478.7095154873613,1,-342.3314121626093,467.63732402622645
-325.5848520911128,477.91816333111944,-338.4404258996721,466.67461876493024,-325.48189035272406,477.8148578036941,1,-342.2808403080622,466.82773045591614
-325.52201063249436,477.18392554763983,-338.32904403771056,465.91916371433683,-325.3335116188728,477.19867035082075,1,-342.16387829850004,466.08754025120174
-325.4296784279303,476.4275125902399,-338.19910280549107,465.1570239038319,-325.16354697050355,476.04256932147314,2,-342.06412320488175,465.2825323827812
-325.33329340727215,475.6813419961263,-338.05064152952554,464.38936258903885,-325.23701886099167,475.67414634051454,2,-341.8993701402267,464.5451769355364
-325.2110359091014,474.92896787788396,-337.8902626765471,463.61965198671334,-325.20861510031483,474.9374413615194,2,-341.71580817462495,463.80408892599814
-325.06644974902275,474.162285035008,-337.7180630855869,462.84882822928523,-324.8275091907602,474.1125626117452,2,-341.54130763902685,462.99715821710004
-324.9136744135281,473.3940341455806,-337.528731463519,462.06797789542,-324.91973786604564,473.30878151927146,2,-341.30960364538794,462.2559507260153
-324.7474453263702,472.617199078946,-337.32627945144856,461.2814072396157,-324.64942236078423,472.45166110639764,2,-341.05843253488445,461.50938959298884
-324.56716552786406,471.8309510875637,-337.1146621183148,460.4903524106087,-324.56403322139613,471.8823531791962,2,-340.8085516495379,460.69633669967305
-324.38060792300695,471.0401618488497,-336.891214497074,459.69190183918755,-324.28748504301024,470.8943813363682,2,-340.5126047285213,459.94885988723416
-324.1784141055695,470.23761819152367,-336.6540091432925,458.88767909365856,-324.17924212008654,470.1198525105145,2,-340.21381074803367,459.1341924863569
-323.96245068004384,469.4279920202234,-336.40534211565324,458.07494038819397,-324.0379933084441,469.41030531548904,2,-339.87726528832127,458.3822690034153
-323.7346099203091,468.6127872486071,-336.1493086711987,457.254279116681,-323.46444959684885,468.47351536886134,2,-339.52935321452685,457.62184765222617
-323.49851992022457,467.78801306367063,-335.89170396898,456.4265025190157,-323.3920882299769,467.66774081644303,2,-339.1791086856466,456.79081550364907
-323.2606620518146,466.9563801360007,-335.63650059119647,455.5947048234574,-323.1325553345953,466.7240283619764,2,-338.8055332811475,456.0196694003031
-323.0197210345601,466.12064701076747,-335.3710971859917,454.7513163094435,-322.95598647860373,466.0986931692141,3,-336.57072844376273,456.53605095032145
-322.76907344349604,465.2660484532714,-335.1041494635104,453.9035477436577,-322.7432700026578,465.20073029358673,3,-334.83899732724495,456.66536131450323
-322.51776929941855,464.40319911961797,-334.8342190020791,453.04512182388925,-322.37708085853575,464.34581180488243,3,-333.43399361782605,456.63189193540455
-322.26720855242274,463.5314250507366,-334.55973484651605,452.17984673370614,-322.3802291603223,463.3830226551356,3,-332.23980668922997,456.3978684881572
-322.0141832717231,462.65265090746914,-334.2785753179921,451.30570639311827,-321.99884247681905,462.5906160582104,3,-331.21465454951425,456.1048039298846
-321.7570918665321,461.76671231454964,-333.9944007412467,450.42415996156694,-321.4960854354383,462.05217850984116,2,-331.1256591216992,455.1421381097999
-321.49254767305933,460.86998030254676,-333.7119989763268,449.5342763101381,-321.41532754528026,460.9055966997019,2,-331.02410035051867,454.0780897622011
-321.2266512015882,459.96374783200304,-333.42678641886243,448.6362167346321,-321.19700251185026,459.8421351909888,2,-330.9697483852929,453.0212235728824
-320.95721196541376,459.045650359184,-333.1303680777365,447.72453175154254,-320.66006295223775,458.9483061739407,2,-330.9186068232428,451.92740807228864
-320.6834811913984,458.12741602080064,-332.8312299255989,446.8143402980638,-320.50605058395735,458.03667334528654,2,-330.84191737671324,450.7432672388097
-320.40561495142265,457.19648836043376,-332.5270239482154,445.89074020623855,-320.2484375960199,457.0038176428853,2,-330.78979474695507,449.5973581352324
-320.12519065768504,456.25759974610963,-332.21836184491156,444.9607560854606,-319.8910006141613,456.21883585368687,2,-330.70601422012294,448.3696680968137
-319.8409922558536,455.3136019289391,-331.90471562885153,444.0222430487126,-319.7175955961119,455.2581373751538,2,-330.6336987689828,447.20027222455695
-319.5500239718633,454.3625515742741,-331.5913511683979,443.08425136127215,-319.4870055287695,454.2579732392221,2,-330.5449335638501,446.0263082734895
-319.25769882442023,453.40380515728367,-331.2717303190982,442.1383300319328,-319.07601600786415,453.3550075320364,2,-330.4191956200504,444.778056133093
-318.963375423969,452.445208106628,-330.955821362254,441.19322103096937,-319.00801934863773,452.32549584978943,2,-330.29678077152545,443.60865123587655
-318.66907104793825,451.48281213638444,-330.6319294609955,440.2405646584025,-318.3270713086193,451.29551605967526,2,-330.1532983875817,442.4416263813349
-318.3748804063687,450.51794996250385,-330.308909409401,439.28679461794485,-318.46760246341114,450.5199616357965,3,-328.60343988884466,442.3082898229748
-318.0763006317152,449.5497275596803,-329.9842079647133,438.3353564034811,-317.82886795219594,449.49173976336874,3,-327.3461608976524,442.0265520275119
-317.77651490370334,448.58213313580734,-329.65587862031396,437.3856664600738,-317.5343736579945,448.47703944959346,3,-326.2528894640537,441.53745314994785
-317.4683256068862,447.61564542630924,-329.32600818626213,436.4378113539894,-317.2445013473413,447.5129936466451,3,-325.339363962089,441.0181638200626
-317.15666950545733,446.6423183357336,-328.9881731519165,435.47494504545364,-317.2513687472296,446.38354903039544,1,-325.28235138943563,439.8099898508169
-316.8416154641426,445.6691415175992,-328.6561364916758,434.515955968144,-316.803356062452,445.68592256609065,1,-325.2096586482603,438.4962590304229
-316.53414634902765,444.6993429286897,-328.32798779714375,433.5568398463893,-316.4876087815479,444.3483776985193,1,-325.1894277353024,437.236723598505
-316.23088636457385,443.72788376046674,-328.0052422255807,432.59907690760735,-316.25632670978393,443.68272140948216,1,-325.17189067048025,435.96179866116853
-315.93274536662653,442.75276518227145,-327.68735105607925,431.6350267702917,-315.970358002675,442.7469624286772,1,-325.1248783167049,434.59269907630653
-315.64161871704897,441.7748935260744,-327.36500841897765,430.6680447580416,-315.73150397926213,441.54765696541403,2,-325.10187529574546,433.30912513803315
-315.3503906693211,440.79687063407573,-327.05066786941444,429.7048524594661,-315.26153802440507,440.77712963121473,2,-325.039954729713,431.94100396453774
-315.0661729061372,439.8175729542433,-326.7460386930893,428.74517853247573,-314.80332126008403,439.67060175455055,2,-324.99391276784434,430.6776690405772
-314.78925050596786,438.8401171913941,-326.44296558932615,427.77587459314464,-314.2803457532675,438.64469309999834,2,-324.9299734924906,429.4261374265019
-314.5158520000403,437.85867122614286,-326.15213514093807,426.80549551636,-314.4998826298417,437.8591242689914,1,-324.82607738273043,428.09666084972383
-314.25405402824333,436.87764138421545,-325.8677145897768,425.8254890394945,-313.9943532814976,436.79560284052417,1,-324.7306425615412,426.8853680017628
-314.00189913560047,435.8885191689389,-325.5896189391313,424.84726072094696,-313.736972698625,435.88139945242114,1,-324.6162275075738,425.69065671096155
-313.75513077845324,434.9022397190746,-325.32024608954157,423.8665800398184,-313.6590084821104,434.95064902623324,1,-324.46310928189945,424.41739819118544
-313.52137326611904,433.91427903070934,-325.0579598737133,422.87909205173696,-313.42658054160955,433.7398014654139,1,-324.3205340876845,423.2665324567261
-313.29284565461415,432.9192106003886,-324.8094727417587,421.89672610301665,-313.37363884658015,432.87792832493494,1,-324.1447077370751,422.034642423615
-313.08048500667263,431.9313935118273,-324.5796811492432,420.91200803513766,-313.04460105047264,431.8403229733516,1,-323.9830399158947,420.92464478953514
-312.88281751301986,430.94415193506717,-324.3675511171001,419.92903951706774,-312.88106272462164,430.9629811110705,1,-323.81207131945547,419.8260592434898
-312.69787287738995,429.95271479690933,-324.17461323362795,418.94708357076905,-312.4019346537048,429.8253385327886,1,-323.61058728423296,418.6413682398452
-312.53042886441335,428.95957398073244,-323.9919296155882,417.96357143141876,-312.46610938214656,428.8755410358884,1,-323.42627105158857,417.5774656404609
-312.37920121162574,427.9646896400412,-323.8200077371817,416.9783579584482,-312.01005021292116,427.912654649454,1,-323.2362615836829,416.5237650690289
-312.23520173840626,426.96447578755703,-323.65480471077024,415.9855189965039,-312.3634411605513,427.0545766988684,1,-323.02038123171934,415.38345081177783
-312.10529604317827,425.96541765167217,-323.50550633245143,414.99136470672556,-312.11071158532826,425.6502891066,1,-322.83560271793397,414.3624877662219
-311.9927764155434,424.9697071114632,-323.3727224972811,413.9941373044567,-311.8710119976883,424.96631748682654,1,-322.6556076983471,413.34661107872853
-311.89009182784554,423.9659171693454,-323.25879954500687,412.99752187061114,-311.8895016727183,424.1853093846201,1,-322.4557748845168,412.2390961181678
-311.81008704582666,422.96646923552345,-323.1594509537733,411.98893668488074,-311.68666859906574,422.866578131967,1,-322.2900952975028,411.2433457505909
-311.74071728962457,421.95985256599715,-323.0666832254604,410.9728250962767,-311.5550561250685,421.88565610640654,0,-322.1041554218081,410.153225669479
-311.68642586248484,420.95749795688033,-322.98930898480063,409.966072506319,-311.3297475590859,420.9043640625555,0,-321.9555196105971,409.1737702729486
-311.6421156333527,419.95820806130854,-322.92762531046685,408.96280083072264,-311.44792515335763,419.90526452630576,0,-321.8175239613793,408.19360312188115
-311.6107381609434,418.95306123153034,-322.87895736841006,407.96041992935,-311.6289334957962,418.9597210219688,3,-320.4601717536297,408.5428749096383
-311.5986318875286,417.9525750804781,-322.8426173554563,406.96308997751527,-311.75431960391046,418.0900804354552,3,-319.4665368774658,408.6286389638757
-311.5906537528145,416.9460617220681,-322.815014798232,405.95750448962036,-311.7433753357248,416.99106096443495,3,-318.63143031127015,408.3960084431001
-311.5978649311778,415.9403639540966,-322.8030831655729,404.9486757029341,-311.71795734148856,415.9473941497825,3,-317.9803045446672,408.080515350597
-311.6218125716879,414.92745498170984,-322.8049208755734,403.9511943966509,-311.44931228554634,414.859122545863,3,-317.41185876390955,407.63602369359086
-311.6545766949048,413.9320845227233,-322.80974644741855,402.9475921940047,-311.62412470554636,414.0152920227437,2,-317.4129214979203,406.376976618563
-311.69756385898035,412.93273676139165,-322.8303980696183,401.9405062456477,-311.6175248794382,412.89967714150396,2,-317.5215375775003,405.167535958149
-311.7545459251357,411.93412082651304,-322.86466474276597,400.93515114835657,-311.83292608582167,412.0128384912646,2,-317.6829384116733,403.93238974554
-311.81693716810844,410.9330585064982,-322.90972168237244,399.92922002242085,-311.7282842041109,410.80616013550986,2,-317.8602921293807,402.5916333669566
-311.8946168955915,409.9343770386178,-322.97154238007784,398.9137607880075,-311.76708513109025,409.91550453816836,1,-318.116713130619,401.3296326281065
-311.9826165538381,408.93174905422353,-323.0419992418164,397.9028933029713,-311.90487727258295,408.8914709023837,1,-318.3820761396487,399.9727049998284
-312.08201527214567,407.9292700485305,-323.1235870189988,396.8954290852079,-312.12656399819195,407.78109374626075,1,-318.701072499243,398.71499101314794
-312.19489220060007,406.9317214861461,-323.2136669606691,395.88798735102824,-312.1011089497986,406.7902929928403,1,-319.03478999407423,397.4625020630758
-312.3143572411192,405.9368375104199,-323.3133963300124,394.88633640681064,-312.200673455425,406.00189211163956,1,-319.3661193226624,396.1247757460798
-312.4450169325855,404.94357051257225,-323.42477093561905,393.8856040176506,-312.5762157977594,405.03192101906825,1,-319.7251702147118,394.90326995717584
-312.5856724935795,403.95149326580287,-323.5423312704408,392.88400295488066,-312.30253084798983,403.87238227406397,1,-320.08562827947304,393.6940659966373
-312.73270386618407,402.964244547092,-323.66870149670945,391.8888659676424,-312.61577191488334,402.9190678217634,1,-320.43822820079106,392.4012627218277
-312.8896080160926,401.98232867419523,-323.8064809621238,390.9021098252028,-312.712404155987,401.8880980243941,0,-320.7985654132434,391.2330768056638
-313.0606962097784,401.0043693598226,-323.9475050638439,389.9205376708915,-313.2100768092195,401.0429182748968,0,-321.14982937413856,389.9822836617472
-313.23406431640103,400.02996613387484,-324.094184945876,388.92656665405775,-313.32465105774685,400.1050443633234,0,-321.49926681075476,388.8564814969774
-313.411312538124,399.05958631355327,-324.2491870031953,387.93364611668915,-312.96612478111234,399.08892123391774,0,-321.8416682545781,387.74255709037146
-313.59694269194387,398.0925089896455,-324.41517265519803,386.9663040105237,-313.5568202759682,398.04151598879736,0,-322.18028024836684,386.5448748879604
-313.79524852316456,397.1307435675038,-324.5839597136447,386.0041291913914,-313.8539141139435,397.00444070049883,0,-322.51018211748533,385.4759640265714
-313.9985124404113,396.17695274957856,-324.75930856906797,385.0693572536668,-313.9994330319156,396.1396533790419,0,-322.8322190409184,384.42363213468366
-314.2046888313313,395.2204502670822,-324.93337847676645,384.1550733938843,-314.0306939857464,395.3249159522232,1,-323.1546016041078,383.29063027353396
-314.41603796654766,394.2691413572945,-325.12044170949747,383.22411842157504,-314.3013372966723,394.1679655039066,1,-323.46722017820775,382.2855524858629
-314.63574690923167,393.3259845089496,-325.3164225416202,382.2819242559276,-314.5642867601356,393.2832096354596,1,-323.7833746894288,381.19188965570356
-314.8591975199288,392.3734193235622,-325.51318606454777,381.35771405277757,-314.6217970369679,392.45874145971266,1,-324.08735138799915,380.2203112631471
-315.07701176146116,391.4678968381977,-325.7166840824877,380.44075386940807,-315.24117708280465,391.4592778918342,1,-324.38636454136645,379.2545215611227
-315.2985807161314,390.55093425217785,-325.92334342573366,379.52575047295966,-315.21314319029483,390.62446359824247,2,-324.69199606443493,378.1954264607375
-315.52488283157743,389.64842015741175,-326.1330843708087,378.623739757853,-315.5703247462931,389.6720305133284,1,-324.9835195302197,377.2552326259705
-315.75542692463773,388.75741372283227,-326.34673642044817,377.73782435057683,-315.62178657435106,388.7626264418843,1,-325.27157384034336,376.32039308962874
-315.9899876763849,387.88426496973585,-326.5584898361095,376.8656813884844,-316.22598406361806,387.9204548247212,1,-325.56801501302635,375.2931992771634
-316.22624395281156,387.0327041989991,-326.7780191098487,376.02667961075684,-316.1440815182543,387.057937120867,1,-325.8486104816252,374.388070396521
-316.4679976216469,386.20302825527966,-326.9997137065745,375.2006009963119,-316.2236606242926,386.1382393922884,1,-326.14077073751804,373.39126925476666
-316.71259241546096,385.40630153061704,-327.21879984467864,374.41239673047176,-316.79255987944174,385.33253202218054,1,-326.4137023275854,372.5183835605841
-316.94975819460853,384.63465252542574,-327.4329955204576,373.651815789262,-316.7821147152671,384.6689525547949,2,-326.68048882432515,371.656309995131
-317.1825475298212,383.8780536876553,-327.646103460398,372.90059510888716,-316.65043783127027,383.7960432448922,2,-326.9568323550222,370.707057496469
-317.4097991666153,383.1499378063512,-327.85291085009356,372.1745597837403,-317.3029926520205,383.29444402400117,2,-327.2125749095135,369.88722560915096
-317.6361341034782,382.44714995319697,-328.05205793972317,371.4775468728927,-317.5863694005065,382.4587366278631,2,-327.46362159545083,369.082842893918
-317.85546925318926,381.7647821586546,-328.24780719276083,370.8029855036831,-317.57789980299174,381.72859230029565,1,-327.72751845093893,368.1983860467481
-318.0682234829315,381.09903343348486,-328.4390461297851,370.1319265185652,-318.1602878030485,381.19607647345316,1,-327.9726244996913,367.448970078304
-318.26796772552,380.4344221235541,-328.6234376079134,369.4628798589889,-318.2149138157505,380.32835217374736,3,-327.02231210202757,368.27972006214105
-318.4610315578083,379.7654245585558,-328.80518849082637,368.7954531873067,-318.20826765336517,379.7620789549815,3,-326.33524056514733,368.78955585806983
-318.6440941525935,379.09656734117146,-328.97974072032207,368.13673295766586,-318.6813575456688,379.06163039622544,3,-325.87050163550316,369.0274297532681
-318.82201143513,378.4375803733698,-329.1436981168719,367.48962654831837,-318.65279473374756,378.4812387405602,3,-325.50726264369797,369.0435114395316
-318.986487436201,377.78535338990673,-329.2972482068334,366.8393792398322,-319.1677225441908,377.6135788671991,3,-325.2682888465978,368.9930259119052
-319.14116098617995,377.13368878580064,-329.4309332033236,366.1871031377403,-318.98798216080706,377.230942665127,3,-325.0603448219892,368.8226137429809
-319.2766115466983,376.4855015110258,-329.5372866158621,365.52407678926096,-319.27439102415974,376.6172677673141,3,-324.92328945266087,368.64892822024
-319.399844685339,375.8419977459596,-329.6250030387136,364.87045720747483,-319.3911440736975,375.87739500465636,3,-324.8322622036453,368.4064476791906
-319.49634775206283,375.1838974437689,-329.68928157455,364.21554726176504,-319.06030949195866,375.13554327356553,3,-324.7427783123092,368.06024746517346
-319.5839281080875,374.5506952531733,-329.7284755285148,363.5673891550296,-319.697901740311,374.56161761957196,2,-325.1833887590624,367.12736054394344
-319.6223058016759,373.8972748366687,-329.7452638763716,362.9125409362789,-319.57139132247323,373.76117386083433,2,-325.67283279885896,366.10710068963465
-319.65583857509523,373.27260154829753,-329.7335240788003,362.2648414873601,-319.69486028086646,373.2418100047175,2,-326.18221230673623,365.13093369422563
-319.63002606066254,372.6153601951805,-329.6885992416203,361.6255223267188,-319.55400322958616,372.7964282249145,2,-326.72199428785393,364.08112739279375
-319.60323890077177,371.9928934150127,-329.61843409732455,360.993828300636,-319.32199582814224,371.9176052712622,2,-327.24187129148777,363.1010871544558
-319.5525134126339,371.3784563973583,-329.52235447682943,360.37134525924137,-319.77430938285886,371.33785864708216,2,-327.74363078141687,362.1302488467749
-319.44174773435856,370.73033696079307,-329.403754986525,359.7490177176992,-319.2219028755176,370.8509912869573,2,-328.24498115031406,361.1046847329638
-319.34048671872307,370.1208024140201,-329.2525059685857,359.124848762269,-318.99944309482726,370.1347491249855,2,-328.6727496866323,360.1759777850982
-319.169990071469,369.4770914819731,-329.06618091601933,358.5058314599937,-319.26122716648825,369.4275639188479,2,-329.08426099207446,359.20330452904244
-318.99862136220906,368.86799798444997,-328.8517291126489,357.888436322425,-318.82016033679474,368.9398752820513,3,-328.18259641850386,359.5651219591627
-318.794739880958,368.26099706918177,-328.618553910079,357.2827555568111,-318.8698161391206,368.3339782417486,3,-327.5072262125615,359.6946231359001
-318.54119444788125,367.6257417152178,-328.3520753704819,356.67122311624735,-318.5718773951684,367.64081524729835,2,-327.88199052603454,358.7291399553066
-318.2838305681752,367.03359694543377,-328.0506767575365,356.0723454383432,-318.1807539799289,367.07829148746225,2,-328.1832801694094,357.8383697018516
-317.96929390265774,366.4162088300143,-327.72401275405747,355.4949975831198,-317.90255984570155,366.4195630221342,2,-328.4656706333991,356.90162509735075
-317.6496478369162,365.8401258143661,-327.3678677717888,354.92630312409614,-317.4151599505277,365.82806861042786,3,-327.44491882619604,357.1112544295835
-317.3082271326173,365.27904848696534,-326.9831954413512,354.361313725203,-317.36855522191456,365.13718205813336,3,-326.6276641560841,357.1431254695483
-316.9174149146169,364.6964628703111,-326.5787958284167,353.8038684620522,-316.87379609811353,364.7051519268461,3,-325.9089747538977,357.0393962200269
-316.53013478908014,364.14828908839576,-326.1532244005736,353.25714432502093,-316.391304683223,364.21259361810803,3,-325.2281884465242,356.91550937240265
-316.10151835422056,363.5867478437577,-325.70857206093865,352.72093963618306,-316.2233926289083,363.50686819744556,2,-325.4360031044935,356.01269457488
-315.6615741174437,363.0492758112709,-325.24010212224465,352.19203679881036,-314.941021168425,363.01410621967136,2,-325.5868257434088,355.1523282273656
-315.1987170279402,362.51439874728084,-324.7504398648562,351.6627997046654,-314.8286551791125,362.6558401819606,2,-325.6861363830599,354.291602767601
-314.70151857432336,361.9685501141809,-324.2431430511268,351.1342411758507,-314.4421497116816,362.0444354863238,2,-325.7451141933448,353.3838494419408
-314.199487339637,361.43007444376826,-323.7218075823869,350.6007357918341,-314.307837497474,361.38824519801136,2,-325.7155380776739,352.54663886190707
-313.67869307029264,360.8838718110558,-323.1818198441354,350.0605717200128,-313.6614334151292,360.9113830657807,2,-325.6138069602962,351.72753752360546
-313.1452415245258,360.32978852353955,-322.6242897016561,349.5206676936532,-313.1560592167316,360.3871099846086,2,-325.4516188060861,350.87552000778834
-312.5975772858469,359.7782374841678,-322.0483444169533,348.9755753004221,-312.1746676963553,359.86014707535656,2,-325.1950377892876,350.10749507158016
-312.02347616065816,359.2128162166416,-321.45268081838213,348.4272509735745,-311.89884104304593,359.21135037322153,2,-324.87672573131977,349.3096851094145
-311.44063826559045,358.6549806018613,-320.83921996788337,347.8783853549243,-311.34668467885797,358.75570273876883,3,-322.9600595023134,349.7708595140848
-310.83595103433265,358.0876138940414,-320.21231093716466,347.3196387291683,-310.8089910723521,358.0707859219899,3,-321.3875193628739,349.98477000281713
-310.2186955567517,357.513774187551,-319.5799156830907,346.7532817969727,-310.2230183784455,357.58342565970014,3,-320.00093449571625,350.0281954795345
-309.5888035551722,356.92682755628476,-318.94003108458793,346.1662373729277,-309.61787776820677,356.80492653078295,3,-318.76620898457486,349.9843451772427
-308.95329116225935,356.3233885089704,-318.2976317876332,345.5638645714621,-308.885092203226,356.34623393673496,4,-317.6137638928025,349.8689497660317
-308.31276559230076,355.70195277802105,-317.64977013288615,344.9480866039113,-308.2887668402957,355.71547695062895,4,-316.48737293826906,349.6573072813497
-307.66311381613895,355.06543748780024,-316.9953366069816,344.31919562566435,-307.77286703958936,355.2104815516336,4,-315.4485861557145,349.4265438059602
-307.0051993387025,354.4206933531029,-316.3327964919309,343.6898879221645,-306.87591265624457,354.43825660914155,4,-314.4195841705587,349.1289736594107
-306.3360341809525,353.76655204243906,-315.65569666385653,343.0452911343052,-306.0717549435539,353.816266073444,3,-313.3554862868271,348.7603883585778
-305.6624833393007,353.1097093950207,-314.9686986175994,342.3860186699149,-305.34980046511214,353.02075857280613,3,-312.3648238339009,348.3611663545558
-304.9797078128685,352.4376006092318,-314.2782186660533,341.72262047610457,-304.8355735017153,352.4389956803958,3,-311.3549969211125,347.9013636041442
-304.28535276078844,351.7608763997603,-313.5756364299577,341.04432652311857,-304.5622588471231,351.9559525151329,3,-310.45691083627304,347.4424972981935
-303.59084963504176,351.07499715112874,-312.8689038862673,340.354353650572,-303.36024439652806,351.1216319823332,3,-309.53125635794316,346.9304314361309
-302.88621025424504,350.3763715272575,-312.1539608705207,339.6625351543192,-302.78123478889484,350.31375774670767,3,-308.5692005655634,346.34496375120847
-302.1801115135252,349.6710027365686,-311.4262923210168,338.95901201855196,-302.12449463101444,349.7126296794735,3,-307.69072039475867,345.7637043828315
-301.46995209861666,348.9580483778497,-310.7022104111606,338.24505911854067,-301.4414315095059,349.0554118751213,3,-306.8277248625,345.15387165413
-300.7531440730334,348.23452982645796,-309.9789658295515,337.5291912490679,-300.5470707418817,348.3988780594952,3,-305.8984089093459,344.48611218056135
-300.03278830543036,347.5004868090001,-309.24817705278986,336.8088736678828,-299.6762579857286,347.821110267903,5,-305.0391263422484,343.83657900268406
-299.3106560041345,346.76252726261134,-308.5168681460518,336.0802168631738,-299.26654494323344,346.7940386132785,5,-304.1502580994328,343.10053408766066
-298.58627742834835,346.01408938613935,-307.7775653703666,335.34373624692694,-298.4914131215507,345.95787149355533,5,-303.33990270990637,342.372124961162
-297.86480914082244,345.2649217124997,-307.0403671178113,334.6037189422643,-297.9173648438734,345.2818089099804,5,-302.54863717222753,341.62946793191617
-297.1378945642437,344.50491822594387,-306.3058841240609,333.8589529840824,-297.2203439189833,344.48557474932636,3,-301.701966951787,340.8230986699597
-296.4156812092739,343.74508576919396,-305.5707421853127,333.1125226091827,-296.3192965361298,343.8906639781232,5,-300.9244981249211,340.05741479263133
-295.6938004087623,342.978077012457,-304.83627861989754,332.3569753365002,-295.5156842827697,343.1772607241292,5,-300.1457064249111,339.27715383203997
-294.9761543337966,342.2044241334562,-304.1082962828498,331.596129453791,-294.866137804729,342.2063274055976,5,-299.31202431866984,338.41565182746865
-294.25985668483736,341.4210772968814,-303.38378084409476,330.82455071960294,-294.23659396713043,341.4544793981684,5,-298.56653944452336,337.5946438186501
-293.5495739112264,340.6344193955789,-302.6595042739056,330.04541364414234,-293.1755369784433,340.7511306932966,6,-297.7943276106993,336.76808327848687
-292.8447146646018,339.84286482295124,-301.93168260243306,329.2580570881619,-292.8088854813579,339.91602541342854,6,-296.986121841303,335.87275739129586
-292.1383959510463,339.04309070583275,-301.2238722767432,328.46509447558526,-291.8395628561094,338.9861574862247,6,-296.23898706591723,335.0154756368643
-291.4376189789222,338.23493993273263,-300.5116737405712,327.6662882436748,-291.5839449003716,338.157984321287,6,-295.4651429973565,334.0913681855516
-290.74938622508904,337.41749585035694,-299.82162455060296,326.86614215558757,-290.50113036606365,337.57749812829434,4,-294.7400616677818,333.2413831196829
-290.07668988341004,336.5936262668926,-299.14701263287753,326.0512919552007,-290.00824529200816,336.6256016294463,4,-294.03356794896416,332.37086244791277
-289.41048099683354,335.7528582946226,-298.4828730365445,325.21762149728886,-289.43562365911066,335.87611526065444,4,-293.26935169818955,331.4370164800489
-288.7732040431816,334.90731676136744,-297.835315029589,324.37320120820755,-288.52541750544634,335.0006986214398,4,-292.5646974055505,330.5609371192774
-288.1441102721417,334.0442050085497,-297.2285205934339,323.5288646339155,-288.0958802628248,333.9896746599909,7,-291.882586997286,329.66500150080014
-287.52618464141904,333.1672176391356,-296.6044480585857,322.65395478869715,-287.3691935928354,333.2776245764445,7,-291.1270148314415,328.7090487954653
-286.926697653251,332.28353976948813,-296.0082412165834,321.78705867724386,-286.9727528907671,332.2198700357125,7,-290.4758209386646,327.8042970122679
-286.33656546525185,331.38924739681045,-295.41386107185946,320.89002908390165,-286.3748720972999,331.36384911145683,7,-289.76134489223443,326.8281088828378
-285.76326797475843,330.4884906385331,-294.83037122657464,319.9986781586749,-285.72980258026894,330.746555008725,7,-289.1341628649411,325.94368222027134
-285.20138041582476,329.58522628310084,-294.2532969117292,319.0922016328486,-285.086713481648,329.6632722115557,3,-288.513216051872,325.0342405690784
-284.64126120164985,328.66781499083436,-293.68145433982727,318.174126977409,-284.3936286748214,328.89887184553515,3,-287.827683230152,324.0582315549895
-284.0946832054492,327.7429624651884,-293.11483174294705,317.23826605590244,-284.08553995953764,327.8945388296241,3,-287.2541906888382,323.1434130148542
-283.55685819052195,326.8081237282867,-292.55772870770045,316.2906265672353,-283.4711992724452,326.92421394545323,3,-286.6827390655114,322.21481132335407
-283.0240897328286,325.8611076545725,-292.0140783910016,315.34536096526233,-283.07959959464705,326.08586619801275,4,-286.0679666082837,321.21392365878586
-282.5037526742208,324.90830905707526,-291.4743535127325,314.38994736457073,-282.41280065174755,324.94297329433783,4,-285.53048683648444,320.2684951904479
-281.98597430539724,323.943036735772,-290.93813622950205,313.4110149077596,-281.84971446689593,324.1604349947436,4,-284.9332131204516,319.2545903374276
-281.4765280840939,322.97061986948313,-290.4139849297074,312.43831499306975,-281.49580284237874,323.0827685338379,4,-284.43345175578514,318.3052354163194
-280.9710539628796,321.98416812271597,-289.896264780232,311.4603521570827,-281.14632919171606,321.9284490657844,2,-284.1954694257573,316.93485555307643
-280.47201218288814,320.9912469677767,-289.37862382530466,310.4757863425313,-280.53081908744866,321.12488046877525,2,-283.941812550112,315.4364940569255
-279.97790281736064,319.9915103260815,-288.8729395734326,309.4867869717166,-279.9770204875145,319.9595901346348,2,-283.79705426057393,313.99986720378257
-279.48993000832735,318.98507525728803,-288.36782188455703,308.4932220196324,-279.3044318559835,319.070099211031,2,-283.6772151344113,312.54759072974
-279.0023743898788,317.975701185119,-287.8490721424596,307.4873483397373,-278.96527358213007,318.09314767042736,2,-283.5212425166456,310.99405954495387
-278.5114220091971,316.9641285501717,-287.336918989539,306.48580738550385,-278.60487229609305,317.03532760664126,3,-282.93085603657966,310.32798045152555
-278.0184064656843,315.94559459878997,-286.8263957207984,305.47628216079875,-278.0313676919439,315.8935105726454,3,-282.29905622953976,309.5074029596759
-277.5244152875144,314.922378968261,-286.31312331366473,304.45885611336735,-277.4530249498199,314.9796505243295,3,-281.7302576663214,308.747062460928
-277.02764607406664,313.8945212759242,-285.7993475032169,303.43258558422434,-277.0162299069559,313.9534348628022,3,-281.17671261459657,307.9454909786833
-276.5318035653671,312.86103440368714,-285.28314749879655,302.4063793058765,-276.50801705919844,312.7799203178824,3,-280.58008211834186,307.02224589633374
-276.0303221208304,311.8154335952167,-284.7688549419156,301.3706688055715,-276.05486117285466,311.9279951311998,3,-280.05239722303946,306.18170821435615
-275.53283307738553,310.77112459376343,-284.26948700939704,300.337696498316,-275.5312360659911,311.02291130222176,3,-279.4787524422976,305.2506719782362
-275.0352790110244,309.71924849758267,-283.7589238098483,299.29650114000486,-275.0498208672885,309.84956496028116,3,-278.9680426417854,304.37328070216716
-274.54036214404266,308.66101254397677,-283.24676665226747,298.24154608804383,-274.5037216014729,308.6960695010712,3,-278.4531138819884,303.4631139043166
-274.04159457453727,307.5930782086333,-282.73090332663554,297.1768528837465,-273.9881058217112,307.6022541663836,5,-277.886832635056,302.45326807406025
-273.53955657645764,306.518208733931,-282.20868143259827,296.113088432874,-273.40601760651043,306.8305990177548,5,-277.3726431804935,301.5374905275184
-273.02813262718814,305.43901727272674,-281.6788484032455,295.04365198226714,-273.04171718212484,305.71226765967276,5,-276.8702340468854,300.5956921292745
-272.508023548338,304.3559828967906,-281.15085616592694,293.9767601196859,-272.5304791558299,304.37899014414717,5,-276.3206799147193,299.53642148436165
-271.9881065707048,303.27432541545676,-280.61987040081294,292.90484598559584,-271.8186585600081,303.32599404023824,4,-275.81441972624566,298.5499376211247
-271.4618376203622,302.18337568521196,-280.0840793350626,291.8190618712731,-271.5884895538546,302.2659000747768,4,-275.2840689823945,297.4688753858352
-270.93651085978036,301.08562363279583,-279.5440361518172,290.72552465546346,-270.93639783645347,301.11743139270897,4,-274.7963542166759,296.45568676559583
-270.41083666877006,299.9774858378889,-279.00836516016824,289.6276684911061,-270.44211134761883,300.0971828900434,4,-274.3052229749689,295.4317851926822
-269.8862689338844,298.8673727928726,-278.4612907067728,288.5214415587058,-270.0466488976152,299.07374396412627,4,-273.77040818950906,294.3185916383885
-269.3579311439643,297.7510120099502,-277.90215416357086,287.40601300232225,-269.062143983066,297.9445990013238,5,-273.2468980689927,293.2774363232303
-268.82002829937176,296.6273727065167,-277.3367740471199,286.2868813673542,-268.76634106097885,296.7707782005944,5,-272.7380827738007,292.2143297316059
-268.272250653361,295.4974396968587,-276.7619527537989,285.1756713889238,-268.19844820811204,295.51837625502964,5,-272.1766684954807,291.0456692771969
-267.7141535780635,294.3721466875628,-276.1759439493549,284.0673271738303,-267.7446821599524,294.48964023243207,5,-271.6752923236814,289.96549945093324
-267.14704583785465,293.24912777501066,-275.578917474894,282.9593891493043,-267.07232905092826,293.27935108214587,5,-271.1164394042281,288.7827573796856
-266.57013580824,292.12712895205755,-274.9684959511807,281.8541452485485,-266.5300623554194,292.17880066844543,5,-270.6102073416448,287.68633430721275
-265.9787312262994,291.0039515926932,-274.3348745253044,280.7415344658084,-265.96216153567514,291.0997407059292,5,-270.09758838782307,286.5834414501032
-265.3725086180001,289.8841809152746,-273.70057706838037,279.6482354996439,-265.4061597849812,290.0611217521328,5,-269.53811079216257,285.3957321297094
-264.74907306920977,288.7655597148744,-273.04811991792513,278.5442751438601,-264.70410193280344,289.0945937112539,5,-269.01202035836434,284.30917531439576
-264.1113312511843,287.64850837977167,-272.3962114401958,277.45860178228554,-263.99340451679655,287.7803908620296,5,-268.4669890844672,283.19757147127933
-263.46725748547294,286.5389576284021,-271.7154039415725,276.35093472456333,-263.40390437937657,286.728729504024,5,-267.86975967474314,281.99646432439647
-262.82111771705087,285.42384320420314,-271.0373829050773,275.2565338781663,-262.69861660614157,285.7899563260089,5,-267.3017784942919,280.90377753811674
-262.15968527364333,284.30623596799103,-270.34572795905865,274.1512877895925,-262.19559859887704,284.29577583609415,5,-266.6863158281023,279.687062549166
-261.491066277408,283.1848691313919,-269.6441179671967,273.0547668385969,-260.8606145511998,283.5556140053848,2,-266.49723457434993,278.1679319977481
-260.80969204862197,282.0735203909533,-268.9355523115859,271.97090045502983,-260.6639696216315,282.08372638466176,2,-266.3094747508435,276.617978434765
-260.1187970800015,280.96632750843554,-268.225078685447,270.88956264364026,-259.83383890488875,281.1625926431136,2,-266.08110205224585,274.9412650303364
-259.43045385066114,279.86976056117476,-267.5044630826625,269.7991969048975,-259.3413433330973,279.9663656583942,2,-265.87638257487777,273.3660883417018
-258.73802869796214,278.76957422045194,-266.8025914577758,268.7106972298503,-258.186670715247,279.0280220598416,0,-265.6426025585633,271.79238401804025
-258.05405889147806,277.6599166461119,-266.08433385575375,267.6125926591671,-257.773994151298,278.09320082934624,3,-264.54354307189476,270.95335403445
-257.3606933980938,276.5480572688296,-265.37319061990456,266.5150415754266,-257.49164144273186,276.5439843613784,3,-263.5857985358936,270.11885107921074
-256.66376408287783,275.42694402367124,-264.65155451541574,265.4236668066943,-256.37358847185334,275.6312083676804,3,-262.5808563726204,269.16843712004595
-255.95661924531055,274.3095555677573,-263.92893022360124,264.32769805429825,-255.8195249380731,274.6800518425743,1,-262.2539056532579,267.6694909677195
-255.24489578429905,273.1877264395801,-263.1919499463764,263.22287522180517,-255.4077838729627,273.20495969763925,1,-261.90370223809765,266.16873578766064
-254.52456209394376,272.06852521965266,-262.463061308788,262.12382958101443,-253.7402675985281,272.5533947163014,1,-261.48606437266886,264.56432809794217
-253.81103897408818,270.94794243869467,-261.727942571519,261.01611750201073,-253.60402575007996,271.170944541535,1,-261.08670412709995,263.0903517537882
-253.09583186150664,269.82369776376754,-260.9975397540137,259.9109088353172,-252.51891657694014,267.9580479892359,1,-260.65406358217643,261.63354186623417
-252.3777865518597,268.6857869442378,-260.26795340881955,258.8041692347454,-252.16539149994358,268.85640459106105,0,-260.144128311452,260.0859736772176
-251.6577567070033,267.54476487624606,-259.52772062735966,257.692473669743,-251.48072838366704,267.613796493534,0,-259.6443068415348,258.68667729738775
-250.9275351891554,266.40164398499644,-258.78211644275103,256.58009908166235,-250.67900316520894,266.6387469108864,0,-259.0652132534037,257.20050820390765
-250.18961105730375,265.2579588342782,-258.02634391934936,255.46430292503297,-249.74327926067298,265.61555980311635,0,-258.50111337433515,255.86611069615066
-249.4455904075393,264.11342743277964,-257.27324540120065,254.34959281409738,-249.28619135002467,264.37317497996065,0,-257.9067293099569,254.55584123311883
-248.7006559703522,262.97203664270853,-256.5238222462556,253.2333488256283,-248.54833766495443,263.0342016742332,0,-257.2424317490113,253.15666807761386
-247.95674902264616,261.8257182573841,-255.7710799032137,252.1123259271467,-247.92598263113103,262.0163594373526,0,-256.60384054099615,251.90553664940063
-247.21476472038486,260.6757078219491,-255.00144508376744,250.98012413019686,-247.25258680320883,260.6297128401682,0,-255.93620494937562,250.67172177142615
-246.47367209043136,259.5278599846802,-254.23072984527,249.85148275667765,-246.3470974727358,259.8500801549758,0,-255.1933372441918,249.34453624202044
-245.72881644290766,258.3720255253641,-253.45931644680522,248.72096496934643,-245.68928450406275,258.30814346148924,1,-254.48221526467637,248.15873059151195
-244.9834567507542,257.2172138145126,-252.6929855583251,247.59043381850003,-244.96987987968595,257.30044158326723,1,-253.7539482247307,246.9850592712005
-244.2377374315534,256.05565766117434,-251.9304868229677,246.46003428091245,-244.23072757805448,255.95798770500397,2,-252.95758568967042,245.71413019622938
-243.49141560796917,254.89516487530273,-251.16943797076183,245.33245355894977,-243.27492688373061,254.8621030910736,2,-252.2032212532553,244.57785145453045
-242.74590865454167,253.731786568511,-250.40491889895065,244.19614996328124,-242.63570098895687,253.74909260561003,3,-250.32950171898725,244.59185505778782
-241.99145852907637,252.55571016974054,-249.63849462228094,243.05468349587318,-241.9381188994867,252.90611072914598,3,-248.7975387431381,244.42705136252667
-241.23228749695298,251.384150790993,-248.8741229860491,241.91253868150338,-241.05204273064214,251.36156953053776,3,-247.4201144168438,244.00684073851554
-240.46653539948852,250.20920831714525,-248.09993730958956,240.76359495363545,-240.4233065927311,250.1825333756204,3,-246.09773601344125,243.36716815918186
-239.69790230332538,249.02988411561398,-247.31770685850208,239.60686405282337,-239.67426789702174,248.9902005775228,3,-244.93544308378583,242.71987984912502
-238.9218054743136,247.84253446624058,-246.52807629713968,238.4444487520085,-238.83059372050673,247.77218210098448,3,-243.82311093559102,241.98585524759093
-238.1444373594167,246.64914420972178,-245.7419267338738,237.28105372838277,-238.11687667070478,246.70628230761963,3,-242.68455418477305,241.11879219530186
-237.35609004269924,245.44979020741448,-244.9509816501947,236.1139445406533,-237.2201275804155,245.50184158539875,3,-241.66038542909567,240.2853776543104
-236.57165045192176,244.24952992947001,-244.15017810357935,234.93540550684605,-236.60327160842817,244.32085884175362,3,-240.6019087052916,239.32334215644525
-235.78030462296988,243.04838613010355,-243.35304948634513,233.76073959431542,-235.77139808900242,242.52501174827586,3,-239.65550090359767,238.35663072966364
-234.98468329194523,241.84254661011508,-242.54817940002536,232.58254775364912,-234.98711977502506,241.99763022838397,4,-238.7300605590512,237.40564067634713
-234.18455505745334,240.63865227159926,-241.74686983721497,231.40957485385485,-234.16791052136443,240.49090803092977,4,-237.7431747653704,236.31128814509916
-233.3865316191847,239.4348972668688,-240.94653529669066,230.23321517276992,-233.12533798886452,239.4828536912213,4,-236.84627653501664,235.2904909606232
-232.58475110000887,238.2220674306042,-240.1418646950943,229.050577534767,-232.60815599874752,237.9846326990948,3,-235.98707801945662,234.21242470932427
-231.78067904351667,237.00650440507786,-239.33879066264507,227.87125726282503,-231.56932153458436,237.05753283962306,5,-235.04368546593702,233.0466826490147
-230.9744339718489,235.78666333559192,-238.52280593683483,226.67964782033664,-230.87003141877008,235.7449268839923,5,-234.21007995413484,231.93926279653576
-230.1557108098997,234.56178700616658,-237.69457592951525,225.4810280813271,-230.0642714063291,234.4142664403531,5,-233.30322750728195,230.71177367091443
-229.3317503896604,233.34472862495682,-236.8760421036566,224.29939982623964,-229.36479384132483,233.35024962689317,5,-232.5018327036043,229.57346715333682
-228.49811350787408,232.1223533766901,-236.04566883687042,223.1157256613223,-228.2574430975259,232.14233226367355,5,-231.68229277570225,228.41588687742714
-227.67683402382892,230.90956063990717,-235.21143262990748,221.92699753419882,-227.53171234422044,230.88839892338058,6,-230.80364898131276,227.14773619715507
-226.8486965760789,229.6881063574888,-234.37670979329783,220.74576096595632,-226.43227743751078,229.91197680310327,6,-229.99334724284924,225.9845706134866
-226.02085112372973,228.46904680366154,-233.54162553702318,219.56326776750134,-225.93810595262116,228.3176784269794,6,-229.2112532964123,224.77580660381065
-225.1863081912346,227.2494521361046,-232.6962660092349,218.37575633881403,-225.13900985812512,227.24803058933733,6,-228.3582127592983,223.47629558290652
-224.34976610860937,226.03043625620785,-231.85362538423175,217.19284170547607,-224.1612040047669,225.95933203535697,6,-227.5762275506623,222.26646704003576
-223.51488245732816,224.81949997039516,-231.01652185571552,216.01345508145556,-223.399790552324,224.71449974823074,5,-226.79624412346809,221.0456190960222
-222.6747225752168,223.60327642685283,-230.1722457344291,214.82834758613515,-222.60813445015282,223.41973504846527,5,-225.94273198952442,219.71548319746177
-221.8393471675608,222.39040412335146,-229.32378033596137,213.64478472371962,-221.8877131093143,222.4823439592747,5,-225.17549334094005,218.51050636318567
-220.9998948047322,221.17268499383187,-228.4839482963051,212.4593721188217,-221.18567618023584,221.06424787776447,5,-224.34032809756238,217.18462076998952
-220.1617358457427,219.9559300328985,-227.63424467549225,211.26812459207065,-220.0211317256047,219.86741590743358,5,-223.55136828483322,215.9665969640632
-219.32475394085134,218.7438957410036,-226.79384711355323,210.0905542665316,-219.27118823950832,218.6180738655078,4,-222.76253617575298,214.74122855472243
-218.48462670372416,217.52185688867178,-225.94755076360005,208.8991448447269,-218.4165196736684,217.59245776458314,4,-221.8938919325339,213.4272173615421
-217.6535822908661,216.3050750084845,-225.10559817682463,207.71873599766678,-217.61403960885247,216.26112499601786,4,-221.1019735339938,212.21421811059102
-216.82670857152124,215.09353992794547,-224.26716270773304,206.51775127382356,-216.64978794830537,215.20753749313258,4,-220.29102140608327,211.00919011006366
-216.00005424745999,213.87821690211618,-223.42653665152642,205.32046565766396,-215.9821103804784,213.89409633185699,5,-219.41536667220112,209.69083541625574
-215.17709226470998,212.66395579239602,-222.57928072004395,204.11612580369157,-214.99184276146897,212.5972355605056,4,-218.60154880792436,208.47747810494997
-214.35134513914147,211.44622289477985,-221.7516181883517,202.92307842640372,-214.40101951008882,211.342576038105,4,-217.73076013221657,207.156001778966
-213.53070165202232,210.2271408645079,-220.92813698292844,201.73239995969178,-213.3674674090113,210.22583335894154,4,-216.92205641942894,205.95744487382495
-212.71884533528416,209.01161676453754,-220.10567588808536,200.53988954196308,-212.78926965018655,209.06431918547193,4,-216.1278213914652,204.75807507032277
-211.90891537373088,207.7920463398366,-219.28370134622992,199.33917398573303,-211.9570906460081,207.7230924962717,3,-215.25303864245612,203.44109679612416
-211.10360596148803,206.5674954243989,-218.46813397179426,198.14400562523565,-210.97714821273175,206.60072033681985,3,-214.44415370486675,202.24870772329842
-210.30061635946103,205.3389521442357,-217.64731730508578,196.9408682594941,-210.22808284594635,205.35476490268198,3,-213.63693831157158,201.05024639721537
-209.49612265050624,204.10949771060837,-216.83378838832888,195.74382159320905,-209.50263199495993,203.8919798680018,3,-212.76264450255962,199.7264564041286
-208.69893321737226,202.8789495911585,-216.0241349734008,194.5479397661392,-208.58793953779804,202.92444539361082,5,-211.96454597710584,198.54024395981253
-207.9024553038961,201.64633268102668,-215.21553098507164,193.34661644037448,-207.92997862703703,201.68085099121092,3,-211.10529898120774,197.24313380534323
-207.1141847305,200.41214201268284,-214.40576849741367,192.138355337995,-206.96548082219442,200.44356262002918,3,-210.31470342033725,196.0603061601645
-206.33181543586764,199.17847033807976,-213.6064677576722,190.9324229445131,-206.29558105469627,199.13657530973444,3,-209.5329555145328,194.86483989717766
-205.55573326522077,197.94675516685214,-212.81131485672586,189.72221798484279,-205.62387462019458,197.89556043010785,4,-208.68714043338892,193.55904825609596
-204.78319671247934,196.7066429056782,-212.02384863156362,188.50587199543057,-204.65873641460422,196.69188960309674,4,-207.9084915526509,192.3699595125515
-204.01966150545448,195.46661455484764,-211.25005070750444,187.28516279981076,-204.07146915736752,195.31957351438788,4,-207.1429945149095,191.16269107899728
-203.26614774463164,194.22177179728848,-210.4844178041419,186.05331613573776,-203.16122836521532,194.18457686561354,6,-206.29111419310914,189.85412842139294
-202.52537744906738,192.96875015275353,-209.7281471433938,184.8132055617638,-202.6076618463916,192.93357947861242,6,-205.53849782780787,188.65795196482122
-201.7882408044147,191.7105259958057,-208.9828817426771,183.5672796260005,-201.73595860581344,191.72399543083895,6,-204.7725939023487,187.45539699209115
-201.05832151885244,190.44849679018378,-208.24036376159495,182.3139270270061,-201.0202511847627,190.51225467196494,6,-203.93499793703796,186.14331653871454
-200.33751852168473,189.183437486504,-207.50520610620964,181.0640321761942,-200.33016702333384,189.10533239314438,3,-203.18904514296185,184.9320306155333
-199.61945364125873,187.9101164590255,-206.78741499874386,179.81455362473622,-199.69228368807083,187.86766305743163,3,-202.3802331647925,183.60993611899374
-198.9218680397788,186.64167838215116,-206.07615143162033,178.55720764280392,-198.96410057443194,186.57555101118427,3,-201.65971008256872,182.39861407488522
-198.2271971156984,185.36990743367295,-205.35050994051235,177.26536452074413,-198.24601955161282,185.34915071421298,6,-200.94053241825486,181.17703150078552
-197.53256689594312,184.08970281373672,-204.65072486655748,176.0040372680569,-197.49896852809104,183.98547445978227,7,-200.15146332756564,179.83314342814137
-196.84285388438397,182.8059035533642,-203.94675281173312,174.7366726145433,-196.84520472958988,182.7702659780648,7,-199.4568742414637,178.60808764151218
-196.15734774740707,181.5206101316071,-203.24968511350798,173.47122294166084,-196.13460462555398,181.45489935941296,4,-198.76469144544672,177.37017285850854
-195.48579303362408,180.2462216393135,-202.558627792764,172.20590351837262,-195.4573185658714,180.3717321213687,4,-198.00752124995043,176.03534770367472
-194.81715424814317,178.96876039183974,-201.87126932311338,170.93571767729324,-194.75603510614235,179.09132444731753,4,-197.33683962049173,174.8161207796759
-194.15593925426526,177.68744032816653,-201.1896649090212,169.66446657214982,-194.26445267021134,177.74956827888212,6,-196.6186100171498,173.47644204114513
-193.49826090870815,176.3989570465077,-200.51166354836252,168.39091328104877,-193.52262962899428,176.15033299530137,6,-195.9828326411095,172.22609988618782
-192.85480013419965,175.10705172100438,-199.8335867717734,167.11701789434287,-192.94024934958333,174.75957273248446,6,-195.35390317911194,170.9605660532975
-192.21215935358143,173.81092425030545,-199.16051892322224,165.84075584413438,-192.26904870685505,173.8676601019177,4,-194.65805765379645,169.61519655416575
-191.58032084354258,172.51525503411165,-198.49632611388648,164.57041341400617,-191.4746602784318,172.60793176886057,4,-194.03215486581712,168.3889439877055
-190.94518439833448,171.21837657813694,-197.82880983242165,163.2917678992782,-190.90417817976825,171.2163564203061,4,-193.41313347374404,167.1448863617898
-190.3202369437037,169.92488544855408,-197.15625724785963,162.00294153571144,-190.2794480735513,169.9470867716151,7,-192.73117177422438,165.78713723162372
-189.69251912907586,168.6248037188323,-196.4934259437721,160.72196948139887,-189.70851256527487,168.46100040936403,6,-192.13243973769013,164.53073923791146
-189.0609034491522,167.32294468117564,-195.8224311435514,159.4286106840459,-189.07341755818734,167.28527102207013,6,-191.46896459920904,163.1692193251802
-188.43220730941968,166.0168625662308,-195.15949586472814,158.1340650988202,-188.43015345781274,165.96560786239323,6,-190.8783253091915,161.9225378477052
-187.81062490017612,164.7085781357226,-194.50578278754966,156.83243830616695,-187.92316013537533,164.751917454499,6,-190.2938627837712,160.6724664591323
-187.19837065991612,163.3957685334636,-193.84080459838805,155.51685751699821,-187.22781800268834,163.31677433266125,6,-189.63694321620653,159.2937734438624
-186.58564592756474,162.07558362406635,-193.18573467500858,154.2126600265959,-186.77938902721633,161.97230057031246,6,-189.0630916494926,158.0299448251592
-185.9741009818522,160.75826548188797,-192.53518455101428,152.91458411921764,-185.78969755945658,160.74983128662035,6,-188.45516317830976,156.76484795680605
-185.35925965056447,159.44034623947735,-191.88185891876174,151.61639015039032,-185.35351826702527,159.3877855629122,6,-187.80310875970954,155.37929676558426
-184.74531965230912,158.12258075581002,-191.23377876038379,150.3245652378965,-184.68906475164198,157.86030094766727,8,-187.2197114678373,154.09524678218864
-184.12848194199992,156.80406751522844,-190.5851361778383,149.02625221607835,-184.07347167940065,156.79828828673507,8,-186.57767441148198,152.7163892184199
-183.51644350057916,155.48612705544699,-189.9335334177146,147.7230449969215,-183.47281468302467,155.373988181826,5,-186.00475771759042,151.44690675521804
-182.90369328577066,154.17058865003767,-189.28188699417106,146.42022438947518,-182.775686128477,154.1511667156133,7,-185.4209887895189,150.1754522285243
-182.2937680301141,152.8504046787389,-188.63470677575262,145.11314813329255,-182.31684110648746,152.81541576714866,7,-184.78966260201912,148.78453762125363
-181.687121146288,151.53476107778624,-187.98968263314447,143.80484810378064,-181.61165305537244,151.584927648887,6,-184.21351670710231,147.5201973965742
-181.0752168749297,150.21013980792833,-187.3518127467567,142.50085239898863,-181.06233688932127,150.27675212215445,6,-183.63757303273914,146.24773828950896
-180.47228218319168,148.89200797702176,-186.71329958726903,141.20227933457835,-180.56767505769045,148.81296073063396,6,-183.01050557285063,144.84698586361924
-179.87174689094005,147.5745529755497,-186.08394071506996,139.90437709164485,-179.80606412146923,147.57554917387495,6,-182.4331519651495,143.57467154092384
-179.28041260850156,146.25774071349298,-185.44366291129117,138.59880810045146,-179.54324055110467,146.2694025645461,6,-181.82397413703188,142.18573879445455
-178.68569856375487,144.93623705028082,-184.8111416210745,137.2994798465528,-178.5007718651187,144.98688503606482,8,-181.23829229612997,140.9213802222577
-178.09728850701293,143.61442011615972,-184.17440555982745,135.9964385716149,-178.1396500130878,143.59574655659617,8,-180.66751374915393,139.6429511831239
-177.50588625965716,142.29132232694155,-183.54476887021852,134.69517926036215,-177.5514196198338,142.27751710569567,6,-180.039310404508,138.24767606838807
-176.90841932887176,140.96018115234384,-182.9205013758665,133.3983080130314,-177.16270511955986,140.91696447946197,6,-179.48848355918759,136.9716909419833
-176.31093337430528,139.6328389144167,-182.28584024357713,132.10282980126019,-176.2112518394255,139.51442282395843,6,-178.90186894629394,135.6826373965533
-175.70716337944106,138.30282912903724,-181.65701129762294,130.81156522046814,-175.60712872385386,138.11351907874706,6,-178.25661753637954,134.2722373240564
-175.10773677880698,136.98493212336777,-181.01281984965127,129.5129365664002,-175.00047350251668,136.97594529212537,6,-177.67078964408017,133.00198443619314
-174.5075868303064,135.6738885273594,-180.3628799598397,128.21508225800602,-174.72890743049226,135.620955571008,6,-177.05519869515447,131.61277736575465
-173.90331487081264,134.36665555759078,-179.70800051987976,126.9279659399246,-173.9744015629429,134.239246674646,6,-176.48643131332219,130.34341972343526
-173.28993353021102,133.06014358573753,-179.03930841384278,125.64036931571019,-173.43448578222032,132.9938446744002,7,-175.9191946037448,129.07442050257725
-172.66741852477628,131.7615247901356,-178.36153709575765,124.36483165286262,-172.91983297601436,131.7495693013087,7,-175.3053037486737,127.6962501416445
-172.03455084200917,130.47221171536688,-177.6767012203068,123.09706890278127,-172.13088201428354,130.4644195195607,7,-174.73397047126213,126.44463456595263
-171.3938343370461,129.1931141160388,-176.97926352397909,121.8410997718628,-171.46006952107345,129.10988861234688,7,-174.15360040929832,125.18384130495788
-170.73838551188285,127.91862869913068,-176.2674057468267,120.58573397222203,-170.71480896680967,127.91706369960217,7,-173.50967589346305,123.81752623712543
-170.07538549295978,126.65520377417057,-175.5416034186672,119.33964911275746,-170.23073002055557,126.75472383110882,7,-172.9293748065617,122.58842275701241
-169.39517644430518,125.39201268443531,-174.80326218707725,118.10825694221917,-169.18928133393786,125.22541178419006,7,-172.26192091750048,121.2272348958418
-168.70098960817492,124.14276458453544,-174.0545154891841,116.8896197259649,-168.63942523952184,124.07672676977083,7,-171.6530249069175,120.00527487609682
-167.9925403495971,122.90571479000575,-173.2798779613126,115.67469686021721,-167.94076058770895,123.03138734334686,7,-171.03154626573763,118.79883440803205
-167.26885696674444,121.67424644125776,-172.49903668929315,114.47651208025482,-167.31991371031975,121.57189376913907,7,-170.36080549287874,117.46628968681819
-166.52862921702862,120.45147938059378,-171.70927430370327,113.29416632969233,-166.5172261265366,120.45355106676435,5,-169.7239704789748,116.27455135481684
-165.7732519512107,119.23841696787467,-170.90522451997919,112.11769982164007,-165.43614925032267,119.3073304165049,5,-169.0432805849252,115.08995863381838
-165.00641284477823,118.03849010610013,-170.0830721859272,110.95072614885659,-164.80820164621113,118.10473364827192,5,-168.31158458458802,113.8006631623132
-164.2217417980028,116.84430253342187,-169.25031210945804,109.79677528238922,-163.96069213213485,116.7950168564958,5,-167.60809684388718,112.63362950941027
-163.4233563522763,115.65215090129402,-168.4032935865415,108.65868736921385,-163.3963546894184,115.53095305456623,6,-166.85919354389293,111.35837448305739
-162.61420185398012,114.47351260107794,-167.54031983863308,107.52741219956641,-162.4567419586494,114.48734209020148,6,-166.13019152503807,110.22590204591069
-161.78900079817225,113.302839638519,-166.671494845066,106.41265844227749,-161.72117051434438,113.21767495395225,4,-165.3884143270467,109.08885133546528
-160.9525368742837,112.14572923141557,-165.79507602188121,105.3099516936686,-161.01877360820677,112.22945860918507,4,-164.5899831598734,107.86563503252358
-160.1052153589723,111.00085097264817,-164.91911427680756,104.21621949067767,-160.09341525617424,111.00780246820153,6,-163.81546539711047,106.76495379876133
-159.2537541181782,109.86509077673414,-164.0101676361103,103.1201220170932,-159.2184595778645,109.86144471350758,6,-163.0150608722793,105.6666479130623
-158.39325029244054,108.73823278853305,-163.12137960611312,102.051649637676,-158.18910813253905,108.77941265645025,6,-162.1294542390713,104.47615944093765
-157.52280095601424,107.62042073844535,-162.2073289633637,100.95806820008316,-157.29065053648108,107.68988737549508,6,-161.2760028366287,103.41340161089619
-156.64948201662713,106.496831214777,-161.2849000382681,99.88102485000468,-156.7447755069108,106.4559278945597,5,-160.42642753972453,102.34357837434152
-155.7675997887159,105.38510718619071,-160.36862691929812,98.80723747292328,-155.68388021402785,105.30717587473613,5,-159.48668697469844,101.17473723767054
-154.8819010233738,104.27745497098597,-159.4386575038583,97.7302111455237,-154.83049689687977,104.33858465202823,5,-158.5896766563737,100.13944585960216
-153.98942218914763,103.16655856562777,-158.50622058428638,96.67044160616159,-153.8081853658888,103.16914589480216,5,-157.6036998240459,99.00157763672706
-153.08138988092534,102.06491888822951,-157.563492281053,95.60551753597694,-153.12884483082607,102.08525529514814,5,-156.68458642094558,97.98274052469117
-152.16475222877622,100.96421275000424,-156.634516858889,94.56367846690303,-152.2220298724381,100.88425062517915,5,-155.7502264904674,96.9574433258222
-151.24319614326987,99.86689849733686,-155.67322459704076,93.49446182731332,-151.03984037788234,99.8185367138894,5,-154.72198077176407,95.84036201938949
-150.32002975950033,98.77315439129558,-154.73620454683143,92.45158899487501,-150.5599793993562,98.73419065671861,5,-153.7941401101585,94.83860820983557
-149.3937325237994,97.68555168589519,-153.77722475152146,91.4005172893825,-149.40421624166964,97.63435441779752,5,-152.83317377686154,93.83229886030463
-148.45682252069963,96.60054375991106,-152.80698488259046,90.34719183604555,-148.58904489483348,96.54922387606094,7,-151.8027245938253,92.72954172996427
-147.51180803070986,95.51592819741889,-151.82560320999238,89.30517401079614,-147.71651261309694,95.73834361100437,7,-150.83768294112812,91.75769857375172
-146.55571168030392,94.44763323506422,-150.8420799251036,88.27061026888649,-146.65646580235045,94.43866174238299,7,-149.7848648162488,90.6719224051816
-145.59368035682812,93.38586471053448,-149.83913294872923,87.23717194316296,-145.33325808301046,93.53809038104478,7,-148.77186806909532,89.70422077596487
-144.62263594415467,92.32698559692338,-148.8341799630428,86.2180278341486,-144.5726260117449,92.22599828605154,5,-147.77011740868602,88.71153001933317
-143.65083561373532,91.28052784369102,-147.81191240765168,85.19729003647447,-143.62891363205526,91.24271186386713,5,-146.6936684724171,87.63213866867437
-142.6683431652735,90.23204739031563,-146.7858817359498,84.18294314819337,-142.47278390626,90.39027359410026,5,-145.67846034246415,86.67218794559366
-141.6787225642147,89.1890337192913,-145.7599970401594,83.16696562205688,-141.657071904191,89.30647335259508,5,-144.6716094937891,85.70326358366525
-140.68990943703406,88.1438890355209,-144.72450375372742,82.14752260679234,-140.19324810486,88.07150339241832,7,-143.54388122736876,84.62506622467534
-139.69491639868644,87.09414740141118,-143.68617640793087,81.12880630092207,-139.75777357543978,87.27772798003231,7,-142.5352643276213,83.66707416422594
-138.70061319188858,86.04556599919317,-142.6512003228814,80.11409801880423,-138.79151673610716,86.00495766180562,7,-141.44256728681933,82.59530435520573
-137.70691355648518,84.99707187873778,-141.6216449672805,79.09637780184397,-137.67481364097102,85.00891663094411,7,-140.4168871731614,81.62471916170911
-136.71154941208957,83.94150326357074,-140.59238324264555,78.07749483079557,-136.563592895188,83.97832727105633,7,-139.37230270967171,80.64781819203284
-135.71239682443516,82.88207464815105,-139.56866613633716,77.05760033311253,-135.72212210189608,82.84288186340477,6,-138.2522361949239,79.56937301268724
-134.71678670949728,81.81406289772406,-138.5461354200417,76.04075837190155,-134.64697126317688,81.99120736597659,6,-137.20647626675523,78.60287121307243
-133.71904423070515,80.7529169101157,-137.52354051883924,75.02265420276815,-133.61060318734357,80.83675118739241,6,-136.14998371964555,77.6188255422066
-132.7164143578148,79.68974665358695,-136.49130338674985,74.00485322131077,-132.5759196103173,79.71470225881588,6,-135.00219467323643,76.5357554112571
-131.71687489859352,78.62914781068093,-135.4606162271767,72.98264613971043,-131.8786377496704,78.58723797399743,6,-133.9710089908612,75.54387452732745
-130.70694384941714,77.56717672194854,-134.42790153087319,71.95320016883525,-130.86285984099342,77.5903321892708,5,-132.93547227672144,74.55042891496585
-129.7005347030277,76.50042546437729,-133.40367852877438,70.9288431160518,-129.3464605735171,76.66803641142378,5,-131.77217315926868,73.47528998615289
-128.69600659121556,75.43764351332551,-132.37901727217957,69.90218753985603,-128.78094475005813,75.30926226370964,5,-130.74138343375208,72.47002108155242
-127.69396403059744,74.37742454701518,-131.34428345918664,68.8647481147865,-127.65132571112076,74.40264284554439,5,-129.6105634070413,71.38321665073069
-126.68721885683706,73.31800616587536,-130.3094872261748,67.82806625621329,-126.65697218668758,73.35528590575925,5,-128.57780110005552,70.39083281507203
-125.67881447108945,72.25046466413825,-129.2724795648874,66.79154863280138,-125.43808315082839,72.30193419607272,5,-127.52523587743538,69.39051383672478
-124.66859775062755,71.18527035386376,-128.24248903671645,65.76229070572626,-124.70064620674421,71.19764545763611,6,-126.40817519766694,68.2936739782117
-123.65549665814959,70.11663565168031,-127.20245959282921,64.72633912518124,-123.33824601296098,70.19963376389931,6,-125.36266741856203,67.29640184360929
-122.6422892629916,69.04913552079992,-126.15541564060644,63.68771491422094,-122.73778806212918,69.01233735878589,6,-124.35044578372664,66.28068755895343
-121.62925488420407,67.98693427201295,-125.10587908601552,62.655401909765764,-121.41279708943428,68.20597905830101,6,-123.2241129038974,65.1922190211932
-120.61154570948122,66.92017871995174,-124.05378763635497,61.62694999267741,-120.57898134495865,66.94038060106662,6,-122.21315404776053,64.18101682945317
-119.59071842781002,65.85725275160631,-122.99824179079468,60.60033031471261,-119.549009596912,65.90214993146631,3,-121.11244701550808,63.07869574697406
-118.56408677077965,64.79492707289879,-121.94262172414213,59.572835312350065,-118.52559156510853,64.77120735631624,3,-120.11076971850086,62.066521440322724
-117.53444765327457,63.733916274606166,-120.88226202560676,58.547578209123486,-117.53762543459267,63.75421679810069,3,-119.10769413135144,61.05206354837666
-116.50599802659384,62.67490937594825,-119.81642834174585,57.51636063267251,-116.47916627307309,62.66147581383505,3,-118.01113187499158,59.94199157680701
-115.47196107224151,61.613581549500545,-118.75623858686464,56.49874808732627,-115.57686272024867,61.50031172310528,3,-117.02041223569904,58.92132409451785
-114.42883441503905,60.54951064366314,-117.68104881408745,55.477767625214256,-114.36774919397263,60.58323733495094,3,-116.00704621122512,57.90766148128194
-113.37949125399098,59.488207497761096,-116.60413275856163,54.45636986278555,-113.30428540813823,59.5653942117143,8,-114.89965452339219,56.80512357836127
-112.32284350198555,58.42753622759658,-115.52544180660645,53.44141124031744,-112.27536657319256,58.52130514947877,8,-113.88755091342546,55.80056892143127
-111.25871683359965,57.36183426818274,-114.44420662241505,52.42130174328248,-111.06534867155008,57.435951535956484,8,-112.76944621168958,54.700463967470974
-110.20117656030328,56.300609922271235,-113.35638977513113,51.39616060626216,-110.32754314743207,56.21732027421042,8,-111.76874678007925,53.68465164567355
-109.14832226618852,55.24146165434064,-112.27382075230103,50.36843301300039,-109.26357288573601,55.320956569967656,8,-110.75577107648468,52.67686296323639
-108.09840071461315,54.176912853091395,-111.18955712484563,49.34251799208012,-108.32243869486062,54.22611725661159,5,-109.65502997093668,51.57316135268062
-107.0444221638013,53.10369785515879,-110.1128747176278,48.31940240848941,-106.9047230117384,53.10470385124397,4,-108.61465005802906,50.561487470536676
-105.98238001157982,52.02306980106005,-109.02379564857472,47.29891516192869,-105.97128361081847,52.19860447914682,4,-107.57514571658581,49.55649353509966
-104.9149362792201,50.96046479670591,-107.94044633569106,46.286091067605035,-104.56287026684582,51.05457248173814,4,-106.4141208843527,48.452581562938384
-103.85993994786858,49.90942002921195,-106.8577369666225,45.26602404222653,-103.79240166973491,49.99124241770466,4,-105.37468199293401,47.44541826205273
-102.81203582747241,48.86072130469588,-105.78218001719142,44.24224750684706,-102.87695563016877,48.77115032268912,6,-104.25483508088277,46.32913217143398
-101.76210131462676,47.799441996188186,-104.69822983350718,43.210416315110656,-101.74353480214042,47.82625861294928,6,-103.22102952897745,45.318981652177385
-100.70769830903551,46.73122753607066,-103.61541853592213,42.182948642470656,-100.83782527003743,46.710263448603634,6,-102.18768391193886,44.29993629659495
-99.65449286749362,45.67089702545194,-102.53169909606483,41.165872045973614,-99.61794392843755,45.69754943068863,6,-101.04304805325481,43.19325629717942
-98.59925982786812,44.61349738675593,-101.4403678725599,40.13851017562674,-98.54863022320417,44.57949059221775,6,-99.99477877616839,42.17878861733147
-97.54748009683306,43.557875649125634,-100.34912290457552,39.11267713669904,-97.58687135215438,43.6450265927207,6,-98.94856019409626,41.16784976010076
-96.48579498613023,42.49723675844727,-99.2602416763771,38.09177318180384,-96.4087944718843,42.66929852530911,6,-97.79683595542869,40.06925581382268
-95.41868763699732,41.43228283068132,-98.17106217453546,37.06562397177222,-95.39793861140882,41.588929141573814,7,-96.74760405654258,39.06566382101055
-94.35214246889194,40.365984648766336,-97.09541162004673,36.048891839249286,-94.21444216168062,40.45077590159878,7,-95.68298421958463,38.04960876267681
-93.29420735398189,39.302663044194524,-96.01431463341575,35.01789223521032,-93.41418130223671,39.4333153416192,7,-94.54486473308562,36.94218145914458
-92.24018952142606,38.23825334429141,-94.94069908698505,33.989572160244,-92.05668733424032,38.337454138334444,4,-93.48192331597798,35.92969060721974
-91.1964559844789,37.17633039076927,-93.85998624603565,32.95382656241676,-91.08346355300618,37.39844811799894,4,-92.32986179442331,34.83179860386842
-90.15174646037529,36.11410628848385,-92.78588697567947,31.925184488924135,-90.04231392713898,36.131325975720195,4,-91.27957911368006,33.81415637431326
-89.1077152172831,35.049772045503,-91.70989711442235,30.893582520515096,-89.09645857323888,35.364788939345864,4,-90.23262102847569,32.81309789697057
-88.0602123316829,33.98491070369957,-90.63210520378446,29.858226902939915,-87.99816835302792,33.99602305810362,4,-89.08670020834947,31.690641297301998
-87.0134999908622,32.92155789050455,-89.5770321896388,28.840903039189687,-87.14037084638404,33.04572167989817,7,-88.06139412888591,30.677675437562367
-85.97007682871251,31.864086800373183,-88.50978772017748,27.808762169532805,-85.92392170139854,31.902082417359708,7,-87.018347464857,29.651667766574825
-84.92018899403124,30.802955522559216,-87.43628702622908,26.771972539069797,-84.66854101307847,30.9012273855048,7,-85.86493749903993,28.536029264351896
-83.87893284756181,29.742992136365903,-86.36656677068254,25.737819297251228,-83.77310584878916,29.675314373979294,7,-84.82887640777126,27.506708152738092
-82.83859478064873,28.681775947570074,-85.2981721697339,24.70420955957325,-82.89158092091706,28.739718570513006,7,-83.71150361103825,26.392967161666466
-81.79945050286629,27.61830479614609,-84.22892332332921,23.671550454522517,-81.66772594795552,27.588635929666026,5,-82.68073130352438,25.3728897344491
-80.7601969447961,26.55635338630215,-83.1738269707955,22.646797718128116,-80.80900457892515,27.03133318761176,5,-81.66143481990503,24.39004443754846
-79.72465338636367,25.490830130494963,-82.11456159517593,21.620983360055277,-79.73407397434431,25.50055125972599,7,-80.54555407759747,23.274295514338462
-78.6843797859996,24.428690799511312,-81.06625361681363,20.59173701941655,-78.71093744306297,24.706086276352117,7,-79.53556069373874,22.280406510522464
-77.65399108643962,23.360338850965558,-79.99526331300707,19.549976558055114,-77.4693044537419,23.438183739581017,7,-78.50356376653617,21.260809043711372
-76.6246112139303,22.29805110783244,-78.96242546460998,18.530597925898462,-76.65740493943888,22.27322670153149,5,-77.39778773719723,20.13865350400337
-75.59815463593465,21.227754285788716,-77.90418009114954,17.49745970293595,-75.5020201315126,21.06724746132487,5,-76.38144061084793,19.105101127683742
-74.56682060151998,20.15485351033185,-76.83549159233482,16.45985093268598,-74.43752370392905,20.168429531208787,5,-75.26642768580365,17.992131122017263
-73.53391998074429,19.088833401560304,-75.78054749673652,15.434755125689817,-73.51276385531862,19.234471510285175,8,-74.26582642242167,16.99219216263163
-72.50378708534404,18.02546986290484,-74.72414053103302,14.40950309322427,-72.45709810350478,18.319608394689247,8,-73.26213729856397,15.997612005102068
-71.45119452818689,16.962170616588644,-73.67227789250174,13.376556149542214,-71.19706587934257,16.745208599567245,8,-72.15145929802509,14.864515341236343
-70.41461421344114,15.888264445770881,-72.62294068334403,12.347786219798,-70.39877280940367,16.117224778714753,5,-71.16101341242442,13.868128611748368
-69.3697438203124,14.813257875448365,-71.55895910869668,11.308978146859351,-69.147009493534,14.646455912117869,5,-70.14280904520575,12.832444554139633
-68.33297021936508,13.743477908980296,-70.51159353901076,10.283221390812374,-68.3799735343348,13.840064411841333,7,-69.05473848226727,11.725456561889697
-67.27358294937495,12.671026219856644,-69.45338436831466,9.252128023889355,-67.22931312608759,12.631688282176729,7,-68.05844024035869,10.706364294940876
-66.22699506808365,11.604337606802734,-68.39221527270075,8.216546334721082,-66.24684759737973,11.579614850470437,5,-66.97569495471636,9.593695527061865
-65.1696168773345,10.531216501634901,-67.34259881692729,7.184704223426139,-65.04467258288251,10.548185235554186,5,-65.97754843563679,8.583403019326164
-64.12856855776451,9.458876055643644,-66.27458897611986,6.139998678859969,-63.980879598248336,9.419174800392646,5,-64.96864644964262,7.561214382233979
-63.08545346621034,8.387544052192553,-65.24384755773109,5.116036695923859,-63.045126834854315,8.474562311995891,5,-63.8743682315489,6.455573299710508
-62.05330388763146,7.313426122938452,-64.18020776010796,4.069549269253519,-61.94825381459404,7.223392936675515,6,-62.868592943541486,5.432668301396682
-61.02230858571984,6.2431641403199,-63.1236843155376,3.0215094362821375,-60.95971131834519,6.602638879078391,5,-61.85738979365437,4.437792303581729
-59.99323581587353,5.17056875946425,-62.065233597762024,1.9785406489384454,-59.87965515954735,5.216107665834005,5,-60.74873274842515,3.3189449491445244
-58.95964706828358,4.090104296433554,-61.01273185400263,0.9322834874681896,-58.77424393242455,4.055943622698917,5,-59.734346519930284,2.291788819799466
-57.92527216835907,3.0061562643234634,-59.9573283253825,-0.10687822051796347,-57.75169173643955,2.940021004796363,5,-58.716940975282526,1.2553546613358637
-56.89497721880337,1.9293109398523072,-58.90917599230195,-1.1454212025729804,-56.83968051095165,1.854576092446547,5,-57.62076168543584,0.12354290315962344
-55.864401197820456,0.852607672334054,-57.866454569051776,-2.1781708216167615,-55.8776524986535,0.7981469894608569,6,-56.63040445272983,-0.905383079724533
-54.842656302717465,-0.2227826354257998,-56.81910145808963,-3.216228665424808,-54.733429403509305,-0.01004687997060817,6,-55.540716641292725,-2.0076744338421033
-53.827245672768164,-1.2983375317070143,-55.76890316962117,-4.256722717081882,-53.75359846264637,-1.4055159805318647,6,-54.552433716797694,-3.0374062682989122
-52.8118106229474,-2.3704091938795986,-54.737974888498634,-5.284330305650563,-52.79327226994112,-2.2859111895928423,6,-53.56423104690647,-4.056193573012148
-51.79657793415807,-3.4447996519266324,-53.70153166224684,-6.317962251752466,-51.64542340998754,-3.4983804625642594,3,-52.47555982336939,-5.181076421373734
-50.79082088881308,-4.51142254545632,-52.66134877129521,-7.354904165891255,-50.91790651521215,-4.4752480272983535,3,-51.50661785208853,-6.19821121239881
-49.78777534158934,-5.579663226084605,-51.62567007076278,-8.391364174917477,-49.81836186651846,-5.693054614896974,5,-50.52352860857592,-7.234524635983807
-48.78820492382493,-6.649935221245858,-50.60659294921576,-9.409992557268351,-48.78283658828191,-6.603629640842897,5,-49.44883205087881,-8.352178157317278
-47.7861650928384,-7.72556377052876,-49.580214964254594,-10.427402905645227,-47.86765517326873,-7.707175779952072,4,-48.478195190020884,-9.371130873333268
-46.775254024372245,-8.812755505805463,-48.55742240261466,-11.440244608121011,-46.77935639452942,-8.767784855136922,4,-47.41379709089223,-10.484603612438995
-45.764195309758556,-9.878386528626198,-47.54526316798508,-12.4435339139924,-45.797589129163434,-9.89741094761663,4,-46.450816308959425,-11.502842299383577
-44.76005244781106,-10.937457255292832,-46.54061225334509,-13.441892933123693,-44.79977748202777,-10.949166968373856,4,-45.486567829410006,-12.526134530114525
-43.771841940105126,-11.97712358944137,-45.52910464961527,-14.440783144989764,-43.97878495579344,-11.85627097198316,4,-44.44981239612153,-13.63367676481703
-42.78799974490611,-13.00547508248854,-44.53856838937956,-15.42299879627076,-42.702159342075866,-13.189464847112761,4,-43.484740275166104,-14.660969523242898
-41.8117852971521,-14.029840022304098,-43.54750082847355,-16.407324257739585,-41.82162867669041,-13.855103776990372,4,-42.525963600504426,-15.659260779633916
-40.84609974354463,-15.048212919735919,-42.573993291270256,-17.387248174286498,-40.767769192571485,-14.915141278310022,4,-41.478194970871904,-16.751900488435123
-39.90264069999173,-16.059450318933113,-41.62516212995121,-18.36339518473695,-39.80318070720029,-16.094055609111727,4,-40.52953962010702,-17.75060672215705
-38.9871204703962,-17.06767525606833,-40.68605238286262,-19.33926566479075,-38.79247367421741,-17.173562637157623,6,-39.4927468387087,-18.848729755408606
-38.08802698242923,-18.072698390768533,-39.76651689341224,-20.304870260119472,-37.98161865024068,-17.72100662607311,6,-38.5615071106063,-19.803958392205878
-37.20323752891415,-19.06893257272925,-38.86172698523017,-21.25155039712698,-37.02673235126015,-19.090512894319552,6,-37.6262116534982,-20.794334904897248
-36.33124207835851,-20.054953599194427,-37.96413151032001,-22.18481447475296,-36.30572256679557,-19.983200623023436,6,-36.62768432015784,-21.87136173124021
-35.47176729997502,-21.017871717975723,-37.08835357556878,-23.10884994364978,-35.28793014735315,-21.072043327895088,4,-35.7260361886205,-22.8498497223252
-34.62699478134988,-21.974560971041257,-36.22667633767936,-24.027836274113337,-34.88484354367173,-21.863170931473096,4,-34.870799153586795,-23.814384917871667
-33.79367814905984,-22.932879509921136,-35.37855487546846,-24.949731503006944,-33.833308011764885,-22.96139509537112,4,-33.923778313398344,-24.882930508563163
-33.004569948924996,-23.876880889367705,-34.55189994984173,-25.851473712710582,-33.04907380492988,-23.283439196059728,4,-33.08401349574856,-25.787503046459438
-32.22628562026073,-24.80693774247281,-33.738083207692014,-26.742130867998235,-32.25803476982752,-24.83298784762023,6,-32.25339774017277,-26.74356954055014
-31.45243460828472,-25.729846518661628,-32.9491043276067,-27.61657505674224,-31.444236506548823,-25.64043798476662,6,-31.35377199883529,-27.78131667101198
-30.688264710167495,-26.630528495505583,-32.178232657323086,-28.46294987444875,-30.66066350774642,-26.628422863918935,6,-30.562511090977736,-28.709478702803125
-29.94406587879881,-27.5023752147871,-31.42683328321401,-29.295220225171256,-29.904494787785513,-27.326861480110576,6,-29.710965407505693,-29.714161140762613
-29.236695064391306,-28.349820034154924,-30.688310548107232,-30.116822580609217,-29.23276957813056,-28.22315538236557,4,-28.975055567267407,-30.607207795138578
-28.552492700422736,-29.18275327730377,-29.97266719860768,-30.915613500197676,-28.632433577004416,-29.256552878407888,4,-28.26458935612054,-31.5113641733607
-27.890128478853796,-29.99919534356165,-29.258129203303398,-31.693871619720984,-27.966855246610226,-29.685197317448644,5,-27.499099211614865,-32.46999282440449
-27.237047220530002,-30.786746858907232,-28.56350851332176,-32.44390421430418,-27.165661945302844,-31.00767374314962,5,-26.828237890655313,-33.34400201436707
-26.605797725731346,-31.538274049519718,-27.89415673657834,-33.15759976336026,-26.584398511166228,-31.55864178065395,7,-26.11781370440984,-34.27919448318171
-25.98880814911655,-32.25543566211497,-27.24394026556634,-33.83644628990451,-26.02483630702371,-32.18967385547587,7,-25.52007059089479,-35.07383509088148
-25.3833683538724,-32.932517431700184,-26.601056699014762,-34.49449479397867,-25.55312336942023,-32.841009863478256,7,-24.955956804661657,-35.8477536490284
-24.782275172294774,-33.58028115396082,-25.97001901879784,-35.102934497483815,-24.79395186500019,-33.518146407928185,7,-24.342367465056437,-36.695295191998156
-24.191575312341683,-34.186686477037455,-25.34712616114474,-35.6772978950036,-24.044197696002204,-34.025742736636666,7,-23.80985499727313,-37.392500258148424
-23.607175128888876,-34.75657123993678,-24.73315935274069,-36.22289387394503,-23.672527518268318,-34.77188586469558,5,-23.31546915024664,-38.075078199704336
-23.02872104902776,-35.293477020425414,-24.124122280283142,-36.72422580407788,-23.06062275874001,-35.15690565232758,5,-22.788768354507514,-38.8018513994051
-22.45596327868149,-35.79366069218299,-23.518432597364004,-37.17321945124848,-22.35289141368564,-35.66076574956996,5,-22.32759475251432,-39.37912842813595
-21.876906090037096,-36.24536287836443,-22.9159561652255,-37.57778997850395,-21.97917585763188,-36.34394814775437,5,-21.855006665594182,-40.020774221178414
-21.29878550486705,-36.653374857054175,-22.32960134237238,-37.94116041786108,-21.539327317143414,-36.82267664478318,3,-21.461475000270397,-40.51416762987507
-20.731648955115254,-37.02148465098631,-21.74126607389036,-38.27322239810352,-20.782289862554634,-37.10240751780218,3,-21.030266460386418,-41.037028801262224
-20.173896603674734,-37.35117486265468,-21.15935535175785,-38.56630832089608,-20.25405773337764,-37.200213738958055,3,-20.654771455847364,-41.39541939165684
-19.62540665659021,-37.6410609717438,-20.5805086291237,-38.81919639505572,-19.664711977320486,-37.28724694153747,3,-20.279181216178117,-41.69809273218998
-19.075700196904336,-37.88606584563223,-19.99448593587001,-39.04026516405029,-18.97914163168093,-37.88214091413895,6,-19.86866083205726,-42.059710101401706
-18.51884055804774,-38.10511665004128,-19.410703027042313,-39.23228630373104,-18.448417095579796,-38.0878645140757,6,-19.4926622313399,-42.28196383999611
-17.96078736931677,-38.28902473950295,-18.827384477269682,-39.39363610655482,-18.015686325697146,-38.28577568832678,6,-19.102018073085127,-42.520494452545165
-17.40110944490784,-38.447029794290664,-18.247946306598852,-39.5216476362758,-17.243713796580227,-38.3526195588842,6,-18.708813831061985,-42.62324644563724
-16.844016247693318,-38.56628108162212,-17.67114842608474,-39.61265280750576,-16.949781909683043,-38.62146704818616,6,-18.32648393973946,-42.696277050854626
-16.28489434830198,-38.649019300890956,-17.09887239709883,-39.66944217171556,-16.190248458308876,-38.571478311683755,4,-17.901221603067007,-42.765879104233086
-15.739150216890659,-38.687856566465804,-16.53651490364684,-39.68546819238477,-15.790211354713177,-38.5458967918489,4,-17.500662922142258,-42.724064268564995
-15.197121985715368,-38.68865079657302,-15.983129302231363,-39.660916580927804,-15.21606679867662,-38.71921813423458,4,-17.081304983713625,-42.70152092988244
-14.66307209669461,-38.66703572933048,-15.44392599209239,-39.60579448332906,-14.741494987482236,-38.635967163728196,4,-16.676469936896495,-42.5835643392719
-14.13935058454846,-38.61962658139352,-14.913105217426319,-39.526342533429435,-14.181165095462308,-38.59823089439639,4,-16.250166349954103,-42.46883629152724
-13.639282386372443,-38.538543441715184,-14.390377076783981,-39.4158842991679,-13.796264322838987,-38.79592720221779,4,-15.837760357241224,-42.30022911458575
-13.141843090479266,-38.435665288684014,-13.877464453440203,-39.27402854991628,-13.088185200260193,-38.46056591439044,4,-15.40286786616666,-42.08346087047255
-12.65281486203572,-38.29520446550019,-13.377288393610458,-39.09776382522067,-12.637268854858247,-38.343166241797505,4,-14.960320081237647,-41.85871656035689
-12.17528946459865,-38.133871687557495,-12.886704260170756,-38.89027010861515,-12.066371591765114,-37.93259817084059,5,-14.51727623072738,-41.55159061627447
-11.70248684008463,-37.94699240141503,-12.407197637736985,-38.65433030420984,-11.58399664359225,-37.81900302501021,5,-14.064030570521282,-41.23585408833435
-11.240984381082697,-37.74114324875187,-11.949754154298093,-38.387328430206814,-11.247641708725672,-37.834438492721354,5,-13.62842406037978,-40.89029980334293
-10.789538048210174,-37.51009677771873,-11.506389866453633,-38.09096062013258,-10.849412181060202,-37.38462844124512,5,-13.198673442416014,-40.50133144338211
-10.345256733668876,-37.23977371282223,-11.070201581533404,-37.76887436861185,-10.425520006068751,-36.993888566176224,5,-12.766593549452553,-40.07623152571633
-9.91521023356935,-36.94722620929715,-10.64656375032254,-37.41954399803545,-9.824132672162557,-36.95029829750087,4,-12.33201861452873,-39.63926827331769
-9.49307471201314,-36.62536512970798,-10.237410034833493,-37.0435508204518,-9.73770938994194,-36.66454140462753,4,-11.930295336080983,-39.17975244958766
-9.082095735613926,-36.278854031525604,-9.844879646278407,-36.64057965090755,-9.132417715963557,-36.19383523336995,4,-11.511646505208455,-38.67307195890119
-8.686235677606227,-35.904853118953994,-9.468904096074024,-36.2137557817533,-8.646920230812428,-38.16125401910636,4,-11.09923593017801,-38.33791208226872
-8.29874844776342,-35.50996538270336,-9.114289833304664,-35.76009049897249,-8.231421137196978,-35.154220398738175,6,-10.68860439550142,-37.73617140479218
-7.9259558654077855,-35.094031577100026,-8.781388858800906,-35.27898289619203,-7.982853275618514,-34.8828456217554,6,-10.303685688858785,-37.14299234092392
-7.573390222423806,-34.65317757395133,-8.471793941048766,-34.77534030995788,-7.744174003411828,-34.62460151970973,6,-9.94140353068433,-36.54598310494658
-7.239443749272169,-34.18168887501826,-8.18396449383101,-34.2498717676311,-7.141819533079334,-33.81907764170152,6,-9.568765578218589,-35.87215787791957
-6.9269843340151835,-33.68883578425903,-7.918173494389702,-33.706185672350664,-6.967025907038484,-33.82498296678094,4,-9.228514018651786,-35.25099708781702
-6.63168308633188,-33.17411458393982,-7.672259326264814,-33.135371209359576,-6.693723932816605,-33.02213046627485,4,-8.907373255093503,-34.58706322488554
-6.3530756930948105,-32.632933258950644,-7.446904025898588,-32.5397558021718,-6.2804845916533525,-32.5587932582716,4,-8.58954299796952,-33.87195450244684
-6.0951040328596,-32.07622372168676,-7.238960367415022,-31.92889309608978,-5.9332402473318595,-32.163420723458884,4,-8.283745398233462,-33.19467834178682
-5.8552469810802155,-31.495588871113775,-7.050675211606677,-31.30656632342026,-5.808380676855054,-31.20024841537956,4,-8.006125304909789,-32.42485276253833
-5.63346551260282,-30.901638422866633,-6.876102325904346,-30.66481277680573,-5.745437610788018,-30.945756463141254,5,-7.75822006990864,-31.718888893259116
-5.431612427892629,-30.279187767982677,-6.724061508798019,-30.011014512206234,-5.495743181011094,-29.965782380091316,5,-7.522234941931103,-30.969736782565818
-5.245590435085305,-29.64581239086058,-6.583513577298349,-29.336349499986564,-5.171389543554617,-29.55456092980263,5,-7.292244734621939,-30.17419928848313
-5.075325727734763,-28.995521820337235,-6.447817738986646,-28.649430169875643,-5.183504066777513,-28.981164259953314,5,-7.091084915464155,-29.43156113385028
-4.909942690617186,-28.335627000980242,-6.325242366535599,-27.953162415569476,-4.830974444586966,-28.257824004771013,5,-6.885757515998668,-28.67229315458638
-4.756206777119407,-27.659257761401406,-6.2118663024938945,-27.236971914206368,-4.80539177559913,-27.420066582171096,6,-6.700784660019392,-27.829741051598013
-4.62223610612506,-26.96706067702286,-6.110964264457155,-26.511936336457634,-4.573053734892831,-26.488889623134906,6,-6.515063392753567,-27.02516605757418
-4.4937317265436905,-26.262235850575372,-6.016338423855291,-25.771187990283682,-4.448732918844312,-26.302810245143274,6,-6.340077223127707,-26.25358437425285
-4.3687422130540785,-25.544888427607532,-5.9233424823970715,-25.016169066616158,-4.330152630389863,-25.364271479766927,6,-6.17344815227925,-25.38809770436237
-4.243561755302283,-24.82132648243882,-5.838932823849623,-24.259631815370188,-4.155217533019127,-24.782645921267616,6,-6.005661062543453,-24.599574232732422
-4.1229704479346125,-24.08285474728034,-5.7535065932434915,-23.483593767679746,-4.05062102806248,-24.17920103073426,5,-5.842888076663545,-23.744519304581065
-3.9997434900487985,-23.336373824529275,-5.661151511863829,-22.705399220022972,-4.042034412584803,-23.372214239511095,5,-5.69115142378753,-22.952137333637456
-3.8761446302765092,-22.579158818248022,-5.564802219025724,-21.91652678329051,-3.8505960939982264,-22.430647439776454,5,-5.532624995761633,-22.1350989349495
-3.745824308609267,-21.81936381488136,-5.473675266688172,-21.117519542163578,-3.66975685921954,-21.792207195927986,5,-5.363043432972705,-21.249746567106175
-3.621692291653162,-21.046298871472757,-5.387747619005079,-20.30530008925921,-3.5190666854521964,-20.900550347386606,5,-5.191969275064727,-20.429076393144708
-3.503610646552093,-20.261706894676088,-5.297554590194309,-19.485314020073595,-3.449967681996357,-20.176936018131727,5,-5.02654392417081,-19.604793633251425
-3.3877306142252634,-19.466229485206412,-5.195580173614045,-18.654894821228243,-3.3602597168804222,-19.613980038736642,4,-4.8577942719743685,-18.715711573378165
-3.2618633874011516,-18.66208733817511,-5.099142891408303,-17.812309665713457,-3.2773075354678247,-18.485021667134337,4,-4.696709709527144,-17.875826975088746
-3.1373321753260055,-17.849218572025695,-5.007887322829055,-16.96250283109714,-3.1764321092099324,-17.822975506351963,4,-4.536826100715774,-17.039257502273255
-3.017751393403067,-17.02706009750968,-4.920539100196944,-16.10712984552359,-2.980003730713329,-16.95605126202033,4,-4.36518870622011,-16.11352661070854
-2.894753017955944,-16.19130689571726,-4.833372233096266,-15.2395201225017,-2.748655861727336,-16.30042472152691,4,-4.19728249781266,-15.282198558163623
-2.7727603906418867,-15.3464084847541,-4.746448046185813,-14.358429447040939,-2.7664732989715866,-15.138864235610843,4,-4.034604938526424,-14.335668019222059
-2.6493829451964053,-14.496638500607405,-4.666154605464792,-13.476519603144189,-2.767410613557365,-14.329850449272431,4,-3.89516170404693,-13.47603836546102
-2.5328472230035852,-13.64052021454763,-4.586708541231238,-12.595544217296386,-2.3776954942458635,-13.62449270393037,7,-3.737706296938264,-12.623045792008613
-2.4165519339628703,-12.790762608020332,-4.507756764940256,-11.726507686867597,-2.503640237678823,-12.763432124846226,7,-3.593760182122299,-11.690230542823706
-2.310481156722899,-11.946572827498102,-4.4306596628752315,-10.863690165177724,-2.176628546616137,-11.915728842522766,7,-3.4470449717741287,-10.85374376820948
-2.2015108392137255,-11.112115703934677,-4.353564453801495,-10.00834186085598,-2.1348700237076885,-10.887734285955878,7,-3.310783663900328,-10.007487451972608
-2.093451279846997,-10.281025891449577,-4.278155227402412,-9.161705508469465,-2.090407662827745,-10.200061562088722,7,-3.17222106064622,-9.103961539640082
-1.9850084255662117,-9.459452040500803,-4.20236450125718,-8.326639571495106,-1.9985598981661175,-9.366752797609314,7,-3.0498520507042635,-8.297177292114183
-1.8780317514464373,-8.645123886294794,-4.1273840086595515,-7.504170524024188,-1.7783384374982487,-8.380316823364288,7,-2.9098676500261917,-7.409470304675764
-1.7662913636537136,-7.841994728195758,-4.051449412668537,-6.6963870004068635,-1.7972333572056793,-7.742748327678295,5,-2.79603939487171,-6.63342077698087
-1.6572985521002965,-7.04943752775022,-3.972955106931648,-5.901591748186473,-1.847584425438803,-7.0821643205650044,5,-2.6956328579953475,-5.876035322478327
-1.5420835933717232,-6.267465877369481,-3.888950456210841,-5.117691834102578,-1.4345304656159772,-6.251270250088247,5,-2.5580714866481102,-5.051817704410397
-1.4130492075558614,-5.499568183946762,-3.8022619985584867,-4.342358773310722,-1.4490786162240048,-5.493376383340317,5,-2.443700159084801,-4.3208516136539235
-1.2697769381754465,-4.7434183206520935,-3.7212985870658617,-3.568729676704427,-1.379515353199104,-4.675256052965603,5,-2.330173400094043,-3.590663097176323
-1.1358689891321392,-3.9894487787008055,-3.638546943818851,-2.8012457346614337,-1.304701856484286,-4.006237433093419,7,-2.2048607937174927,-2.804671191334564
-1.0017513927102135,-3.238464850412935,-3.5586229059208128,-2.04394146512389,-0.7868270539124051,-3.281132689247888,7,-2.0636758265649364,-2.1040090313152238
-0.8672991578493656,-2.4978778926458562,-3.4695062469212967,-1.3050331435056257,-0.9727500083756264,-2.5178919471622248,7,-1.9367260884029067,-1.3394195631510555
-0.7281474989529182,-1.772883799201272,-3.373720232189248,-0.57504772019632,-0.747231168175453,-1.8185414179760289,7,-1.8160194164008296,-0.6604063128311488
-0.5846044470749717,-1.0596217148909257,-3.275032909954498,0.14664814006970517,-0.36643733015510305,-1.1417119289441466,5,-1.673353775703203,0.010540341011026952
-0.43613405826412827,-0.3497033808406482,-3.180496968663276,0.8713012579069759,-0.4121825742859168,-0.24855469185992835,5,-1.5307763988535934,0.7549044939843332
-0.2960035368587809,0.3589461571056912,-3.0800805348175815,1.5821683149441927,-0.3101827260668334,0.3683207524535272,5,-1.4066963480533556,1.4150834961070053
-0.15533201647954764,1.0592484567265918,-2.969778083352718,2.284716707204387,-0.12851069324716405,1.107088330489313,5,-1.2783898120817896,2.0775057397826044
-0.00399310480886117,1.7527783608478575,-2.853348792214373,2.9828924123689537,-0.010917525939542299,1.6897493133421435,5,-1.135230703864144,2.7888564935873323
0.15654698651154964,2.434127397260635,-2.72841212130776,3.676399158870011,0.2778460351863981,2.538171670624026,5,-0.9929729408546062,3.4418424004308346
0.3312451526230755,3.1114964775164777,-2.600972740893179,4.3768143702654605,0.29545445784508373,3.460530367413707,5,-0.8424307480675234,4.175451393686805
0.5103377214527806,3.7945119064117607,-2.46228944249117,5.0762475680353365,0.5640907798906677,3.885336807619155,5,-0.6962847992087229,4.821549319577034
0.7018193840004178,4.481126176811491,-2.3120127661403993,5.780822798756964,0.625595568826752,4.462130783356096,5,-0.5511925686904935,5.467951096055967
0.8952863845229265,5.172558626191108,-2.1500393611693807,6.481545183901069,0.8626880013416162,5.113855534883485,5,-0.37472947293010056,6.179973180413759
1.106909416102103,5.862985551707031,-1.9835337116650178,7.187839454543939,0.9081740728591446,6.380098347565483,5,-0.21943084365318044,6.877668803427812
1.3225614293613523,6.549862914166946,-1.8013734543050939,7.883876617553506,1.2542737799424635,6.463159840632162,5,-0.041261637729621575,7.53072193893124
1.5499162892706613,7.23437357888538,-1.6155876871449935,8.582661974545024,1.5733619139377901,7.284165470750171,5,0.1740375644792197,8.261099142513332
1.7761726927562622,7.917848270718579,-1.4225734572343403,9.283267292526482,1.8653105694205434,8.0956999958258,5,0.38285596581194936,8.936091973487766
2.0052143175160353,8.60377677710366,-1.4225734572343403,9.283267292526482,1.9187246360505796,8.708343611236433,5,0.7674098101610914,9.643225149203065
2.2399525390748556,9.29690824154522,-1.4225734572343403,9.283267292526482,2.2734851748178797,9.39159165928593,5,1.1522137836901427,10.276438598353165
